field_1,field_2,field_3,field_4,field_5,field_6,field_7,field_8,field_9,field_10,field_11,field_12,field_13,field_14,field_15,field_16,field_17,field_18,field_19,field_20,field_21,field_22,field_23,field_24,geom,123
KEN-TRK-003,KEN-TRK-003,Turkana,Turkana South Sub-County,1/1/2004,12/31/2024,"Turkana South Sub-County is a major conflict hotspot in the Turkana-Pokot resource conflict, with frequent cattle raids and killings over water and pasture access.",Water-Land,Pastoralist Conflict - Turkana-Pokot,Turkana Community; West Pokot Community; Kenya National Police; Kenya Army,"Turkana South Sub-County, along with Loima, forms the core of the Turkana-Pokot conflict zone along the Turkana-West Pokot county border. SCCRR's briefing paper identifies Turkana South as one of the primary 'hot spots' of the conflict. The borderline ho",ACCORD; SCCRR; Nation Media,https://www.accord.org.za/ajcr-issues/pastoral-conflict-in-kenya/,Academic; NGO; News,1.3,35.6,150+,8000+,Active Security Deployment,Ongoing,"Turkana South, Pokot, pastoralist, water conflict, pasture, cattle raid, ACCORD, security forces",Yes,0.88,ACCORD and SCCRR cited directly.,,
KEN-TRK-007,KEN-TRK-007,Turkana,Turkana North - Lake Turkana Shore,1/1/2004,12/31/2024,Turkana fishing communities at Lake Turkana's shores faced competition and violent confrontations with Ethiopian tribes following the lake's retreat and resulting overlap of fishing territories.,Water-Land,Fish Resource Conflict - Cross-Community,Turkana Fishing Communities; Dassanech (Ethiopia); Nyangatom (Ethiopia); Mursi (Ethiopia); Kenya Fisheries Department,"Lake Turkana, Kenya's largest lake, is a critical resource for Turkana fishing communities. The lake has steadily shrunk over 40 years due to increased evaporation from higher temperatures and reduced Omo River flow caused by Ethiopian dam projects (nota",Yale Environment 360; Wikipedia; UNHCR,https://e360.yale.edu/features/when_the_water_ends_africas_climate_conflicts,Academic; News; International Organization,3.583,36.117,50+,3000+,Active - Cross-Border Security Issue,Ongoing,"Lake Turkana, fishing, Dassanech, Nyangatom, cross-border, Omo River, dam, climate change, fish resource",Yes,0.88,Multiple authoritative academic and international sources.,,
KEN-TRK-014,KEN-TRK-014,Turkana,Turkana North - Ileret Area,1/1/2009,12/31/2020,Turkana herders in Ileret area repeatedly clashed with Daasanach from Ethiopia over scarce water points and grazing areas near the Kenya-Ethiopia border.,Water-Land,Cross-Border Pasture-Water Conflict - Daasanach,Turkana Herders; Daasanach Community; Ethiopian Bandits; Kenya-Ethiopia Border Police,The Ileret area in Turkana North on the Kenya-Ethiopia border near Lake Turkana has been the site of repeated cross-border conflicts. The Frontiers Environmental Science paper (2022) documented a specific incident: Ethiopian bandits attacked the border v,Frontiers Environmental Science; Wikipedia; Daily Nation,https://www.frontiersin.org/journals/environmental-science/articles/10.3389/fenvs.2022.863903/full,Academic; News,4.3115,36.2271,25+,500+,Active - Cross-Border Security,Ongoing,"Ileret, Daasanach, Turkana North, cross-border, water point, Ethiopia-Kenya, cattle raid, ambush",Yes,0.87,Frontiers paper directly cited.,,
KEN-MCK-018,KEN-MCK-018,Machakos,Konza Technopolis - Stony Athi River,1/1/2015,12/31/2024,"Construction and development of Konza Technopolis 'Silicon Savannah' required large water volumes, creating conflicts with local pastoral and farming communities over Stony Athi River water access rights.",Water-Land,Mega-Project Water Rights Conflict,Konza Technopolis Development Authority (KoTDA); Local Communities; WRMA; Machakos County,"Konza Technopolis, Kenya's planned smart city 60 km south of Nairobi in Machakos County, required significant water supply infrastructure. The development planned to abstract water from the Stony Athi River (a tributary of the Athi River). Local communit",KoTDA; WRMA; Nation Media; NLC,https://konza.go.ke,Government; Regulatory; Print/Online News,-1.689,37.185,0,Unknown,Active - WRMA Water Allocation Review,Ongoing,"Konza Technopolis, Stony Athi River, water rights, KoTDA, WRMA, pastoral, Maasai, Kamba, Machakos",Yes,0.8,Multiple government sources cited.,,
KEN-MCK-019,KEN-MCK-019,Machakos,Masinga Dam Catchment,1/1/2008,12/31/2024,"Communities settled in the Masinga Dam catchment area in Machakos County's northern sector reduced catchment integrity through farming, deforestation, and borehole drilling, creating conflicts with KenGen over water supply for the dam.",Water-Land,Dam Catchment Settlement Conflict,Masinga Dam Catchment Communities; KenGen; WRMA; Machakos County Government,"Masinga Dam, the largest dam in East and Central Africa, stores water in a reservoir spanning parts of Machakos and Meru counties. The dam is managed by KenGen for hydroelectric power generation. Communities that settled in the dam's catchment area over",KenGen; WRMA; NLC; Nation Media; Machakos County,https://kenyalaw.org,Government; Regulatory; Court,-0.7,37.75,0,Unknown,Administrative - Catchment Management Negotiations,Ongoing,"Masinga Dam, catchment, KenGen, siltation, community land, Machakos, hydroelectric, WRMA, NLC",Yes,0.8,Referenced in KenGen and WRMA catchment management documentation.,,
KEN-TRK-023,KEN-TRK-023,Turkana,Turkana Basin - Lake Turkana Wind Power,1/1/2011,12/31/2024,"Africa's largest wind farm on the shores of Lake Turkana required acquisition of 162,000 acres of land in the Marsabit-Turkana border area, displacing pastoralists who had used the land for centuries.",Water-Land,Wind Farm - Pastoralist Land Conflict,Lake Turkana Wind Power Consortium; Turkana Pastoralists; NLC; Marsabit and Turkana Counties,"The Lake Turkana Wind Power (LTWP) project, the largest wind power project in Africa with 365 turbines and 310 MW capacity, was developed on the Loiyangalani plateau near Lake Turkana. The project required land acquisition of approximately 162,000 acres",NLC; Nation Media; Business Daily Africa; Academic Literature,https://nlc.go.ke,Regulatory; Government; Print/Online News,2.3,36.9,2,5000+,Active Compensation Dispute,Partially Resolved,"LTWP, Lake Turkana Wind Power, pastoralist displacement, land acquisition, Loiyangalani, NLC, grazing",Yes,0.85,NLC and media sources directly cited.,,
KEN-KBU-019,KEN-KBU-019,Kiambu,Kiambu County - Ndakaini Dam Catchment,1/1/2010,12/31/2024,"Ndakaini Dam (Thika Dam), the main water reservoir for Nairobi, has faced encroachment and catchment degradation from farming communities, creating conflicts between NCWSC and communities over land use restrictions.",Water-Land,Dam Catchment Land Use Conflict,Nairobi City Water and Sewerage Company; Ndakaini Catchment Communities; Murang'a County; WRMA,"Ndakaini Dam (also known as Thika Dam) in Murang'a County (bordering Kiambu) is the main water reservoir supplying Nairobi with approximately 80% of its treated water supply. Since 2010, documented conflicts arose between Nairobi City Water and Sewerage",NCWSC; WRMA; NLC; Nation Media,https://waterservices.go.ke,Government; Regulatory; Print/Online News,-0.816,36.783,0,Unknown,Active - Buffer Zone Negotiation,Ongoing,"Ndakaini Dam, Thika Dam, catchment, NCWSC, Nairobi water supply, siltation, farming, buffer zone",Yes,0.85,Multiple government sources cited. Critical Nairobi water security issue.,,
KEN-TRK-025,KEN-TRK-025,Turkana,Turkana County - Gibe III Dam Impact,1/1/2010,12/31/2024,"Ethiopia's Gibe III Dam on the Omo River reduced water flows into Lake Turkana by up to 70%, dramatically affecting Turkana fishing and pastoral communities' water access and livelihoods.",Water-Land,Gibe III Dam - Downstream Rights Violation,Turkana Fishing Communities; Ethiopian Government; Kenyan Government; UNHCR; International Rivers NGO,"Ethiopia's Gibe III hydroelectric dam, completed in 2015, dramatically altered the flow regime of the Omo River, which provides 90% of Lake Turkana's inflow. International Rivers NGO and academic researchers documented reductions in seasonal flooding tha",International Rivers; Yale E360; Wikipedia; UNHCR,https://e360.yale.edu/features/when_the_water_ends_africas_climate_conflicts,Academic; News; NGO; International Organization,6.8482,37.3018,0,30000+,Active - Transboundary Diplomatic Issue,Ongoing,"Gibe III, Omo River, Lake Turkana, fishing, Ethiopian dam, transboundary water rights, downstream impact",Yes,0.9,Multiple authoritative sources directly cited. High confidence.,,
KEN-KBU-023,KEN-KBU-023,Kiambu,Thika - Maragua River,1/1/2013,12/31/2022,"Smallholder farmers in the Thika-Maragua border zone competed with urban Thika for water abstraction rights from the Maragua River, a tributary of the Tana River, during dry seasons.",Water-Land,River Water Abstraction Conflict,Maragua River Smallholder Irrigation Farmers; Murang'a County; Thika Municipality; WRMA,The Maragua River flows from the Aberdare Range through Murang'a County into the Tana River. Its lower reaches near Thika provide water for both Thika town's municipal supply and smallholder irrigation schemes in the Thika-Maragua corridor in Kiambu Coun,WRMA; Nation Media; Tana Water Services Board,https://wrma.go.ke,Regulatory; Government,-0.783,37.1,0,0,WRMA Mediation - Water Allocation Orders,Partially Resolved,"Maragua River, Thika, water abstraction, smallholder, municipal supply, WRMA, Tana River, dry season",Yes,0.76,Referenced in WRMA Tana Basin records.,,
KEN-MCK-024,KEN-MCK-024,Machakos,Mutomo - Nzambani,1/1/2017,12/31/2024,"A commercial borehole drilled for a hotel in Nzambani area of Mutomo depleted the aquifer feeding several community boreholes, triggering community protests and WRMA enforcement.",Water-Land,Borehole - Groundwater Depletion Conflict,Nzambani Community Borehole Users; Commercial Borehole Operators; Machakos County; WRMA,"In 2017, a hotel under construction in Nzambani, Mutomo Sub-County of Machakos County drilled a deep commercial borehole for its water supply. Within months, community members reported significant yield decline in three existing community boreholes. A hy",WRMA; Machakos County; Standard Media,https://wrma.go.ke,Regulatory; County Government,-1.55,38.1,0,0,WRMA Enforcement Notice,Partially Resolved,"Nzambani, Mutomo, borehole, groundwater, hotel, aquifer depletion, community, WRMA, Machakos",Yes,0.71,Referenced in WRMA Athi Basin groundwater records.,,
KEN-MCK-025,KEN-MCK-025,Machakos,Makueni Border - Nol Turesh Pipeline,1/1/2017,12/31/2024,"The Nol Turesh pipeline, drawing water from Mt. Kilimanjaro in Kajiado County, serves Machakos and Makueni counties. Kajiado accused Machakos of sidelining the Maasai community in water access despite the dam being in Kajiado.",Water-Land,Inter-County Water Pipeline Conflict,Kajiado County; Machakos County; Makueni County; Maasai Community; WRMA; Ministry of Water,"The Nol Turesh (also Nolturesh) River dam at the foot of Mt. Kilimanjaro in Kajiado County provides water through a pipeline to Machakos and Makueni counties, as well as parts of Kajiado itself. Academic research by Githaiga and Muchiri (2017) documented",Academic Study (Githaiga & Muchiri 2017); Journal of CMSD; Nation Media,https://journalofcmsd.net/wp-content/uploads/2022/06/Managing-Water-Scarcity-in-Kajiado-County.pdf,Academic; Print/Online News,-2.65,37.48,0,0,Administrative - WRMA Inter-County Arbitration,Ongoing,"Nol Turesh, Kajiado, Machakos, Makueni, Maasai, inter-county, water pipeline, Mt Kilimanjaro, vandalism, WRMA",Yes,0.87,Academic study directly cited.,,
KEN-TRK-028,KEN-TRK-028,Turkana,Lomelo - Turkana North,1/1/2021,12/31/2021,"A group of approximately 50 armed Pokot militia ambushed a civilian police truck near Lomelo village in Turkana North, 25 miles northwest of Kapedo. A 13-year-old boy was among those on the truck.",Water-Land,Civilian Ambush - Pastoral Water Conflict,Pokot Militia; Turkana Civilians; Kenya Police,"The New Lines Magazine published a detailed report (November 2023) on the conflict in northern Kenya. In one documented incident near Lomelo village, 25 miles northwest of Kapedo, a swarm of nearly 50 armed Pokot militia ambushed a militarized police tru",New Lines Magazine,https://newlinesmag.com/reportage/northern-kenyas-unending-battle-with-banditry-and-cattle-rustling/,Investigative Journalism,1.215,36,Unknown,Unknown,Criminal Investigation - Police,Unresolved,"Lomelo, Pokot militia, ambush, Turkana North, civilian truck, armed attack, 50 militia, 13-year-old",Yes,0.88,New Lines Magazine directly cited.,,
KEN-KBU-028,KEN-KBU-028,Kiambu,Thika - Sagana Road Corridor,1/1/2013,12/31/2022,"Farmers along the Sagana Road corridor in Thika built unauthorized diversion structures on seasonal rivers, reducing water flows used by downstream communities and creating conflicts arbitrated by WRMA.",Water-Land,Seasonal River - Agricultural Diversion Conflict,Sagana Road Farmers; Thika Municipality; WRMA; Tana Water Services Board,"The Sagana Road corridor in Thika, Kiambu County passes through productive agricultural land irrigated by seasonal rivers originating in the Aberdare Range. From 2013, WRMA documented that multiple farmers had constructed unauthorized diversion weirs and",WRMA; Tana Water Services Board; Standard Media,https://wrma.go.ke,Regulatory; Government,-1.033,37.066,0,0,WRMA Enforcement - Structure Removal Orders,Partially Resolved,"Sagana Road, Thika, seasonal river, irrigation diversion, WRMA, Tana Water Services, unauthorized structure, Kiambu",Yes,0.73,Referenced in WRMA Tana Basin enforcement records.,,
KEN-KBU-030,KEN-KBU-030,Kiambu,Kiambu - Northern Collector Tunnel,1/1/2013,12/31/2024,"The Northern Collector Tunnel project, diverting water from Mount Kenya forests to supplement Nairobi's supply, required land acquisition across Kiambu that generated community conflicts over compensation and water rights.",Water-Land,Water Tunnel - Land Acquisition Conflict,Northern Collector Tunnel Project; Murang'a Community; Kiambu Community; NLC; Nairobi City Water,"The Northern Collector Tunnel (NCT) is a major water infrastructure project diverting water from Mount Kenya forest streams through a tunnel to supplement Nairobi's water supply system. The project was developed in phases from 2013, with Phase 1 tunnelli",Huduma Global; NLC; NCWSC; Nation Media,https://hudumaglobal.com/blog/water-sanitation-kenya-crisis-solutions-water-rights,Government; Regulatory; Print/Online News,-0.7,36.85,0,Unknown,Active - NLC Compensation Review,Ongoing,"Northern Collector Tunnel, Mount Kenya, Kiambu, Murang'a, water diversion, NLC, compulsory acquisition, NCWSC",Yes,0.82,Huduma Global and NLC cited.,,
KEN-TRK-038,KEN-TRK-038,Turkana,Turkana East - Baragoi-Turkana Corridor,11/13/2012,12/31/2024,The November 2012 Baragoi Massacre -” in which Samburu warriors killed over 40 Kenyan police officers responding to a Turkana-Samburu cattle raid -” marked a peak of violence in the contested water-pasture corridor.,Water-Land,Cross-County Pastoral Conflict - Samburu-Turkana,Turkana Warriors; Samburu Warriors; Kenya Police; Kenya Army,"The ACCORD study 'From Cattle Raids to Violence: A Processual Analysis of the Baragoi Massacre in Northern Kenya' documented that in November 2012, a sequence of inter-communal cattle raids between Samburu and Turkana escalated catastrophically. Turkana",ACCORD; Nation Media; Kenya Human Rights Commission,https://www.accord.org.za/conflict-trends/from-cattle-raids-to-violence-a-processual-analysis-of-the-baragoi-massacre-in-northern-kenya/,Academic; Print/Online News; NGO,1.7864,36.7901,42+,5000+,Post-Incident Investigation,Partially Resolved,"Baragoi Massacre, Samburu, Turkana, 2012, cattle raid, police killed, Operation Rudisha Ngombe, ACCORD",Yes,0.93,ACCORD directly cited. High-profile documented incident.,,
KEN-TRK-039,KEN-TRK-039,Turkana,Turkana North - Todonyang Borderlands,1/1/2010,12/31/2024,Ambiguity in the boundary between Turkana and Marsabit counties in the Lake Turkana northern region created conflicts between fishing communities from each county over fishing territories on the lake.,Water-Land,Intra-Kenya Cross-County Fishing Conflict,Turkana Fishers; Marsabit County Fishers; Kenya Fisheries Service; County Boundary Commission,The boundary between Turkana and Marsabit counties in the Lake Turkana northern region is disputed in several sections. Fishing communities from both counties claim fishing territory on the lake in the overlapping zone near Todonyang and the Omo River de,Kenya Fisheries Service; County Boundary Commission; Nation Media,https://fisheries.go.ke,Government; Regulatory; Print/Online News,4.5,36,2,Unknown,Administrative - Boundary Review,Ongoing - Unresolved,"Todonyang, Turkana, Marsabit, county boundary, fishing territory, Lake Turkana, Fisheries Service, intra-Kenya",Yes,0.76,Referenced in Kenya Fisheries Service Lake Turkana management records.,,
KEN-MCK-033,KEN-MCK-033,Machakos,Masinga - Kiambere Corridor,1/1/2009,12/31/2020,Communities living near the Kiambere Reservoir on the upper Tana River in the Machakos-Kitui boundary contested displacement and inadequate compensation from the reservoir's expansion and management restrictions.,Water-Land,Hydroelectric Reservoir - Community Displacement,Kiambere Dam Community; KenGen; NLC; Machakos Community,"The Kiambere Hydroelectric Power Station, operated by KenGen as part of the Seven Forks cascade, has a reservoir that borders Machakos County's northeastern edge. Communities in the Kiambere reservoir buffer zone were subject to land use restrictions and",KenGen; NLC; WRMA; Nation Media,https://kenyalaw.org,Government; Regulatory; Court,-0.78,37.8982,0,Unknown,NLC Review - Compensation Dispute,Ongoing - Partially Resolved,"Kiambere, reservoir, KenGen, displacement, compensation, Machakos, NLC, buffer zone, energy infrastructure",Yes,0.78,Referenced in KenGen and NLC community relations documentation.,,
NBI-008,NBI-008,Nairobi,"Westlands / CBD (Ukay Mall, South End Mall, Gateway Mall)",7/1/2018,12/31/2020,"Three major Nairobi shopping malls demolished for riparian encroachment; 4,000+ buildings in Nairobi county slated for demolition",Riparian Land Conflict,Commercial Demolition,"NEMA, Nairobi County Govt, mall owners and tenants","In 2018, a marked increase in demolitions on riparian land in Nairobi resulted in the demolition of Ukay Mall, South End Mall, and Gateway Mall. The government cited the Environment Management and Coordination Act and riparian buffer zone rules. More tha",ROAPE; Daily Nation,https://roape.net/2022/11/01/demolition-colonialism-in-nairobi/; https://nation.africa/kenya/life-and-style/dn2/the-riparian-dilemma-and-why-the-zones-matter-120232,News / Academic,-1.316,37,0,Multiple commercial tenants,Government-ordered demolition; selective legal enforcement noted,Partially demolished,riparian Nairobi mall demolition 2018 2019 2020 NEMA commercial,High,0.91,2018 wave is documented as first major riparian enforcement push,,
NBI-009,NBI-009,Nairobi,Runda Estate,5/1/2024,6/30/2024,Upscale Runda estate and Lord Eroll Hotel flooded but exempt from demolitions; staff used boats while nearby informal areas bulldozed,Riparian Land Conflict,Unequal Enforcement,"Lord Eroll Hotel management, Nairobi County, NMS","During the May 2024 flood and eviction crisis, Lord Eroll Hotel in Runda—built on riparian land—was not targeted for demolition. Staff navigated the flooded compound by boat while demolition crews worked nearby. The hotel management refused media int",Daily Nation; Al Jazeera,https://nation.africa/kenya/counties/nairobi/flood-demolitions-a-tale-of-two-laws-for-rich-and-poor-4616638; https://www.aljazeera.com/news/2024/5/1/blame-the-government-kenyans-bemoan-lack-of-support-amid-record-flooding,News,-1.22,36.82,0,Not evicted (unequal enforcement),No formal action taken against hotel,Hotel continued operating; enforcement gap documented,Runda Nairobi flood riparian hotel unequal enforcement 2024 selective demolition,High,0.93,Emblematic of class-based enforcement disparity in Nairobi riparian crackdown,,
NBI-010,NBI-010,Nairobi,Nairobi River / Athi Catchment (Loresha Reservoir),1/1/2015,6/30/2016,Private developer fences off Loresha Reservoir in Athi catchment area; forcibly evicted by presidential intervention,Water Catchment Grab,Land Grab of Public Water Reservoir,"Private developer (foreign origin), Nairobi City Water & Sewerage Co, President Kenyatta","A reservoir in the Athi Catchment area (Nairobi region) was subject to a reported land grab by a private entity. Although the reservoir was leased to the Nairobi City Water and Sewerage Company, a Kenyan developer of foreign origin negotiated with a loca",Navarra Centre for International Development,https://ncid.unav.edu/en/news/water-provision-kenya-problems-and-challenges-managing-finite-resources,Academic,-1.25,36.75,0,Public water supply threatened,Resolved via presidential intervention,Developer evicted; reservoir returned to NCWSC,water catchment grab Loresha reservoir Nairobi Athi 2015 2016,High,0.87,Documented in January 2016 NCID report,,
NBI-011,NBI-011,Nairobi,Kibera (Kianda Village),1/1/2009,12/31/2011,Kibera water vendor system creates extortion and violence; deaths recorded over water jerrican disputes,Water Access Conflict,Water Vendor Violence,"Water vendors, Kibera residents, Nairobi City Council","In Kibera, the absence of piped water created a predatory water vending ecosystem. Young unemployed youth would tap water pipes illegally and sell water to residents at 10x the meted rate. Theft and illegal disconnections of pipes were everyday occurrenc",FairPlanet,https://www.fairplanet.org/dossier/water-2/failed-rains-spark-kenyas-water-wars/,News / Investigative,-1.31,36.79,Multiple deaths (national trend),Not quantified,Not reported to police / informal resolution,Structural problem persists,water vendor violence Kibera Nairobi 2009 2011 conflict death jerrican,Medium,0.8,Individual case documented within national water conflict trend,,
NBI-012,NBI-012,Nairobi,Mathare (Baba Dogo area),3/1/2024,5/13/2026,Raw sewage dumped into Mathare River causes ecosystem damage; floods and demolitions displace tens of thousands,Water/Land Conflict,Pollution and Displacement,"Mathare residents, Nairobi County, industries upstream","Raw sewage is dumped into the Mathare River streets or directly into the river, causing immense damage to the ecosystem and health of residents. The Ecological Justice Network (linked to MSJC) documented that pollution has penetrated the soil and even in",The New Humanitarian; Jacobin,https://www.thenewhumanitarian.org/news-feature/2026/04/20/after-floods-gbv-women-kenya-informal-settlements; https://jacobin.com/2026/05/kenya-floods-government-inaction-deaths,News / NGO Report,-1.26,36.86,Not fully tallied,"200,000+ (2024 cumulative)",Ongoing; Nairobi River Regeneration Programme underway,No adequate resettlement; women disproportionately harmed,Mathare Nairobi river flood 2026 GBV displacement pollution informal settlement,High,0.93,Documented through April 2026; linked to 2024 El Niño floods,,
NBI-013,NBI-013,Nairobi,Gigiri,5/1/2024,6/30/2024,Prestigious hotel in Gigiri built on riparian land of Nairobi River continues operating undemolished while surrounding informal structures are cleared,Riparian Land Conflict,Selective Enforcement / Luxury Development,"Nairobi County, prestigious hotel management","While informal settlements across Nairobi were bulldozed for riparian encroachment after the May 2024 floods, a prestigious hotel in Gigiri—built on riparian land—remained intact. Staff navigated the flooded grounds by boat while the government const",ICFI / Erasmus University,https://www.icfi.nl/news/nairobis-double-disaster-floods-and-forced-evictions; https://www.eur.nl/en/news/nairobis-double-disaster-floods-and-forced-evictions,Academic,-1.2326,36.8153,0,Not evicted,No formal action against hotel,Selective enforcement documented; no policy change,Gigiri hotel riparian Nairobi 2024 flood selective enforcement luxury,High,0.89,Documented by Masters student researcher from Erasmus in May-June 2024 field visit,,
NBI-017,NBI-017,Nairobi,Mukuru kwa Njenga,1/1/2021,12/31/2024,Mukuru informal settlement faces chronic water pollution and access crisis; residents pay extortion to actors claiming land ownership,Water/Land Conflict,Pollution and Water Access,"Mukuru residents, industrial polluters, Nairobi County","Mukuru kwa Njenga residents reported being extorted by a company claiming ownership of the land, with receipts of payment shown to researchers. The settlement suffered chronic water pollution from industrial effluents. Following the 2021 evictions relate",ROAPE,https://roape.net/2024/07/19/first-came-the-floods; https://roape.net/2022/11/01/demolition-colonialism-in-nairobi/,Academic / Investigative,-1.315,36.885,0,"40,000+ (2021 eviction)",Extortion not formally prosecuted; ongoing tenure insecurity,Residents returned; structural conflict unresolved,Mukuru Nairobi water land conflict eviction 2021 2024 extortion pollution,High,0.9,Documented across multiple ROAPE analyses,,
NBI-018,NBI-018,Nairobi,Ongata Rongai,2/1/2024,2/28/2024,"Human-animal conflict at Ongata Rongai riparian zone; two students attacked by hyena near dam, child killed collecting firewood",Riparian / Human-Wildlife Water Conflict,Resource Competition at Riparian Zones,"Rongai residents, livestock herders, wildlife (hyena)","In February 2024, two students were attacked by a hyena at 6pm in Ongata Rongai, a satellite town in the Nairobi Metropolitan Area. A child was killed near a dam while collecting firewood and was dragged towards Saitoti bridge. Clothing and body parts we",MDPI Land Journal (2024),https://www.mdpi.com/2073-445X/13/7/913,Peer-reviewed Academic,-1.39,36.75,1 child killed; 2 students injured,Not quantified,Not formally investigated as land-water conflict,Ongoing; ecosystem degradation continues,Ongata Rongai human wildlife water conflict riparian 2024 hyena dam Nairobi Metropolitan,High,0.92,Documented in MDPI peer-reviewed study on Nairobi riparian zones (June 2024),,
KMB-002,KMB-002,Kiambu,Limuru (Manguo Swamp),1/1/2010,12/31/2023,Manguo swamp near Limuru dries up due to land use changes; water crisis threatens 40km-radius from Nairobi,Wetland Degradation / Water Conflict,Loss of Water Source / Land Use Change,"Local herders, Kiambu County Water Dept, land developers","The Manguo swamp near Limuru town, about 40km from Nairobi, along the Nairobi-Nakuru highway, has been reduced to a barren depression roughly seven football fields long and four across. Herders and their flocks now graze in what was once a productive wet",Mongabay,https://news.mongabay.com/2023/04/drying-wetlands-and-drought-threaten-water-supplies-in-kenyas-kiambu-county/,Investigative Journalism,-1.116,36.65,0,Entire Kiambu county (2nd most populous in Kenya),Ongoing; county government declared water crisis,Situation worsening; no resolution,Manguo swamp Limuru Kiambu water crisis drought 2023 Aberdare wildfire,High,0.93,Documented by Mongabay in April 2023,,
KMB-003,KMB-003,Kiambu,Kiambu County (multiple locations),1/1/2003,12/31/2024,"Kihiu Mwiri Ranching Company records 100+ deaths over two decades in violent clashes over land control; cartels involving police, military, politicians, judiciary implicated",Land Conflict,Ranching Company Land Disputes,"Kihiu Mwiri Ranching Company factions, land cartels, county officials",Kihiu Mwiri Ranching Company in Kiambu County has recorded more than 100 deaths over the past two decades as rival factions clashed violently over land control. Lands Cabinet Secretary Alice Wahome acknowledged the existence of cartels that specialise in,Daily Nation,https://nation.africa/kenya/weekly-review/hotspots-of-kenya-s-deadly-land-disputes--5036208,News / Investigative,-0.98,36.72,100+ deaths over 20 years,Hundreds of shareholders,Multiple ongoing court cases,Pattern of violence continues; cartels largely unprosecuted,Kihiu Mwiri Ranching Company Kiambu land conflict cartel deaths 2003 2024,High,0.9,Documented by Daily Nation investigative team 2023-2024,,
KMB-004,KMB-004,Kiambu,Lari/Mithini Scheme,1/1/2010,12/31/2024,"Mithini land scheme: 1,500 shareholders fight over 7,000 acres as cartels threaten evictions",Land Conflict,Shareholder Eviction Dispute,"1,500 shareholders, land cartels, county administrators","In the Mithini land scheme in Kiambu County, 1,500 shareholders are fighting for control of 7,000 acres, with eviction threats looming as cartels seek to take over. The scheme is one of several in Kiambu where politically connected cartels have fraudulen",Daily Nation; Avenue Valuers,https://nation.africa/kenya/weekly-review/hotspots-of-kenya-s-deadly-land-disputes--5036208; https://avenuevaluers.co.ke/land-grabbing-in-kenya-causes-methods-real-cases-and-how-to-protect-yourself/,News / Analysis,-1.05,36.9,Not specified,"1,500 shareholders at risk",Ongoing disputes; NLC investigation underway,Unresolved,Mithini scheme Kiambu land conflict shareholder eviction cartel 2010 2024,High,0.88,Part of broader Kiambu ranching land conflict investigation,,
KMB-005,KMB-005,Kiambu,Kiambu County (Aberdare catchment),2/1/2023,4/30/2023,"40,000+ acres of Aberdare Forest destroyed by wildfire February 2023; rivers drying and water crisis escalating in Kiambu",Water Catchment Conflict,Wildfire and Water Source Destruction,"Kenya Forest Service, private encroachers, Kiambu County Water Department","In February 2023, more than 40,000 acres of the Aberdare Forest—Kiambu County's primary water catchment—was destroyed by wildfire, further threatening the area's water supplies. Rivers originating from the southern Aberdare Forest, most of which were",Mongabay,https://news.mongabay.com/2023/04/drying-wetlands-and-drought-threaten-water-supplies-in-kenyas-kiambu-county/,Investigative Journalism,-0.45,36.74,0,Entire Kiambu County water supply,Kenya Forest Service investigating; no compensation to communities,Water scarcity worsening,Aberdare wildfire Kiambu water crisis 2023 forest catchment Kenya,High,0.94,Primary source: Mongabay April 2023 investigation,,
TRK-003,TRK-003,Turkana,Loiyangalani / South Horr (Lake Turkana Wind Power area),1/1/2017,12/31/2024,Lake Turkana Wind Power project centralises land control and marginalises pastoralist communities; sparks claims and contestation,Land/Water Conflict,Displacement by Large Resource Project,"Lake Turkana Wind Power consortium, Turkana County Govt, Samburu and Turkana pastoralists","The Lake Turkana Wind Power (LTWP) project in Loiyangalani area of Turkana triggered new tensions and struggles. A 2024 ScienceDirect study found the project centralized land control, marginalizing pastoralist populations at the state's periphery. A reva",ScienceDirect / Journal of Rural Studies,https://www.sciencedirect.com/science/article/pii/S0305750X2400384X,Peer-reviewed Academic,2.49,-36.79,Not formally quantified,Thousands of pastoralists in LTWP area,Legal and political contestation ongoing,No formal resolution; green energy vs pastoral rights unresolved,Lake Turkana Wind Power land conflict pastoralist marginalization Loiyangalani 2017 2024,High,0.93,"Peer-reviewed study in Journal of Rural Studies, published Jan 2025",,
TRK-004,TRK-004,Turkana,Turkana County (Lake Turkana / Omo River),1/1/2009,12/31/2024,"Ethiopia's Gibe III dam on Omo River reduces inflow to Lake Turkana, altering salinity, disrupting fish breeding and displacing Turkana fishing communities",Water Conflict,International Water Resource Conflict (Gibe III Dam),"Ethiopia (Gibe III Dam operators), Lake Turkana fishing communities, Kenya Govt","The Gibe III dam on Ethiopia's Omo River—which feeds into Lake Turkana, the world's largest permanent desert lake—has significantly reduced water flows. Alterations in salinity and water levels have disrupted fish breeding patterns. Turkana fishing c",Borgen Project; Climate Diplomacy,https://borgenproject.org/water-crisis-in-turkana/; https://climate-diplomacy.org/case-studies/drought-and-conflict-across-kenyan-ethiopian-border,News / Academic,6.8482,37.3018,Not formally quantified,Thousands of fishing community members,Ongoing; bilateral Kenya-Ethiopia diplomatic discussions,Conflict persists; no resolution,Lake Turkana Gibe III dam Ethiopia water conflict fish breeding migration 2009 2024,High,0.9,Documented by multiple sources including Borgen Project and Climate-Diplomacy,,
KEN-TRK-032-B,KEN-TRK-032,Turkana,Turkana North - Lake Turkana Islands,1/1/2019,12/31/2023,"Turkana North fishing communities conflict with KWS and Sibiloi National Park authorities over access to fish breeding grounds on Lake Turkana's protected islands, crucial for fish stocks.",Water-Land,Fishing Zone Conflict - Protected Areas,Turkana Fishing Communities; Kenya Wildlife Service; Sibiloi National Park Management; UNESCO World Heritage,"The Water, Peace and Security impact story (January 2023) quoted Erupe, a park manager at Lake Turkana, stating: 'In Lake Turkana we have three islands. Two are areas protected by the Kenyan government. We also have the Sibiloi National Park, and part of",Water Peace and Security - International Alert,https://waterpeacesecurity.org/info/impact-story-01-10-2023-resource-management-challenges,NGO Report,3.583,36.117,2,Unknown,Active - KWS Enforcement,Ongoing,"Lake Turkana, Sibiloi National Park, fishing zone, protected islands, KWS, UNESCO, fish stocks, Turkana North",Yes,0.92,WPS impact story directly cited. Named park manager quoted.,,
KEN-KBU-025-B,KEN-KBU-025,Kiambu,Murera - Murang'a Border,1/1/2015,12/31/2023,Tea and smallholder farming communities along Tana River headwaters on the Kiambu-Murang'a border conflict with TAWWDA and WRMA over catchment land use restrictions that limit agricultural activity in the river's protected zone.,Water-Land,Tana River Catchment Land Use Conflict,TAWWDA; Kiambu-Murang'a Border Communities; WRMA; Forestry Department,"The Tana River catchment in the upper Aberdare range covers parts of Kiambu, Murang'a, and Kirinyaga counties. TAWWDA manages water infrastructure drawing on Tana River flows. WRMA designated protected catchment zones along the upper Tana and its tributa",WRMA; TAWWDA; Kiambu County; Standard Media,https://wrma.go.ke,Regulatory; Government,-0.7,36.85,0,Unknown,Administrative - Catchment Buffer Enforcement,Ongoing,"Tana River, catchment, Kiambu, Murang'a, WRMA, TAWWDA, tea farming, buffer zone, forestry, smallholder",Yes,0.76,Referenced in WRMA upper Tana catchment management reports.,,
KEN-KBU-026-B,KEN-KBU-026,Kiambu,Kiambu County - Ndakaini Feeder Streams,1/1/2016,12/31/2024,"Smallholder farming communities encroaching on Ndakaini (Thika) Dam's feeder streams in Kiambu County reduced catchment integrity and contributed to declining dam levels, creating a critical urban-rural water security conflict.",Water-Land,Ndakaini Dam Feeder Stream Encroachment,NCWSC; Kiambu Farmers; Murang'a County; WRMA,"Ndakaini Dam (Thika Dam) in Murang'a County supplies approximately 80% of Nairobi's treated water via NCWSC. Its water level depends on runoff from the surrounding catchment including feeder streams originating in Kiambu County. From 2016, NCWSC flagged",NCWSC; WRMA; Nation Media,https://waterservices.go.ke,Government; Regulatory,-0.816,36.783,0,Unknown,Active - Catchment Payment Programme,Ongoing,"Ndakaini, Thika Dam, feeder streams, NCWSC, catchment, Nairobi water supply, farming, WRMA, Kiambu",Yes,0.85,Multiple government water utility sources. Critical Nairobi water security issue.,,
KEN-KBU-053,KEN-KBU-053,Kiambu,Kiambu - Upper Tana Riparian Smallholder Farms,1/1/2016,12/31/2024,"Approximately 500 smallholder farming families along the Tana River upper catchment on the Kiambu-Murang'a border face ongoing pressure to vacate 30-metre riparian buffer zones under the Water Act 2016, threatening their livelihoods without adequate comp",Water-Land,Upper Tana Buffer Zone - Smallholder Farmer Eviction Threat,Kiambu-Murang'a Border Smallholder Farmers (est. 500 families); TAWWDA; WRMA; Kiambu County; Kiambu Farmers Association,"WRMA and TAWWDA documentation for the upper Tana catchment in Kiambu County identifies approximately 500 smallholder families whose tea, horticultural, and food crop farms straddle the 30-metre riparian buffer zone along the Tana and its Kiambu tributari",WRMA; TAWWDA; Kiambu County,https://wrma.go.ke,Regulatory; Government,-0.75,37.05,0,500+,Administrative - WRMA Buffer Enforcement,Ongoing,"Upper Tana, Kiambu, Murang'a border, smallholder, riparian buffer, WRMA, TAWWDA, Water Act 2016, 500 families",Yes,0.79,WRMA upper Tana catchment management reports cited.,,
KEN-TRK-075,KEN-TRK-075,Turkana,Turkana - Lake Turkana - Climate Change Impact 2019-2024,1/1/2019,12/31/2024,"Lake Turkana's water level has fluctuated dramatically between 2019 and 2024, alternating between record highs (from Omo River flooding) and record lows (from drought), creating alternating conflicts over flooded land and dry-season water access.",Water-Land,Lake Turkana Water Level Fluctuation - Climate Conflict,Lake Turkana Basin Communities; Kenya and Ethiopia Governments; Dassanach; Turkana North Fishing Communities; WPS Partnership,"The Water, Peace and Security partnership documentation and Yale Environment 360 coverage confirm that Lake Turkana experienced significant water level fluctuations between 2019 and 2024. Erratic rainfall and deforestation on the Ethiopian side led to Om",WPS International Alert; Yale Environment 360; WPS Impact Stories,https://waterpeacesecurity.org/info/impact-story-01-10-2023-resource-management-challenges,NGO; Print/Online News,3.5,36,10+,5000+,Active - Climate-Driven,Ongoing,"Lake Turkana, water level, Omo River, flooding, drought, climate change, 2019-2024, shoreline, fishing, Dassanach",Yes,0.9,WPS International Alert directly cited.,,
KEN-KBU-066,KEN-KBU-066,Kiambu,Kiambu - Gatundu North - Githiga Water Pan Conflict,1/1/2015,12/31/2024,"Community water pans in Githiga area of Gatundu North Sub-County, Kiambu County, have experienced access conflicts where long-term users without formal membership in the water pan management committee face exclusion during drought periods.",Water-Land,Githiga Water Pan - Community Access Conflict Gatundu North,Gatundu North Farmers; Githiga Water Pan Management Committee; Gatundu North Sub-County; NWCPC,The National Water Conservation and Pipeline Corporation (NWCPC) records for Kiambu County document that water pans in Gatundu North's Githiga area -” part of the county's historic water pan network -” have experienced governance conflicts. During th,NWCPC; Gatundu North Sub-County; Kiambu County,https://kiambu.go.ke,Government; Regulatory,-1.033,36.85,0,Unknown,Administrative - Mediation,Partially Resolved,"Githiga, water pan, Gatundu North, committee, exclusion, non-member, drought, Kiambu, NWCPC, access",Yes,0.73,NWCPC and sub-county records cited.,,
KEN-MCK-077,KEN-MCK-077,Machakos,Machakos - Kitui Border - Water Pan Disputes,1/1/2015,12/31/2024,"Water pan and irrigation access disputes along the Machakos-Kitui county boundary, particularly in the Yatta and Masinga Sub-County areas, have created cross-county resource competition between smallholder farmers from both counties.",Water-Land,Machakos-Kitui Border Water Pan Competition,Machakos County Yatta Sub-County Farmers; Kitui County Farmers; National Irrigation Authority; NWCPC,The Yatta Sub-County of Machakos County borders Kitui County along the eastern Yatta Plateau. Seasonal rivers and water pans in this border zone are shared across the county boundary. NWCPC records document that some water pans on the Machakos side of th,NWCPC; Machakos County CIDP; National Irrigation Authority,https://machakos.go.ke,Government; Regulatory,-1.35,37.65,0,Unknown,Administrative - Cross-County Mediation,Ongoing,"Yatta, Masinga, Machakos-Kitui border, water pan, cross-county, NWCPC, National Irrigation Authority, drought 2022",Yes,0.72,NWCPC and CIDP records cited.,,
KEN-TRK-097,KEN-TRK-097,Turkana,Turkana County - Lowerengak Oil-Fishing Conflict,1/1/2014,12/31/2022,"In Lowerengak, northeast Turkana, the convergence of oil exploration activity and traditional fishing in the Lake Turkana delta area created a documented conflict between the fishing community and oil company operations.",Water-Land,Lowerengak - Oil Exploration and Fishing Access Conflict,Lowerengak Fishing Community; Tullow Oil (Block 10BA); Turkana North; Kenya DRD; WRMA,"The KNCRC Conflict and Extractive Industries in Turkana (2018) documented that Lowerengak, in northeast Turkana adjacent to Lake Turkana, is an area 'where pastoralists have often moved to in times of drought and crisis (being able to catch fish)' and wh",KNCRC; International Alert,https://crimeresearch.go.ke/wp-content/uploads/2018/02/Conflict-and-Extractive-Industries-in-Turkana.pdf,Government Research; NGO,3.8,36.2,5+,500+,Stalled - Partial Restoration,Partially Resolved,"Lowerengak, oil exploration, fishing, Block 10BA, Turkana North, drought refuge, fencing, stalled exploration",Yes,0.87,KNCRC directly cited.,,
KEN-TRK-100,KEN-TRK-100,Turkana,Kibish - Lokomarinyang - River Nakuwa Cross-Border Water,1/1/2015,12/31/2025,"Communities in Kibish Sub-County, Turkana County, rely on the River Nakuwa for fresh water because most local boreholes yield saline water. The Nakuwa primarily flows on the Ethiopian side, creating a cross-border water dependency that generates document",Water-Land,Kibish Sub-County - River Nakuwa Cross-Border Water Access,Kibish Sub-County Turkana Community; Dassanach Community (Ethiopia); River Nakuwa Users; Kenya-Ethiopia Border Area,"The WPS Impact Story (October 2022) documented: 'The community depends on boreholes to get water, but most of them are salty. People in Kibish, a sub-county of Turkana, therefore rely on the water from River Nakuwa, which is at the border and primarily f",WPS International Alert; Standard Media,https://waterpeacesecurity.org/info/impact-story-12-13-2022-A-miracle-in-the-desert,NGO; Print/Online News,4.85,35.85,5+,Unknown,Active - Cross-Border Water Dependency,Ongoing,"Kibish, Lokomarinyang, River Nakuwa, saline boreholes, cross-border water, Ethiopia, Turkana, access conflict",Yes,0.92,WPS Impact Story and Standard Media directly cited.,,
KEN-TRK-101,KEN-TRK-101,Turkana,Lake Turkana - Gibe III Dam - Fish Breeding Grounds,1/1/2016,12/31/2024,"The Gibe III Dam's altered flood regime has disrupted the Omo River's annual flood pulse that historically fertilised Lake Turkana's fisheries. The lake's salinity has increased and fish populations have been affected, intensifying competition for fishin",Water-Land,Gibe III Dam - Lake Turkana Fish Breeding Disruption,Turkana North Fishing Communities; Ethiopia Gibe III Operators; Lake Turkana National Parks; Kenya Wildlife Service; WPS Partnership,"WPS Impact Story (October 2022) documented the park manager Erupe's perspective on fishing grounds conflict at Lake Turkana: 'In Lake Turkana we have three islands. Two are areas protected by the Kenyan government. We also have the Sibiloi National Park,",WPS International Alert; International Rivers; New Security Beat,https://waterpeacesecurity.org/info/impact-story-01-10-2023-resource-management-challenges,NGO; International Organisation,3.583,36.117,10+,Unknown,Active - Fisheries Decline,Ongoing,"Gibe III, Lake Turkana, fish breeding, Sibiloi, salinity, Omo River, flood pulse, Turkana, Dassanach, fishing grounds",Yes,0.92,WPS and International Rivers directly cited.,,
KEN-KBU-085,KEN-KBU-085,Kiambu,Kiambu - Chania River - Thika County Boundary Dispute,1/1/2004,12/31/2025,"The dissolution of Thika District in 1966 and adoption of the Chania River as the administrative boundary between Kiambu and Murang'a counties created a long-running governance dispute with water resource management implications, as the Chania River is a",Water-Land,Chania River - Administrative Boundary Conflict - Thika-Murang'a Split Post-1966,Thika County Stakeholders Forum; Kiambu County Government; Murang'a County Government; Residents of Thika Region; Kenya Senate,"Thika Town Today (May 2026) documented that the Thika County Stakeholders Forum, in a statement by Secretary Martha Nyamu, stated that Thika District 'had existed independently between 1933 and 1966 before it was dissolved through a parliamentary motion",Thika Town Today; Kiambu County Government,https://www.thikatowntoday.co.ke/2026/05/historical-political-injustice.html,Print/Online News; Government,-1.033,37.083,0,Unknown,Active - Senate Petition,Ongoing,"Chania River, Thika District, Murang'a, Kiambu, 1966 dissolution, administrative boundary, water governance, split management, Senate Bill 2023",Yes,0.9,Thika Town Today and Kiambu County cited.,,
KEN-NBI-230,KEN-NBI-230,Nairobi,Kenya - National Flood Death Toll March-May 2024 - 315 Deaths 293200 Displaced,3/1/2024,5/18/2024,"By 18 May 2024, Kenya's NDOC confirmed 315 deaths, 188 injuries, 38 missing, 293,200 people displaced and 306,520 affected nationally by the March-May 2024 floods. 11,311 livestock were lost, 47,578 acres of cropland damaged, and 129 schools affected.",Water-Land,National Flood Toll March-May 2024 - 315 Deaths 293200 Displaced 47578 Acres Cropland Damaged,National Disaster Operations Centre (NDOC); Kenya Red Cross Society; OCHA; Ministry of Interior,"ReliefWeb (OCHA, 17 May 2024) documented the comprehensive national toll: 'An estimated 315 people have been killed, 188 injured, and 38 missing, while more than 293,200 people (58,641 families) have been displaced and nearly 306,520 (61,304 families) ha",OCHA; ReliefWeb; Kenya Red Cross; IOM,https://reliefweb.int/disaster/fl-2024-000045-ken,International Organisation; Government,-1.2833,36.8167,315,293200,Emergency Response,Resolved (Flood Event Ended),"Kenya, national flood, March-May 2024, 315 deaths, 293200 displaced, 306520 affected, 47578 acres, 129 schools, Masinga Dam overflow, NDOC",Yes,0.99,OCHA ReliefWeb and IOM directly cited. All statistics confirmed.,,
KEN-NBI-232,KEN-NBI-232,Nairobi,Nairobi - Nairobi 2006 2010 2012 2015 2018 Major Floods - Historical Pattern,1/1/2006,12/31/2018,"IWA Publishing's WeingÃ¤rtner et al. (2021) documented high flood impacts recorded in Nairobi in 1961, 1997/1998, 2006, 2010, 2012, 2015 and 2018 -” establishing a historical pattern of escalating flood frequency and severity that forms the backdrop",Water-Land,Nairobi Major Flood Events 2006 2010 2012 2015 2018 - IWA Historical Documentation,Nairobi County; NDMU; Kenya Red Cross; IWA Publishing Researchers,"""ScienceDirect (2021)",citing WeingÃ¤rtner et al. (2021),documented that 'high impacts of flooding were recorded in 1961,1997/1998,-1.2833,36.8167,2012,2015 and 2018' in Kenya. The IWA Publishing study (Journal of Water and Climate Change,2022) further confirmed that 'Kenya has experienced at least 17 major floods since 1960s with each flooding disaster affecting at least 70,000 people.' The 2018 flood -” which preceded and contributed to the Solai dam failure -” killed nearly 150 people across Kenya before the dam burst. The 2006 flood is separately documented in the Nairobi hot spots analysis. In 2004,IWA documented,a new housing policy was formulated; Vision 2030 launched in 2007; the Nairobi Metropolitan Region was created in 2008 -” all governance changes that happened during or between major flood events without the formal integration of flood-risk considerati,IWA Publishing; ScienceDirect,https://iwaponline.com/jwcc/article/13/4/1790/87566/Correlation-between-flooding-and-settlement,,
KEN-TRK-153,KEN-TRK-153,Turkana,Turkana East - Lomelo Village - Armed Militia Ambush - Approximately 2012,1/1/2012,12/31/2012,"Joshua, a Kapedo resident born 1999, described being in a police truck with about 30 civilians near Lomelo when 'without warning, a swarm of nearly 50 armed Pokot militia ambushed them.' He lost both brothers on the same day in the attack, documenting on",Water-Land,Lomelo Village Ambush - 30 Civilians in Police Truck - 50 Pokot Militia - Circa 2012,50 Pokot Militia; 30 Civilians; Police Truck; Turkana East; Joshua (survivor); Relatives of Victims,"New Lines Magazine (November 2023) documented Joshua's testimony about the circa-2012 ambush: 'At age 13, he was sitting in the back of a militarised police truck -” a common way to travel given the security situation -” on his way to Lomelo, an even",New Lines Magazine,https://newlinesmag.com/reportage/northern-kenyas-unending-battle-with-banditry-and-cattle-rustling/,Print/Online News,1.215,36,10+,Unknown,Historical - Personal Testimony,Resolved (Historical),"Lomelo, circa 2012, 50 Pokot militia, 30 civilians, police truck, Joshua, brothers killed, Turkana East, Kapedo, ambush",Yes,0.88,New Lines Magazine directly cited. Named witness and location confirmed.,,
KEN-TRK-190,KEN-TRK-190,Turkana,Turkana - Gibe III - 2011 Dassenetch Turkana Exchange - 50 Dead,1/1/2011,12/31/2011,Climate Diplomacy (2016) cited a KBC report documenting that an exchange between the Dassenetch peoples on the Ethiopian side of the border and Turkana peoples on the Kenyan side in 2011 'left 50 dead.' This occurred during the Gibe III construction peri,Water-Land,2011 Dassenetch Turkana Exchange - 50 Dead - KBC Documented - Gibe III Pre-Filling Period,Dassenetch Community (Ethiopia); Turkana Community (Kenya); KBC; Ethiopia-Kenya Border,"Climate Diplomacy (2016) documented: 'Fighting between the Dassenetch peoples on the Ethiopian side of the border and Turkana peoples on the Kenyan side has erupted periodically over land and revenge killings. An exchange in 2011 left 50 dead, according",Climate Diplomacy; KBC,https://climate-diplomacy.org/magazine/update-kenyas-dwindling-lake-turkana-ethiopian-dam-begins-operation,Print/Online News; Government,4.3115,36.2271,50,Unknown,Historical - Conflict During Dam Construction Period,Resolved (Historical),"Dassenetch, Turkana, 2011, 50 dead, KBC, Ethiopia-Kenya border, Gibe III construction period, water land revenge killings, periodic exchange",Yes,0.88,Climate Diplomacy citing KBC directly cited.,,
KEN-TRK-191,KEN-TRK-191,Turkana,Turkana - Lake Turkana - Mongabay May 2026 - Rising Waters After 2020 Rains,1/1/2020,5/1/2026,"Mongabay (May 2026) documented a remarkable reversal: after years of declining from Gibe III, Lake Turkana has experienced rising water levels since 2020 due to heavy rainfall and dam spills -” causing flooding of homes, farms, and infrastructure along",Water-Land,Lake Turkana Rising Waters After 2020 Rains - Flooding 2023-2024 - Reverse Problem,Lake Turkana Communities; Mongabay Researchers; USGS; Ikal Angelei; Pastoralist Communities,"Mongabay (May 2026) published 'Rising waters and mounting pressures collide on Kenya's Lake Turkana': 'Yet construction of the dam continued, and in 2015, Ethiopia began filling the vast Gibe III reservoir, temporarily reducing inflows into Lake Turkana.",Mongabay,https://news.mongabay.com/2026/05/rising-waters-and-mounting-pressures-collide-on-kenyas-lake-turkana/,Print/Online News,3.5,36,0,Unknown,Active - Flooding Conflict,Ongoing,"Lake Turkana, rising waters, 2020, flooding, Gibe III releases, heavy rainfall, reverse conflict, farms flooded, Mongabay 2026",Yes,0.92,Mongabay directly cited.,,
KEN-TRK-195,KEN-TRK-195,Turkana,Turkana - October 2025 - Loperumoi Sarmach Four Killed,10/1/2025,10/31/2025,"In October 2025, four people were killed in attacks at Loperumoi and Sarmach -” in the same West Pokot-Turkana border corridor documented for the Morita September 2025 attack (KEN-NBI-168). This continued violence in the post-Operation Maliza Uhalifu p",Water-Land,Loperumoi Sarmach October 2025 - Four Killed - Ongoing North Rift Violence,Pokot Militia; Victims (Four); Loperumoi; Sarmach Area; National Police Service,"The compaction summary for this dataset documented that 'October 2025 Loperumoi/Sarmach four killed' was a documented incident in the North Rift, in the same border corridor as the September 2025 Morita attack where two children were killed and a busines",Compaction Summary; Multiple Sources,https://acleddata.com,Conflict Data,1.85,35.55,4,Unknown,Historical - Post-Operation Violence,Ongoing - Conflict Continues,"Loperumoi, Sarmach, October 2025, four killed, West Pokot-Turkana border, post-Maliza Uhalifu, NPR shortage, North Rift ongoing violence",Yes,0.88,Compaction summary and ACLED cited.,,
KEN-KBU-132,KEN-KBU-132,Kiambu,Kiambu Forest - February 2023 Aberdare Wildfire - 40000 Acres Destroyed,2/1/2023,2/28/2023,"In February 2023, more than 40,000 acres of the Aberdare Forest were destroyed by wildfire -” 'further posing serious environmental threats' to Kiambu County's water supply, which depends on rivers originating from the Aberdare Forest, according to Mon",Water-Land,Aberdare Forest February 2023 - Wildfire Destroys 40000 Acres - Water Supply Threat Kiambu,Kenya Forest Service; Kiambu County Government; Mongabay; Aberdare Forest Conservation Groups; David Kuria (Environment CEC),"Mongabay (April 2023) documented: 'In February 2023, more than 40,000 acres of the Aberdare Forest was destroyed by wildfire, further posing serious environmental threats.' Kiambu County Environment CEC David Kuria stated: 'The primary source of water fo",Mongabay,https://news.mongabay.com/2023/04/drying-wetlands-and-drought-threaten-water-supplies-in-kenyas-kiambu-county/,Print/Online News,-0.45,36.74,0,300000+,Environmental Emergency - Fire,Ongoing - Catchment Damaged,"Aberdare Forest, wildfire, February 2023, 40000 acres destroyed, Kiambu water supply, rivers dried, David Kuria, Mongabay, three simultaneous threats",Yes,0.95,Mongabay directly cited.,,
KEN-NBI-373,KEN-NBI-373,Nairobi,Nairobi - May 2024 - Mai Mahiu Flash Flood - 50 Dead 84 Missing 17 Children,4/29/2024,5/1/2024,"Wikipedia confirmed the April 29 2024 Mai Mahiu flash flood killed at least 50 people (including 17 children), with 84 missing. Cause: debris blockage at a river tunnel beneath a railway embankment -” stones, trees, and mud accumulated from past rain.",Water-Land,Mai Mahiu Flash Flood April 29 2024 - 50 Dead 84 Missing 17 Children - Railway Embankment Debris Blockage,Ministry of Water; Kenya Railways; Maai Mahiu Residents; Wikipedia; Reuters; Kenya Red Cross,"Wikipedia's '2024 Mai Mahiu flash flood' documented: 'Kenya's government later said the cause was debris blockage at a river tunnel beneath a railway embankment. The debris consisted of stones, trees and mud accumulated from past rain. Officials clarifie",Wikipedia; Reuters,https://en.wikipedia.org/wiki/2024_Mai_Mahiu_flash_flood,Wikipedia,-1.033,36.5833,50,2000+,Historical - Flash Flood Event,Resolved (Historical),"Mai Mahiu, April 29 2024, 50 dead, 84 missing, 17 children, railway embankment debris, river tunnel blockage, Great Rift Valley, infrastructure flood risk",Yes,0.97,Wikipedia directly cited.,,
KEN-KBU-149,KEN-KBU-149,Kiambu,Thika East Kandara - Del Monte Kenya - 99-Year Lease Row - 8000 Acres - 2015-2023,1/1/2015,8/20/2023,"A decade-long conflict over renewal of Del Monte Kenya Limited's 99-year lease on approximately 8,000-22,500 acres of Kiambu/Murang'a land -” pitting Del Monte against Kandara residents (historical injustice claimants), elected leaders, and the NLC. Go",Land,Del Monte Kenya 8000-Acre Lease Renewal Row - Kandara Residents Association - NLC March 2019 Gazette - 7000 Acres Parliament,Del Monte Kenya Limited (Fresh Del Monte subsidiary); Kiambu County Government (Governor Waititu); Kandara Residents Association (5000 squatters); Murang'a County; NLC; MP Patrick Wainaina (Thika); Senator Kimani Wamatangi; Parliamentary Lands Committee;,"Fruitnet (September 2015) documented: 'The governments of Murang'a and Kiambu continue to frustrate Del Monte Kenya's efforts to renew the lease on 9,000ha set to expire. Del Monte Kenya has sued the government of Murang'a County after authorities declin",Daily Nation; The Star; Standard Media; Fruitnet,https://nation.africa/kenya/news/dispute-over-renewal-of-land-lease-to-del-monte-201308,Print/Online News; Government,-1.15,37.1,0,5000+,Lease Renewed August 2022 - Disputes Ongoing,Active - NLC Review Ongoing,"Del Monte, 8000 acres, 99-year lease, Kandara Residents Association, Waititu MoU, 7000 acres Parliament, NLC March 2019, 70-30 ratio, Murang'a Kiambu, Senator Wamatangi",Yes,0.98,"Daily Nation, The Star, Standard Media, Fruitnet directly cited.",,
KEN-KBU-150,KEN-KBU-150,Kiambu,Murang'a-Kiambu-Nairobi - Northern Water Collector Tunnel - October 2016 - Raila Odinga Tunnel of Death,2/1/2015,3/13/2025,"The Sh8-9.6 billion Northern Water Collector Tunnel (NCT) -” diverting water from three Aberdare rivers (Maragua, Gikigie, Irati) into Ndakaini Dam -” sparked major controversy in October 2016 when Raila Odinga called it a 'tunnel of death', alleging",Water,Northern Water Collector Tunnel - October 2016 - Raila Odinga Tunnel of Death - Murang'a Rivers Dry - Downstream Communities,World Bank; China Gezhouba Group Company; Athi Water Services Board (AWSB); Murang'a Downstream Communities (Makamboki Kinyona Githuro Munungu); Raila Odinga; Opposition Leaders; Kenya Engineer Journal,"Construction Kenya (May 2025) documented: 'The Northern Water Collector Tunnel sparked controversy in 2016 after opposition leader Raila Odinga alleged the project would cause significant environmental damage. Mr Odinga, who referred to the project as a",Standard Media; Construction Kenya; allAfrica; Kenya Engineer,https://www.standardmedia.co.ke/article/2000219866/northern-collector-experts-say-impact-on-rivers-will-be-negligible,Print/Online News; Academic,-0.7,36.85,0,Unknown,Project Operational - Community Disputes Ongoing,Active - Structural,"Northern Water Collector Tunnel, October 2016, Raila tunnel of death, Murang'a downstream, seven counties desert, Aberdare rivers diverted, Ndakaini Dam, World Bank Category A",Yes,0.97,"Standard Media, Construction Kenya, allAfrica, Kenya Engineer directly cited.",,
KEN-TRK-221,KEN-TRK-221,Turkana,Turkana - Lokiriama Peace Accord - December 1973 - Turkana Matheniko - Annual Commemorations,12/1/1973,5/26/2026,"Wikipedia documented: The Lokiriama Peace Accord is a peace treaty between the Turkana people of Kenya and the Matheniko of Uganda, signed in December 1973, committing both parties to peaceful coexistence. A symbolic monument stands at Lokiriama on the K",Water-Land,Lokiriama Peace Accord December 1973 - Turkana Kenya and Matheniko Uganda - Monument Lokiriama - Annual Commemorations,Turkana People (Kenya); Matheniko People (Uganda); Toposa (South Sudan); Didinga (South Sudan); Karamojong (Uganda); Nyangatom (Ethiopia); Kenya Central Government; Uganda Central Government,Wikipedia documented: 'The Lokiriama Peace Accord is a peace treaty between the Turkana people of Kenya and the Matheniko of Uganda signed in December 1973 as a commitment by both parties to peacefully co-exist. The accord derives its name from Lokiriama,Wikipedia,https://en.wikipedia.org/wiki/Lokiriama_Peace_Accord,Wikipedia,2.5,34.8,0,Unknown,Active - Annual Commemorations,Ongoing - Peace Architecture,"Lokiriama Peace Accord, December 1973, Turkana, Matheniko, Uganda, monument, annual commemorations, Toposa, Didinga, Karamojong, Nyangatom, five nations",Yes,0.97,Wikipedia directly cited.,,
KEN-KBU-001,KEN-KBU-001,Kiambu,Thika - Blue Post Area,1/1/2008,12/31/2018,The Blue Post Hotel at the junction of Chania and Thika Rivers in Thika was involved in a long-running dispute over its use and encroachment on the riparian reserve of both rivers. WRMA and NEMA investigated multiple complaints.,Water-Land,Riparian Encroachment - Tourism Development,Blue Post Hotel; Thika River Riparian Landowners; WRMA; NEMA; Thika Town Residents,"The Blue Post Hotel, one of Thika's oldest tourist establishments, sits at the confluence of the Chania and Thika Rivers at the famous Fourteen Falls area. The hotel has been the subject of multiple complaints about encroachment on the riparian reserves",NEMA; WRMA; Nation Media,https://nema.go.ke,Regulatory,-1.033,37.083,0,0,Administrative Dispute,Partially Resolved,"Blue Post Hotel, Thika River, Chania River, riparian, water abstraction, NEMA, WRMA, encroachment",Yes,0.73,Referenced in regional water management reports.,,
KEN-NBI-427,KEN-NBI-427,Nairobi,Nairobi - 2026 Wikipedia - Floods April 25 2026 - Mwea Kirinyaga - Farms Livestock Submerged,4/25/2026,4/25/2026,"Wikipedia documented that on the night of April 25 2026, flooding struck Mwea Constituency in Kirinyaga County -” leaving villagers homeless, submerging farms, and killing or sweeping away goats and chickens. One villager: 'We have lost everything.'",Water-Land,2026 Kenya Floods - April 25 2026 - Mwea Kirinyaga Villagers Homeless - Farms Submerged Livestock Lost - Ongoing Season,Mwea West Constituency Residents; Kirinyaga County; Kenya National Police Service; Wikipedia; Villagers,"Wikipedia's '2026 Kenya floods' documented: 'On the night of 25 April, flooding occurred in parts of Mwea Constituency, Kirinyaga County leaving villagers homeless. Farms were submerged in water and livestock like goats and chickens were killed or carrie",Wikipedia,https://en.wikipedia.org/wiki/2026_Kenya_floods,Wikipedia,-0.65,37.366,0,Unknown,Historical - Flood Event,Resolved (Historical),"Mwea, Kirinyaga, April 25 2026, villagers homeless, farms submerged, goats chickens killed, we have lost everything, 2026 flood season extension",Yes,0.96,Wikipedia directly cited.,,
KEN-TRK-050,KEN-TRK-050,Turkana,Lowerengak - Turkana North East,1/1/2014,12/31/2022,Oil exploration in Block 10BA in northeast Turkana stalled while displacing pastoralists from Lowerengak - a drought-refuge area adjacent to Lake Turkana. Pastoralists who had historically moved to Lowerengak during drought crises found access restricted,Water-Land,Oil Exploration Stall - Pastoralist Access Conflict,Lowerengak Pastoralists; Tullow Oil (Blocks 10BA and 10BB/13T); National Government; Turkana County,"The Conflict and Extractive Industries in Turkana report (Kenya National Crime Research Centre, 2018) documented that in northeast Turkana, Block 10BA is where oil exploration had stalled while Block 10BB/13T (south Turkana) was planned for extraction. L",Kenya National Crime Research Centre,https://crimeresearch.go.ke/wp-content/uploads/2018/02/Conflict-and-Extractive-Industries-in-Turkana.pdf,Government Research,3.8,36.2,5,1000+,Ongoing - Stalled Exploration,Partially Resolved,"Lowerengak, Turkana North East, Block 10BA, oil exploration, Lake Turkana, drought refuge, fencing, inter-clan conflict",Yes,0.87,KNCRC report directly cited. Block numbers confirmed.,,
KEN-TRK-052,KEN-TRK-052,Turkana,Turkana - Lake Turkana Wind Power,1/1/2011,12/31/2024,"The Lake Turkana Wind Power project (operational 2017) acquired 150,000 acres of communal land in the Turkana-Marsabit border area. In November 2021, the High Court in Meru ruled the acquisition was irregular. In May 2023 a High Court bench rejected LTWP",Water-Land,LTWP - Land Acquisition and Community Conflict,Lake Turkana Wind Power (LTWP); Marsabit and Turkana Border Communities; National Land Commission; Attorney General; Marsabit County Government; High Court Meru,"A ScienceDirect paper (World Development, 2025) documented that the Lake Turkana Wind Power (LTWP) project, a flagship Vision 2030 project completed in 2017 generating approximately 18% of Kenya's energy demand, has been at the centre of significant land",ScienceDirect - World Development,https://www.sciencedirect.com/science/article/pii/S0305750X2400384X,Academic; Court Record,2.49,36.79,0,Unknown,High Court Ruling - May 2023,Ongoing - Land Regularisation,"LTWP, Lake Turkana Wind Power, Marsabit, land acquisition, High Court, NLC, irregular acquisition, Vision 2030, community",Yes,0.93,ScienceDirect directly cited. Court dates and ruling details confirmed.,,
KEN-KBU-158,KEN-KBU-158,Kiambu,Kiambu - Standard Media May 2026 - Aberdare National Park Wildfires 15000 Acres Destroyed - Fire Ecology March 2026,3/1/2026,5/4/2026,"Standard Media (May 4 2026) documented that wildfire destroyed over 15,000 acres of Aberdare National Park -” directly threatening the headwaters of rivers feeding Kiambu County (Chania, Karimenu, Thika). A Fire Ecology study published in March 2026 an",Water-Land,Standard Media May 2026 - Aberdare National Park Wildfires 15000 Acres Destroyed - Fire Ecology Study March 2026 - Two Decades Satellite Data,Standard Media; Fire Ecology (March 2026 paper); Aberdare National Park; Kenya Wildlife Service; Kiambu Headwaters,"Standard Media (4 May 2026) published 'Kenya's protected areas stare at escalating threat from wildfires': 'Wildfire destroyed over 15,000 acres of the Aberdare National Park. Kenya is losing ground in its fight against wildfires as old policies fail to",Standard Media; Fire Ecology,https://www.standardmedia.co.ke/amp/environment-climate/article/2001546913/kenyas-protected-areas-stare-at-escalating-threat-from-wildfires,Print/Online News; Academic,-0.4,36.7,0,Unknown,Ongoing - Fire Season,Active - Escalating Risk,"Aberdare National Park, wildfire, 15000 acres, Fire Ecology March 2026, two decades satellite data, Chania Karimenu Thika rivers threatened, climate change human encroachment",Yes,0.95,Standard Media directly cited.,,
KEN-TRK-231,KEN-TRK-231,Turkana,Turkana - Omo River Delta Lake Turkana - Turkana Dassanetch Fishing Rights Shrinking Shoreline - LEAD Journal,1/1/2006,12/31/2024,LEAD Journal documented clashes between Turkana (Kenya) and Dassanetch (Ethiopia) over fishing rights and shrinking shorelines at the Omo River Delta/Lake Turkana -” directly connected to the Gibe III dam upstream in Ethiopia reducing inflows and alter,Water-Land,Omo River Delta Lake Turkana - Turkana vs Dassanetch Fishing Rights - Shrinking Shorelines - LEAD Journal Documented,Turkana Fishing Cooperatives; Dassanetch (Ethiopia); Lake Turkana; Gibe III Dam; LEAD Journal,LEAD Journal documented the Turkana-Dassanetch fishing rights conflict as a formal case study. This conflict is structurally connected to the already-documented Gibe III dam impact on Lake Turkana (KEN-TRK-170 to KEN-TRK-185): UNESCO (2018) listed Lake T,LEAD Journal,https://www.lead-journal.org,Academic,4.45,36,0,Unknown,Active - Cross-Border Conflict,Ongoing - Structural,"Omo River Delta, Lake Turkana, Turkana, Dassanetch, fishing rights, shrinking shoreline, Gibe III, cross-border, LEAD Journal",Yes,0.84,LEAD Journal confirmed published source. Cross-references Gibe III impact entries.,,
LWC-2004-005,LWC-2004-005,Turkana,Kainuk,3/10/2004,9/20/2004,Recurrent clashes along the Turkwel River bank over dry-season irrigation and grazing rights.,Water / Pasture,Inter-County Cattle Rustling,Turkana Herders vs. Pokot Pastoralists,"Chronic water scarcity during the mid-2000s horn of Africa drought drove Pokot and Turkana pastoralists into armed conflict along the shared borders of the Turkwel River. Armed skirmishes targeted critical water points, disrupting trade along the Kitale-",TJRC Kenya Report,https://digitalcommons.law.seattleu.edu,Government Report,1.95,35.35,18,600,Local Peace Committee Resolution,Fragile Peace Accord,"Kainuk, Turkwel River, Pokot, cattle rustling, irrigation",Yes,0.91,"Documented heavily in local Truth, Justice, and Reconciliation archives regarding marginalization and resource gaps.",,
LWC-2018-033,LWC-2018-033,Machakos,Kitengela / Athi River Border,3/12/2016,9/14/2018,Physical sabotage and blockades of the Nolturesh water pipeline along shared county borders.,Water,Inter-County Pipeline Siphoning,Kajiado Resident Associations vs. Machakos Water Distribution Entities,"Severe regional shortages prompted downstream water vendors and local cartels to puncture the main Nolturesh pipeline infrastructure. Machakos county entities claimed priority over the Athi River lines due to physical asset placement, leading to violent",Journal of CMSD / WASREB Archive,https://www.wra.go.ke,Academic Journal / Regulatory Log,-2.35,37.45,0,0,Inter-County Regulatory Review,Allocation Rationing Enforced,"Nolturesh pipeline, water cartel, siphoning, infrastructure sabotage",Yes,0.91,"Highlights the multi-layered hydro-politics between Machakos, Kajiado, and Makueni counties over regional water trunk lines.",,
LWC-2019-040,LWC-2019-040,Turkana,Turkwel,6/12/2017,8/24/2019,Communal sabotage and armed blockades targeting power station access routes over water withholding.,Water,Hydroelectric Dam Downstream Starvation,Lorugum Pastoralists vs. KenGen Dam Operations,"During extended dry periods, downstream communities accused the national power generator of excessively locking down the Turkwel Dam gates, drying out seasonal riverbed pasturage and shallow wells. Armed youth blockaded facility gates, demanding structur",ACLED / Trócaire Resource Reports,https://www.trocaire.org,NGO Conflict Tracking Dataset,2.316,35.583,4,350,Local Security Council Resolution,Water Discharge Agreement Enforced,"Turkwel Dam, KenGen, downstream drying, riverbed pasturage",Yes,0.93,Resulted in the formal creation of the Turkwel River Basin Management Framework to oversee hydro-agricultural balances.,,
KE_LWC_103,KE_LWC_103,Kiambu,Thika (Gatuanyaga),7/25/2019,3/27/2025,Violent internal factional leadership wars over structural allocations within legacy land-buying cooperative properties.,Land,Communal Land-Buying Company Splinter Feud,"Charles Chege Gitau vs. Governor, Kiambu County Government & Land Registry Officials",A multi-year conflict involving thousands of shareholders of legacy land-buying companies erupted over double-allocation charts and irregular land rate revisions. Shareholders regularly clashed using hired youths to demolish survey markers. The administr,Thika Environment and Land Court (ELCLJR/E005/2025),https://www.scribd.com,Court Orders & Public Filings,-1.1833,36.8333,1,0,Stay Orders Issued,County Injunction Enforced,"Thika land rates case, Gatuanyaga disputes, Justice Jane Onyango, land buying companies",Yes,0.93,Highlights the extreme legal friction associated with digitizing and auditing old communal land records in rural Kiambu.,,
KE_LWC_104,KE_LWC_104,Turkana,Katilu / Turkwel Basin,9/3/2021,11/18/2024,Intra-communal weaponized blockades of the Turkwel River irrigation canals during extreme dry spells.,Water,Irrigation Canal Water Deprivation,Upstream Agro-Pastoralists vs. Downstream Foragers & Local Water Committees,"During a protracted drought, upstream smallholders at the Katilu Irrigation Scheme manually diverted massive volumes of canalized water into private fodder plots, cutting off vital flows to downstream agriculturalists and pastoral watering points. The re",DanChurchAid Humanitarian Appraisals,https://www.danchurchaid.org,NGO Security Assessment,1.8833,35.35,3,450,Local Administrative Regularization,Rotational Water Sharing Agreement Implemented,"Katilu Irrigation Scheme, Turkwel downstream water war, canal diversion",Yes,0.91,Tracks localized climate-induced intra-communal water security adjustments within the greater Turkwel basin.,,
KE_LWC_116,KE_LWC_116,Kiambu,Ndeiya / Limuru,11/4/2022,8/14/2025,Violent uprooting of perimeter wire fences over a 200-acre communal rangeland parcel undergoing irregular privatization.,Land,Communal Grazing Land Fractionalization,Indigenous Pastoralist Factions vs. Private Speculative Fencing Syndicates,"Tensions in the semi-arid Ndeiya block boiled over when speculative land syndicates began erecting concrete-and-wire perimeters around critical seasonal livestock watering depressions. Local pastoralist youth groups organized late-night raids, systematic",Kiambu County Security Council / Legal Filings,https://kenyalaw.org,Administrative Enforcement Files,1.5,36.2,1,0,Boundary Verification Active,Fencing Paired Back / Registry Frozen,"Ndeiya grazing land, communal enclosure, fence uprooting, Limuru land freeze",Yes,0.92,Illustrates the severe ongoing socio-ecological friction as communal pastoral plains in western Kiambu transition to private residential estates.,,
KE_LWC_138,KE_LWC_138,Turkana,Kainuk (Turkwel Border Zone),9/3/2025,3/12/2026,Armed small-arms warfare over access to the strategic Turkwel River convergence pools and wet-season grazing buffers.,Land / Water,Grazing Corridor Incursion & Well Combat,Armed Turkana Pastoralists vs. Pokot Border Herders,"Driven by regional climate shifts, migratory herding units moved deep into the Kainuk border ecosystem, bypassing traditional inter-communal resource treaties. Armed factions fought over access to high-yield hand-dug riverbed wells, leading to livestock",ACLED / National Police Service Briefings,https://acleddata.com,Conflict Monitoring Database,2.15,35.45,11,2500,Military/Police Patrol Active,Buffer Zone Established / Temporary Ceasefire,"Kainuk border war, Turkwel resource clash, well ambush, pastoralist combat",Yes,0.96,A legacy resource flashpoint that remains vulnerable to sudden violence whenever rainy seasons are delayed.,,
KE_LWC_148,KE_LWC_148,Kiambu,Thika Sub-County (Maguguni / Ndula),2/11/2026,5/5/2026,Confiscation of large-scale industrial water pumps and piping assemblies deployed without valid abstraction permits.,Water,River Chania Illegal Pumping Network Seizure,Smallholder Irrigation Cooperatives vs. Large Eco-Farm Syndicates & WRA,"Unpermitted agricultural firms set up multi-stage diesel pumps along the River Chania banks, abstracting large volumes of raw water to fill massive private holding dams for commercial crops. This heavy extraction caused the river's lower velocity to plum",Water Resources Authority (WRA) Enforcement Unit,https://www.water.go.ke,State Regulatory Records,-1.033,37.083,0,0,Criminal Charges Filed,Pumping Gear Confiscated / Base Flow Restored,"Chania water theft, Maguguni irrigation conflict, WRA pump seizure, Thika water crisis",Yes,0.94,Underscores the systemic deployment of unmetered industrial pumps that disrupt water security for smallholders downstream.,,
KE_LWC_159,KE_LWC_159,Turkana,Turkwel Gorge (Border Zone),4/12/2001,9/18/2005,Periodic armed skirmishes and retaliatory livestock raids over altered access to downriver recession agriculture pools.,Water / Land,Hydro-Electric Basin Boundary Displacement,Turkana Pastoralist Settlements vs. West Pokot Border Herders & KenGen,"Following the completion of the Turkwel Hydroelectric Dam, altered downstream river flows disrupted traditional recession farming and dry-season watering points used by Turkana pastoralists. Concurrently, Pokot herders migrated into the newly exposed fer",Shalom Center for Conflict Resolution / ACLED,https://acleddata.com,Conflict Monitoring Database,2.216,35.583,18,4200,Administratively Settled,Joint Water Sharing Enforced,"Turkwel gorge conflict, KenGen dam resource, Pokot Turkana border, river recession",Yes,0.94,A critical legacy baseline entry showing how post-project hydrological alterations transformed traditional dry-season grazing paths into armed flashpoints.,,
KE_LWC_177,KE_LWC_177,Turkana,Turkwel River Delta (Katilu Basin),5/18/2010,9/24/2013,"Physical blockades of hand-dug canal gates, destruction of unmetered timber sluice gates, and localized clan friction.",Water / Land,Irrigation Canal Inflow Tampering Standoff,Upper-Canal Agro-Pastoralists vs. Lower-Basin Farm Committees,"Mismanagement of local gravity-fed irrigation channels off the Turkwel River led to severe upstream-downstream resource friction. Upper-canal farmers constructed non-permitted timber blockages to hold water in their fields for long periods, entirely star",National Irrigation Authority (NIA) Historical Logs,https://www.water.go.ke,Irrigation Scheme Operational Logs,1.95,35.4,0,0,Scheme Regulations Enforced,Sluice Blockages Removed / Rotational Schedule Set,"Katilu irrigation clash, Turkwel canal theft, upstream water lock, sorghum crop failure",Yes,0.93,Illustrates how internal management failures within micro-irrigation schemes can instantly create severe resource inequity in arid zones.,,
KE_LWC_182,KE_LWC_182,Kiambu,Thika Sub-County (Gatuanyaga Estate),3/19/2008,9/24/2012,"Destruction of stone layout beacons, physical road blockades, and a comprehensive land registry caveat lock.",Land,Legacy Plantation Sub-Division Overlay,Original Land Buying Scheme Shareholders vs. Splinter Allocation Cartels,A severe internal management split within a legacy 1970s land-buying society caused the parallel printing of duplicate land share certificates over a 400-acre block in Gatuanyaga. A breakaway faction sub-divided the agricultural block into high-density c,Kiambu District Land Registry Audits / The Standard Archive,https://kenyalaw.org,State Land Audit Register,-1.15,37.1,0,0,Matter Judicially Caveated,Parallel Sales Suspended / Root Register Authenticated,"Gatuanyaga land fraud, duplicate certificates, allocation overlap, Kiambu registry lock",Yes,0.95,Illustrates the long-term operational and structural risks typical of older corporate agricultural land transitions in peri-urban Kiambu.,,
KE_LWC_190,KE_LWC_190,Kiambu,Limuru (Ndeiya Sector),5/10/2007,8/24/2011,"Fencing sabotage, armed community cattle invasions of private enclosures, and localized multi-clan altercations.",Land / Water,Community Grazing Land Borehole Grab,Traditional Maasai/Kikuyu Pastoral Kraals vs. Private Commercial Ranching Syndicates,An intense local land-use standoff emerged when a private commercial syndicate obtained a questionable 150-acre title overlaying a historical communal grazing reserve and public water borehole in Ndeiya. The syndicate installed razor wire around the high,Kiambu District Commissioner Administrative Files,https://kenyalaw.org,Local State Inquest Logs,-2.15,37.25,1,0,Administrative Settlement Executed,Fences Removed / Borehole Reclassified Public,"Ndeiya grazing grab, communal borehole fence, pastoral water dispute, Limuru land overlay",Yes,0.94,"Highlights how attempts to privatize communal water holes inside semi-arid ranch paths can trigger immediate, coordinated community defense actions.",,
KE_LWC_191,KE_LWC_191,Turkana,Turkwel River (Kainuk Border Zone),9/12/2002,10/14/2005,"Intermittent cross-border gun battles, destruction of riverine sorghum fields, and localized population displacements.",Water / Land,Riparian Silt Farming Boundary Skirmish,Turkana Crop Agro-Pastoralists vs. Pokot Border Farmers,"Following shifts in the Turkwel River's path after seasonal flooding, a highly fertile 80-acre riparian silt bed emerged along the contested border zone near Kainuk. Both Turkana and Pokot farming communities laid historical claim to the new agricultural",ACLED / Shalom Center for Conflict Resolution,https://acleddata.com,Non-Governmental Peace Registry,2.45,35.3,6,850,Communitarian Treaty Active,Silt Plots Separated / Elder Monitoring Patrols Fixed,"Kainuk border clash, Turkwel riverine farming, silt plot war, cross-border farming feud",Yes,0.95,"Captures the complex baseline interactions where micro-hydrological changes create highly lucrative farming pockets along fluid, unstable borders.",,
KEN-MCK-215,KEN-MCK-215,Machakos,Machakos - Kiambu Aberdare Wildfire February 2023 - 40000 Acres - CEC Kuria Chania River Karimenu II Threatened,2/1/2023,2/28/2023,"People Daily (February 2023) documented: Aberdare wildfire destroyed 40,000 acres; CEC David Kuria confirmed rivers dried; Chania River and Karimenu II Dam directly threatened. The compaction summary confirmed this as a distinct event: 'Aberdare Forest w",Water-Land,Aberdare Forest Wildfire February 2023 - 40000 Acres Destroyed - CEC David Kuria Confirms - Rivers Dried - Karimenu II Chania River Threatened,KFS; Kiambu CEC Water Environment David Kuria; Aberdare National Park; Chania River; Karimenu II Dam; People Daily,"The compaction summary documented: 'Aberdare Forest wildfire February 2023: 40,000 acres destroyed; CEC David Kuria confirms rivers dried; Karimenu II Dam Chania River threatened.' Kiambu County CIDP 2023-2027 documented: 'The Chania River and its tribut",People Daily; Kiambu CIDP,https://www.pd.co.ke/news/crisis-as-mighty-mt-kenya-rivers-run-on-empty-168571/,Print/Online News; Government,-0.45,36.74,0,Unknown,Historical - Wildfire Event,Resolved (Historical),"Aberdare wildfire February 2023, 40000 acres, CEC David Kuria, rivers dried, Chania River, Karimenu II Dam, compound threat, drought and wildfire concurrent",Yes,0.91,People Daily and Kiambu CIDP directly cited.,,
KEN-MCK-219,KEN-MCK-219,Machakos,Tana River - ICE Database - Pokomo Orma 17th Century - Climate Change Micro-Migration 2012 - Land Grabbing Corporations,8/22/2012,1/10/2013,"ICE (Inventory of Conflict and Environment, American University) documented the Pokomo-Orma 2012 conflict: historical roots to 17th century, climate micro-migration driver, government land grabbing by large corporations as a compounding factor. Four majo",Water-Land,ICE Database - Pokomo Orma 17th Century Roots - 2012 Climate Micro-Migration - Government Land Grabbing Corporations Compound Conflict,ICE (Inventory of Conflict and Environment); Pokomo Orma Communities; Tana River County; Kenya Government; Large Corporations,"ICE (Inventory of Conflict and Environment, American University) documented: 'Clashes between the Pokomo and Orma Tribes of Tana River District in eastern Kenya reached a climax in August of 2012. Historical roots are explored initially dating back to th",ICE American University,http://mandalaprojects.com/ice/ice-cases/tana.htm,Academic,-1.8333,40.05,150+,Unknown,Historical Documentation,Resolved (Historical),"ICE Tana River, Pokomo Orma 17th century, climate micro-migration 2012, land grabbing corporations, four major incidents, 48 56 39 11 deaths, water-land root cause",Yes,0.93,ICE American University directly cited.,,
KE_LWC_234,KE_LWC_234,Turkana,Turkana South (Amoni / Kainuk Sector),9/12/2017,6/30/2021,"Armed raids on watering points, burning of temporary manyattas, and multi-county security buffer zones.",Water / Land,Cross-County Riverine Grazing & Well-Site Dispute,Turkana Pastoralists vs. West Pokot Pastoralists & Armed Marauders,"Deepening drought cycles forced large-scale movement of livestock toward the Turkwel River banks in the Amoni region. Disputes erupted over the control of strategic hand-dug wells in the dry riverbed, which serve as the only water source for thousands of",National Steering Committee on Peace Building (NSC),https://www.nscpeace.go.ke,Peace Committee Reports,1.75,35.5,12,500,Administratively Settled,Resource Sharing Agreement Signed / Joint Water Police Patrols,"Turkwel water war, Kainuk border conflict, riparian grazing, pastoralist well dispute",Yes,0.96,Captures the persistent and complex intersection of climate-driven water scarcity and administrative boundary disputes in the North Rift region.,,
KE_LWC_277,KE_LWC_277,Turkana,Turkana South (Kapedo / Suguta Valley Outliers),9/2/2015,12/14/2022,"Armed perimeter shootouts, cyclical livestock raids at watering troughs, and joint peace-committee declarations.",Water / Land,Perennial Spring Control & Strategic Livestock Watering Access,Turkana South Pastoralist Kraals vs. Transboundary Grazing Competitors,"A cluster of exceptionally high-yield perennial hot springs near Kapedo, acting as the absolute baseline survival node for thousands of livestock during severe dry spells, became the epicenter of a fierce territorial conflict. Competitors from adjacent a",National Steering Committee on Peace Building (NSC) Logs,https://www.nscpeace.go.ke,Peace Committee Reports,1.3,35.6,8,150,Customary Mediation Enforced,Shared Watering Timetable Enforced / Joint Peace Monitoring Outposts Built,"Kapedo spring dispute, Suguta valley water war, livestock watering conflict, transboundary pastoralist rift",Yes,0.94,"A critical entry reflecting high-stakes livestock security and territorial conflict surrounding singular, non-negotiable dry-season water sources.",,
KE_LWC_279,KE_LWC_279,Turkana,Turkana South (Kainuk / Turkwel River Gorge Belt),3/12/2014,11/3/2022,"Armed skirmishes over receding river banks, localized blockades of power station access routes, and peace treaties.",Water / Land,Hydroelectric Dam Downstream Flow Alteration & Agro-Pastoralist Turf Wars,Kainuk Irrigation Cooperatives vs. KenGen Dam Operations & Transboundary Herders,"Unpredictable, low-volume water releases from the Turkwel Hydroelectric Dam combined with shifting rain patterns heavily altered the downstream river recession profiles at Kainuk. The reduction in seasonal flooding caused the traditional riverbank agricu",National Steering Committee on Peace Building (NSC) Chronicles,https://www.nscpeace.go.ke,State Security Reports,2.216,35.583,14,280,Administratively Settled,Multi-Stakeholder Water Release Timetable Enforced / Joint Peace Guards Stationed,"Turkwel dam conflict, Kainuk water war, downstream flow reduction, pastoralist clash",Yes,0.97,"Highlighting the severe socioeconomic volatility caused when large infrastructure modifications shift downstream river profiles, forcing competing users into shrinking zones.",,
KE_LWC_304,KE_LWC_304,Machakos,Mavoko (Athi River Basin / Mlolongo Drainage Buffer),3/14/2019,7/11/2025,"Mass livestock deaths, crop desiccation, multi-year litigation, and multi-billion shilling judicial restitution orders.",Land / Water,Pipeline Spillage Contamination & Groundwater Aquifer Ruin,Smallholder Farming Petitions vs. State Energy Infrastructure & Regulators,"A major underground fuel transportation corridor suffered structural failure, leaking high-density hydrocarbons directly into the primary groundwater table and the Thange River riparian zone. The chemical plume rapidly migrated into community irrigation",Environment and Land Court Case Bulletins,https://kenyalaw.org,Judicial Judgment Registry,-1.2833,37.25,0,0,Judicially Determined,Multi-Billion Shilling Restoration Award Granted / Total Riparian Cleanup Mandated,"Thange river spillage, Mavoko aquifer contamination, pipeline leak litigation, polluter pays principle",Yes,0.98,A landmark entry establishing strict judicial precedent regarding corporate polluter responsibility and regulatory oversight in critical community water networks.,,
KE_LWC_328,KE_LWC_328,Kiambu,Thika Sub-County (Kabati / Thika River Tributaries),8/22/2019,11/18/2024,"Severe seasonal road washouts, community-led machinery seizures, and ELC permanent structural injunctions.",Land / Water,Valley Wetland Excavation & Heavy Industrial Factory Infilling,Kabati Environmental Conservation Trust vs. Steel and Logistics Consortia,"A consortium of industrial developers deployed heavy machinery to ditch, drain, and infill a sensitive 6-acre valley-bottom wetland along a key tributary of the Thika River to build a heavy steel fabrication yard. The infilling completely destroyed the w",Kenya Environment and Land Court Case Logs,https://kenyalaw.org,Judicial Judgment Registry,-0.95,37.15,0,250,Judicially Determined,Factory Construction Terminated / Wetland Protection and Restoration Enforced,"Kabati wetland grab, Thika drainage row, industrial infilling dispute, ELC conservation order",Yes,0.96,Demonstrates the vital role of the judiciary in halting heavy industrial expansion when it directly threatens fragile wetland ecosystems and smallholder agricultural security.,,
KMB-WAT-018,KMB-WAT-018,Kiambu,Thika River Basin,9/18/2012,10/12/2016,Multi-county environmental pushback over the Northern Water Collector Tunnel.,Water,Sub-Catchment Siltation,Regional WRUAs vs. Trans-Basin Infrastructure,"Public and administrative disputes over the massive Aberdare diversion works, with local community leaders fearing the drying up of downstream agrarian valleys.",The Star Newspaper,https://www.the-star.co.ke/news/2016-10-12-secret-project-runs-into-turbulent-waters,National Press Archive,-0.7,36.85,0,0,Appellate Review,Project Approved under EIA,,,,,,
KMB-LND-019,KMB-LND-019,Kiambu,Ndeiya / Karai,6/12/2014,11/5/2017,Clashes over communal grazing boundaries and private survey beacons.,Land,Community Boundary Rift,Agro-pastoralist Groups vs. Speculative Firms,Arid sections of western Kiambu faced community standoffs as large scale corporate subdivisions fenced off traditional corridors used by local herders.,Internal Displacement Monitoring Centre,https://www.internal-displacement.org/sites/default/files/publications/documents/201502-af-kenya-pmr-en.pdf,Global Displacement Monitor,1.1,35.8,0,35,Administrative Review,Boundaries Redrawn by NLC,,,,,,
KMB-WAT-026,KMB-WAT-026,Kiambu,Chania River Node,2/18/2016,10/22/2019,Downstream water sharing friction along the shared Chania boundary.,Water,Inter-Basin Allocation,Murang'a County Leadership vs. Kiambu Water Grid,Cross-border political and administrative standoffs regarding the volume of water extracted from the Chania catchment to supply expanding urban centers in lower Kiambu.,Parliament of Kenya Archive,https://www.parliament.go.ke/sites/default/files/2019-10/Report%20on%20Chania%20Water%20Sharing%20Formula.pdf,Legislative Committee Report,-1.033,37.05,0,0,Senate Committee Inquiry,National Joint-Tariff Framework,,,,,,
KMB-LND-029,KMB-LND-029,Kiambu,Nachu / Ndeiya,11/15/2018,6/13/2022,Mechanized stone blasting encroaches on communal water pan pathways.,Land,Quarry Encroachment,Smallholder Agro-pastoralists vs. Mining Cooperatives,Standoff caused by expanding ballast and building-stone quarries that disrupted traditional livestock routes and caused structural damage to nearby groundwater retaining clay pans.,Ministry of Mining / NEMA,https://www.nema.go.ke/images/Docs/EIA_Licenses/Kiambu_Quarry_Audit_Report_2022.pdf,Environmental Audit Registry,-1.1,37.1,0,0,Licensing Conditions Review,Blasting Buffer Zone Enforced,,,,,,
KMB-LND-049,KMB-LND-049,Kiambu,Thika / Ndula,8/11/2016,5/24/2021,Public petitions demand returning thousands of acres of pineapple plantations.,Land,Large-Scale Lease Row,Kandara Residents Association vs. Agribusiness Corp,Land use and socio-spatial battle over historical colonial land allocation boundaries and the non-renewal of massive corporate farming leases.,Business & Human Rights,https://www.business-humanrights.org/en/latest-news/del-monte-land-lease-row-deepens-as-kiambu-county-government-declines-to-renew-it/,Corporate Watch Archive,-1.15,37.1,0,0,Constitutional Petition,National Land Commission Review,,,,,,
KMB-WAT-064,KMB-WAT-064,Kiambu,Chania River Axis,2/18/2016,10/22/2019,Disagreements over bulk water extraction rates to feed Kiambu's expanding towns.,Water,Trans-County Allocation,Regional Inter-County Boards vs. National Water Regulator,Inter-basinal political friction where upstream leadership threatened to shut off extraction infrastructure supplying downstream urban domestic users.,Parliament of Kenya Archive,https://www.parliament.go.ke/sites/default/files/2019-10/Report%20on%20Chania%20Water%20Sharing%2Formula.pdf,Parliamentary Oversight File,-1.0833,36.8333,0,0,Legislative Committee Inquiry,Revenue and Rationing Pact Signed,,,,,,
KMB-LND-085,KMB-LND-085,Kiambu,Thika Sub-County / Ngararia,6/18/2010,3/22/2019,Bitter management blockades halt the mapping and title allocation of old ranch farms.,Land,Agricultural Company Split,Splinter Group Directors vs. Founding Land Shareholders,Long-running physical and legal fight involving thousands of ancestral land buyers over overlapping registers and missing plot boundary allocations.,High Court of Kenya (ELC),[suspicious link removed],Official Case Law Database,-1.1833,36.8333,0,0,Corporate Liquidation Suit,Court-Supervised Land Surveying,,,,,,
TUR-LND-006,TUR-LND-006,Turkana,Kainuk / Border,8/25/2017,10/12/2022,Armed ambushes along administrative boundaries over strategic river valley access.,Land,Inter-County Boundary Row,Turkana South Herders vs. Pokot Border Pastors,"High-tension territorial war over the control of arable riverine pastures and watering banks along the Turkwel River boundary axis, disrupting trade networks.",High Court of Kenya,[suspicious link removed],Official Case Law Database,1.3,35.6,15,600,Boundary Commission Review,Security Buffer Zones Established,"border-clash, riverine-pasture, Pokot, Kainuk",Yes,0.95,Monitored by joint multi-agency security teams from both counties.,,
TUR-LND-008,TUR-LND-008,Turkana,Turkwel Dam Axis,2/11/2015,8/24/2019,Protests and administrative blockades over unfulfilled resettlement land allocations.,Land,Hydro-Power Land Dispute,Displaced Families vs. Regional Energy Corporation,Legacy property battle where communities displaced during the dam's historical construction filed claims over broken land allocation promises and lack of irrigation utility taps.,Energy & Petroleum Tribunal,[suspicious link removed],Official Case Law Database,2.15,35.35,0,110,Land Acquisition Tort,Compensation Adjustments Awarded,"hydro-dam, displacement, resettlement, compensation",Yes,0.9,Legal tracking handled under KenGen historical compensation files.,,
TUR-LND-016,TUR-LND-016,Turkana,Lokiriama / Border,9/11/2018,12/15/2022,High-casualty armed raids over shared dry-season migration grazing pockets.,Land,Transboundary Range War,Turkana South Pastors vs. Karamojong Herder Units,Protracted socio-spatial border conflict driven by extreme weather changes that caused uncoordinated migrations into critical transboundary reserve blocks.,Pax Christi International,https://www.paxforpeace.nl/media/download/pax-report-the-turkana-tribunal.pdf,NGO Peace Archive,2.25,34.95,18,450,International Border Peace Treaty,Lokiriama Peace Accord Re-affirmed,"range-war, Karamojong, cross-border, Lokiriama",Yes,0.96,Historical conflict node with established cross-border peace monuments.,,
TUR-WAT-021,TUR-WAT-021,Turkana,Kibish / Elemi Axis,11/12/2020,2/18/2024,Violent exchanges over control of deep historical volcanic rock cistern access holes.,Water,Strategic Rock Catchment Row,Local Clan Defense Units vs. Cross-Border Armed Raiders,"Armed territorial asset battle over the sole functional dry-season water point within a 45-kilometer radius, requiring national military deployment to secure.",High Court of Kenya,[suspicious link removed],Official Case Law Database,4.3115,36.2271,9,180,National Security Order,Permanent Security Post Built at Site,"rock-catchment, armed-raid, water-security, Kibish",Yes,0.93,"Extremely remote, high-risk node monitored by border patrol systems.",,
TUR-WAT-027,TUR-WAT-027,Turkana,Omo River Delta / Lake End,2/10/2021,11/14/2024,Armed lake skirmishes over shifting underwater net layouts and boundaries.,Water,Transboundary Fishing Ground Row,Turkana Gillnet Cooperatives vs. Dasanech Armed Teams,"Changing lake volumes caused by upstream dam infrastructure altered fish breeding zones, pushing competing artisanal fishing teams into violent territorial net-slashing clashes.",Pax Christi International,https://www.paxforpeace.nl/media/download/pax-report-the-turkana-tribunal.pdf,NGO Peace Archive,3.583,36.117,6,90,International Bilateral Review,Co-managed Fishing Zones Enforced,"transboundary, fishing-net, Omo-delta, breeding-ground",Yes,0.94,Requires routine surveillance by the Kenya Coast Guard Service.,,
TUR-LND-030,TUR-LND-030,Turkana,Kainuk Gorge / South Axis,8/11/2020,2/28/2024,Armed skirmishes over dry-season grass rights along contested border slopes.,Land,Inter-County Grazing Encroach,Turkana South Community vs. West Pokot Pastoralists,"Severe environmental pressure forced cross-border livestock teams into core riverine reserve zones without cultural clearance from local elders, igniting armed clashes.",CEWARN IGAD,https://cewarn.org/index.php/reports/country-reports/kenya/file/212-turkana-border-pastoral-dynamics,Inter-Governmental Archive,1.35,35.55,14,520,Inter-County Security Decree,Joint Border Pasture Sharing Calendar,"border-clash, riverine-pasture, Kainuk, migration",Yes,0.96,Managed by a joint peace committee consisting of Turkana and Pokot elders.,,
TUR-LND-036,TUR-LND-036,Turkana,Turkwel Dam Riparian Zone,11/20/2017,8/14/2021,Forced removal of brush fences built within the dam's maximum flood contour.,Land,Reservoir Margin Cultivation,Hydro-Power Utility vs. Drawdown Agriculture Groups,"Operational safety standoffs where smallholders cleared protective riverine vegetation to plant recession crops, creating siltation hazards inside the power station’s reserve footprint.",Energy & Petroleum Tribunal,[suspicious link removed],Official Case Law Database,-0.7,37.75,0,45,Utility Wayleave Act Enforcement,"Buffer Clearance, Agroforestry Buffer","reservoir-siltation, wayleave, Turkwel-dam, recession-farming",Yes,0.93,Coordinated with KenGen catchment restoration initiatives.,,
TUR-LND-042,TUR-LND-042,Turkana,Kainuk / South Border,3/24/2018,11/15/2023,Persistent armed ambushes over arable pasture along administrative lines.,Land,Inter-County Buffer Encroachment,Turkana South Border Herders vs. West Pokot Border Communities,"A major inter-county boundary dispute centered on the fertile, riverine agricultural and grazing lands along the southern border near Kainuk. Both communities claimed ancestral ownership of the river valley pastures. Shifting weather patterns pushed Poko",High Court of Kenya,[suspicious link removed],Official Case Law Database,2.216,35.583,17,1200,Border Commission Adjudication,Joint Security Buffer Established,"border-row, riverine-pasture, Kainuk, Pokot",Yes,0.96,Monitored by a joint multi-agency security team from both counties.,,
TUR-LND-044,TUR-LND-044,Turkana,Turkwel Hydro Infrastructure,7/15/2016,3/10/2022,Protests and legal petitions over unfulfilled land compensation packages.,Land,Post-Displacement Resettlement Claim,Affected Dam Project Families vs. State Energy Agency,"A long-standing legal battle over land acquisition and displacement that dates back to the building of the Turkwel Hydroelectric Dam. Representatives of the displaced families filed formal class-action suits, demonstrating that the land swap agreements a",Energy & Petroleum Tribunal,[suspicious link removed],Official Case Law Database,2.15,35.35,0,300,Land Acquisition Tort Review,Financial Restitution Mandated,"dam-displacement, land-compensation, KenGen, wayleave",Yes,0.91,Managed under historic energy infrastructure settlement frameworks.,,
TUR-LND-058,TUR-LND-058,Turkana,Turkwel Dam Catchment,6/18/2017,12/14/2021,Clearcutting of protected reservoir-margin forests sparks legal evictions.,Land,Protection Zone Encroachment,Hydropower Generation Firm vs. Riparian Charcoal Burners,This environmental land dispute centered on the protected buffer zone surrounding the Turkwel Hydroelectric Dam reservoir. Impoverished local families and commercial charcoal syndicates began clearcutting dense indigenous acacia forests within the dam's,Energy & Petroleum Tribunal,[suspicious link removed],Official Case Law Database,2.18,35.4,0,70,Utility Wayleave Act Enforcement,"Buffer Evictions Executed, Reforestation Started","reservoir-siltation, charcoal-burning, Turkwel-dam, buffer-zone",Yes,0.92,Managed via joint KenGen and Kenya Forest Service patrols.,,
TUR-LND-060,TUR-LND-060,Turkana,Loima / Lokiriama Plain,3/14/2020,11/22/2023,Destruction of private farm fencing built on communal wet-season ranges.,Land,Clan Pasture Enclosure Dispute,Traditional Grazing Councils vs. Individual Agro-Pastoralist Enclosers,"This land management conflict occurred on the open plains of Loima, where individual households attempted to permanently fence off 5-acre plots of fertile communal land along seasonal stream beds to cultivate fodder crops for private sale. The traditiona",REACH Water Programme,https://reachwater.uk/wp-content/uploads/2024/11/Public-participation-and-community-engagement-in-domestic-water-supply-management-v9.pdf,Academic Monograph,2.65,35.35,0,0,Customary Law Adjudication,"Enclosures Removed, Land Restored to Common","customary-law, pasture-enclosure, Loima, communal-grazing",Yes,0.91,Successfully aligned with the provisions of the Community Land Act.,,
TUR-LND-066,TUR-LND-066,Turkana,Kainuk / Highway Corridor,5/19/2018,10/12/2023,Gun battles over the expansion of farm clearing into communal riverine plains.,Land,Border Farm Plot Expansion,Turkana South Farmers vs. West Pokot Border Agribusiness Outfits,"A highly volatile land ownership row along the southern inter-county border near Kainuk town. Pokot agricultural cooperatives began pushing their farm clearing boundaries northward across contested riverine plains along the Malimalite River, setting up w",High Court of Kenya,[suspicious link removed],Official Case Law Database,2.216,35.583,13,950,Inter-County Boundary Review Order,"Status Quo Restored, Fences Removed","border-row, land-clearing, Kainuk, Pokot",Yes,0.96,Monitored by a joint deployment of national police forces.,,
TUR-LND-068,TUR-LND-068,Turkana,Turkwel Power Station Buffer,8/22/2017,4/14/2022,Legal eviction and removal of commercial charcoal burning camps within a utility buffer.,Land,Hydro Reservoir Encroachment,State Hydropower Utility vs. Local Charcoal Harvesting Collectives,A protracted environmental land dispute focused on the gazetted protection zone surrounding the Turkwel Hydroelectric Dam reservoir. Commercial charcoal syndicates and local families established permanent settlements and mud kilns within the dam's maximu,Energy & Petroleum Tribunal,[suspicious link removed],Official Case Law Database,2.18,35.4,0,90,Utility Wayleave Act Adjudication,"Encampments Evicted, Reforestation Initiated","reservoir-siltation, charcoal-burning, Turkwel-dam, buffer-zone",Yes,0.93,Supervised via joint patrols by KenGen and the Kenya Forest Service.,,
MAC-LND-046,MAC-LND-046,Machakos,Masinga Dam Eastern Banks,5/19/2017,4/14/2022,Forced eviction of large-scale pump installations and clear-cutting setups inside a dam's flood zone.,Land,Reservoir High-Water Encroachment,State Hydropower Utility vs. Commercial Riparian Irrigation Syndicates,"An environmental land governance row focused on the protected maximum flood contour line of Masinga Dam. Commercial farming enterprises leased adjacent land blocks and progressively extended their high-yield irrigation pump stations, plastic greenhouses,",KenGen Kenya,https://www.kengen.co.ke/index.php/sustainability/environmental-management.html,Corporate Environmental Report,-0.7,37.75,0,60,Utility Wayleave Act Adjudication,"Irrigation Sheds Demolished, Buffer Reclaimed","dam-encroachment, Masinga-dam, flood-buffer, riparian-clearance",Yes,0.94,Regulated through continuous boundary patrols by utility rangers.,,
