ADM1_EN,ADM2_EN,Shape_Area,Year,Month,Date,Mean_NDVI
Kiambu,Gatundu North,0.0190562071078,2004.0,1.0,2004-01,0.7603586719038695
Kiambu,Gatundu South,0.018013492523,2004.0,1.0,2004-01,0.7413714897948431
Kiambu,Githunguri,0.0140557399999,2004.0,1.0,2004-01,0.7262667242267379
Kiambu,Juja,0.0303444523402,2004.0,1.0,2004-01,0.5689832076882412
Kiambu,Kabete,0.00456838148631,2004.0,1.0,2004-01,0.5920023705571005
Kiambu,Kiambaa,0.00720464174127,2004.0,1.0,2004-01,0.6803112004437342
Kiambu,Kiambu,0.00796244668767,2004.0,1.0,2004-01,0.6670289190498677
Kiambu,Kikuyu,0.0141641490709,2004.0,1.0,2004-01,0.4467053288773565
Kiambu,Lari,0.037858207576,2004.0,1.0,2004-01,0.7474726799146431
Kiambu,Limuru,0.0231553754199,2004.0,1.0,2004-01,0.5305670047121063
Kiambu,Ruiru,0.0124421280679,2004.0,1.0,2004-01,0.4261777886593514
Kiambu,Thika Town,0.0178033031507,2004.0,1.0,2004-01,0.6101993496680286
Machakos,Kangundo,0.013896319438,2004.0,1.0,2004-01,0.6512836095243912
Machakos,Kathiani,0.0167415041685,2004.0,1.0,2004-01,0.6280851549299439
Machakos,Machakos Town,0.0615270519301,2004.0,1.0,2004-01,0.4932782707608579
Machakos,Masinga,0.11427469357,2004.0,1.0,2004-01,0.5582715463112629
Machakos,Matungulu,0.0472449879416,2004.0,1.0,2004-01,0.5847148489906545
Machakos,Mavoko,0.0684719511619,2004.0,1.0,2004-01,0.3700858200633743
Machakos,Mwala,0.0827962943547,2004.0,1.0,2004-01,0.6240590974126136
Machakos,Yatta,0.0862109028544,2004.0,1.0,2004-01,0.6075927686903693
Nairobi,Dagoretti,0.00198642271282,2004.0,1.0,2004-01,0.5484745100382411
Nairobi,Embakasi Central,0.000664901959297,2004.0,1.0,2004-01,0.2868785877942096
Nairobi,Embakasi East,0.00697580217167,2004.0,1.0,2004-01,0.3255477221680244
Nairobi,Embakasi North,0.000441181256097,2004.0,1.0,2004-01,0.3370490351388951
Nairobi,Embakasi South,0.00142609820487,2004.0,1.0,2004-01,0.2855789462001606
Nairobi,Embakasi West,0.000793166442342,2004.0,1.0,2004-01,0.3419730545572528
Nairobi,Kamukunji,0.000718135459802,2004.0,1.0,2004-01,0.3574309989814738
Nairobi,Kasarani,0.0110736011415,2004.0,1.0,2004-01,0.3622564048649249
Nairobi,Kibra,0.00100197842996,2004.0,1.0,2004-01,0.4473359907197164
Nairobi,Kilimani,0.00238546350977,2004.0,1.0,2004-01,0.5382915049892577
Nairobi,Langata,0.0170497156745,2004.0,1.0,2004-01,0.4780645623892738
Nairobi,Makadara,0.000974908477702,2004.0,1.0,2004-01,0.3086359870865566
Nairobi,Mathare,0.000235884309461,2004.0,1.0,2004-01,0.3528882192356154
Nairobi,Roysambu,0.00390887981589,2004.0,1.0,2004-01,0.5695405064380288
Nairobi,Ruaraka,0.000583416833502,2004.0,1.0,2004-01,0.4485862982563267
Nairobi,Starehe,0.00136813789598,2004.0,1.0,2004-01,0.311827939943326
Nairobi,Westlands,0.00590790301496,2004.0,1.0,2004-01,0.6236323599327704
Turkana,Loima,0.792863767753,2004.0,1.0,2004-01,0.2092185809716124
Turkana,Turkana Central,0.538281501213,2004.0,1.0,2004-01,0.1265229036467951
Turkana,Turkana East,0.909087463502,2004.0,1.0,2004-01,0.1789073111511727
Turkana,Turkana North,1.66897152383,2004.0,1.0,2004-01,0.2085704626108325
Turkana,Turkana South,0.603285539944,2004.0,1.0,2004-01,0.168223969147183
Turkana,Turkana West,1.19593592043,2004.0,1.0,2004-01,0.2312861148809697
Kiambu,Gatundu North,0.0190562071078,2004.0,2.0,2004-02,0.7481783633704394
Kiambu,Gatundu South,0.018013492523,2004.0,2.0,2004-02,0.7193285189894544
Kiambu,Githunguri,0.0140557399999,2004.0,2.0,2004-02,0.6922231514632066
Kiambu,Juja,0.0303444523402,2004.0,2.0,2004-02,0.5224475476555052
Kiambu,Kabete,0.00456838148631,2004.0,2.0,2004-02,0.6429787795507512
Kiambu,Kiambaa,0.00720464174127,2004.0,2.0,2004-02,0.7209470841502332
Kiambu,Kiambu,0.00796244668767,2004.0,2.0,2004-02,0.6562765987527029
Kiambu,Kikuyu,0.0141641490709,2004.0,2.0,2004-02,0.4813348319651644
Kiambu,Lari,0.037858207576,2004.0,2.0,2004-02,0.7522180111889526
Kiambu,Limuru,0.0231553754199,2004.0,2.0,2004-02,0.5466584873851225
Kiambu,Ruiru,0.0124421280679,2004.0,2.0,2004-02,0.3954496327468944
Kiambu,Thika Town,0.0178033031507,2004.0,2.0,2004-02,0.5529511019251595
Machakos,Kangundo,0.013896319438,2004.0,2.0,2004-02,0.6696439594296641
Machakos,Kathiani,0.0167415041685,2004.0,2.0,2004-02,0.621464313827662
Machakos,Machakos Town,0.0615270519301,2004.0,2.0,2004-02,0.4914728257001247
Machakos,Masinga,0.11427469357,2004.0,2.0,2004-02,0.4558096527848346
Machakos,Matungulu,0.0472449879416,2004.0,2.0,2004-02,0.5774504576269135
Machakos,Mavoko,0.0684719511619,2004.0,2.0,2004-02,0.3785246869187179
Machakos,Mwala,0.0827962943547,2004.0,2.0,2004-02,0.5702013217764441
Machakos,Yatta,0.0862109028544,2004.0,2.0,2004-02,0.5126196000087182
Nairobi,Dagoretti,0.00198642271282,2004.0,2.0,2004-02,0.6085505327836205
Nairobi,Embakasi Central,0.000664901959297,2004.0,2.0,2004-02,0.3664907787068168
Nairobi,Embakasi East,0.00697580217167,2004.0,2.0,2004-02,0.4236743283061462
Nairobi,Embakasi North,0.000441181256097,2004.0,2.0,2004-02,0.348187109006866
Nairobi,Embakasi South,0.00142609820487,2004.0,2.0,2004-02,0.3871240580172579
Nairobi,Embakasi West,0.000793166442342,2004.0,2.0,2004-02,0.4034456698612356
Nairobi,Kamukunji,0.000718135459802,2004.0,2.0,2004-02,0.374676309631954
Nairobi,Kasarani,0.0110736011415,2004.0,2.0,2004-02,0.3787320293267495
Nairobi,Kibra,0.00100197842996,2004.0,2.0,2004-02,0.4963148099516248
Nairobi,Kilimani,0.00238546350977,2004.0,2.0,2004-02,0.5839315849501072
Nairobi,Langata,0.0170497156745,2004.0,2.0,2004-02,0.5876031345752916
Nairobi,Makadara,0.000974908477702,2004.0,2.0,2004-02,0.3813784897768574
Nairobi,Mathare,0.000235884309461,2004.0,2.0,2004-02,0.3680211507769845
Nairobi,Roysambu,0.00390887981589,2004.0,2.0,2004-02,0.5611060619710891
Nairobi,Ruaraka,0.000583416833502,2004.0,2.0,2004-02,0.4486891529276075
Nairobi,Starehe,0.00136813789598,2004.0,2.0,2004-02,0.3380438562630118
Nairobi,Westlands,0.00590790301496,2004.0,2.0,2004-02,0.6898806668050538
Turkana,Loima,0.792863767753,2004.0,2.0,2004-02,0.1980420323177224
Turkana,Turkana Central,0.538281501213,2004.0,2.0,2004-02,0.1283777594854603
Turkana,Turkana East,0.909087463502,2004.0,2.0,2004-02,0.1700700449327309
Turkana,Turkana North,1.66897152383,2004.0,2.0,2004-02,0.1873321748022753
Turkana,Turkana South,0.603285539944,2004.0,2.0,2004-02,0.1667338679062551
Turkana,Turkana West,1.19593592043,2004.0,2.0,2004-02,0.2105184622210434
Kiambu,Gatundu North,0.0190562071078,2004.0,3.0,2004-03,0.6610393125028545
Kiambu,Gatundu South,0.018013492523,2004.0,3.0,2004-03,0.6265712345561079
Kiambu,Githunguri,0.0140557399999,2004.0,3.0,2004-03,0.6096660209102099
Kiambu,Juja,0.0303444523402,2004.0,3.0,2004-03,0.4153119625209321
Kiambu,Kabete,0.00456838148631,2004.0,3.0,2004-03,0.518822789920043
Kiambu,Kiambaa,0.00720464174127,2004.0,3.0,2004-03,0.5952908563575356
Kiambu,Kiambu,0.00796244668767,2004.0,3.0,2004-03,0.5481763328943776
Kiambu,Kikuyu,0.0141641490709,2004.0,3.0,2004-03,0.4403380234678987
Kiambu,Lari,0.037858207576,2004.0,3.0,2004-03,0.716456497367612
Kiambu,Limuru,0.0231553754199,2004.0,3.0,2004-03,0.5221541114742674
Kiambu,Ruiru,0.0124421280679,2004.0,3.0,2004-03,0.3205583577108843
Kiambu,Thika Town,0.0178033031507,2004.0,3.0,2004-03,0.4112663338611545
Machakos,Kangundo,0.013896319438,2004.0,3.0,2004-03,0.517602892533162
Machakos,Kathiani,0.0167415041685,2004.0,3.0,2004-03,0.4874522832434145
Machakos,Machakos Town,0.0615270519301,2004.0,3.0,2004-03,0.4170042246668039
Machakos,Masinga,0.11427469357,2004.0,3.0,2004-03,0.3352820049657493
Machakos,Matungulu,0.0472449879416,2004.0,3.0,2004-03,0.435785192016167
Machakos,Mavoko,0.0684719511619,2004.0,3.0,2004-03,0.3292796236235936
Machakos,Mwala,0.0827962943547,2004.0,3.0,2004-03,0.4108647172589331
Machakos,Yatta,0.0862109028544,2004.0,3.0,2004-03,0.3673974009973403
Nairobi,Dagoretti,0.00198642271282,2004.0,3.0,2004-03,0.5123032599386552
Nairobi,Embakasi Central,0.000664901959297,2004.0,3.0,2004-03,0.2762221367572231
Nairobi,Embakasi East,0.00697580217167,2004.0,3.0,2004-03,0.3265143745604277
Nairobi,Embakasi North,0.000441181256097,2004.0,3.0,2004-03,0.284812083202441
Nairobi,Embakasi South,0.00142609820487,2004.0,3.0,2004-03,0.3166208242002165
Nairobi,Embakasi West,0.000793166442342,2004.0,3.0,2004-03,0.2983336390635918
Nairobi,Kamukunji,0.000718135459802,2004.0,3.0,2004-03,0.2986074118424311
Nairobi,Kasarani,0.0110736011415,2004.0,3.0,2004-03,0.3109892978623056
Nairobi,Kibra,0.00100197842996,2004.0,3.0,2004-03,0.3987892348701747
Nairobi,Kilimani,0.00238546350977,2004.0,3.0,2004-03,0.4870221472474055
Nairobi,Langata,0.0170497156745,2004.0,3.0,2004-03,0.4725713806053703
Nairobi,Makadara,0.000974908477702,2004.0,3.0,2004-03,0.3000948792917909
Nairobi,Mathare,0.000235884309461,2004.0,3.0,2004-03,0.2948182150356993
Nairobi,Roysambu,0.00390887981589,2004.0,3.0,2004-03,0.4398824849678094
Nairobi,Ruaraka,0.000583416833502,2004.0,3.0,2004-03,0.3627894785942059
Nairobi,Starehe,0.00136813789598,2004.0,3.0,2004-03,0.2740870337439276
Nairobi,Westlands,0.00590790301496,2004.0,3.0,2004-03,0.5808927982643515
Turkana,Loima,0.792863767753,2004.0,3.0,2004-03,0.1808543185791169
Turkana,Turkana Central,0.538281501213,2004.0,3.0,2004-03,0.1005309011935105
Turkana,Turkana East,0.909087463502,2004.0,3.0,2004-03,0.1594958128532021
Turkana,Turkana North,1.66897152383,2004.0,3.0,2004-03,0.1592595316758477
Turkana,Turkana South,0.603285539944,2004.0,3.0,2004-03,0.1525918998470946
Turkana,Turkana West,1.19593592043,2004.0,3.0,2004-03,0.1930155658570919
Kiambu,Gatundu North,0.0190562071078,2004.0,4.0,2004-04,0.7095107958673981
Kiambu,Gatundu South,0.018013492523,2004.0,4.0,2004-04,0.7023222111503481
Kiambu,Githunguri,0.0140557399999,2004.0,4.0,2004-04,0.6808211875248028
Kiambu,Juja,0.0303444523402,2004.0,4.0,2004-04,0.5945274374658995
Kiambu,Kabete,0.00456838148631,2004.0,4.0,2004-04,0.6263305305058162
Kiambu,Kiambaa,0.00720464174127,2004.0,4.0,2004-04,0.6751370961497277
Kiambu,Kiambu,0.00796244668767,2004.0,4.0,2004-04,0.6569581825974622
Kiambu,Kikuyu,0.0141641490709,2004.0,4.0,2004-04,0.5944197855014097
Kiambu,Lari,0.037858207576,2004.0,4.0,2004-04,0.704372562820951
Kiambu,Limuru,0.0231553754199,2004.0,4.0,2004-04,0.6186376777504216
Kiambu,Ruiru,0.0124421280679,2004.0,4.0,2004-04,0.6085218617347702
Kiambu,Thika Town,0.0178033031507,2004.0,4.0,2004-04,0.6132824490374212
Machakos,Kangundo,0.013896319438,2004.0,4.0,2004-04,0.6110361165240622
Machakos,Kathiani,0.0167415041685,2004.0,4.0,2004-04,0.5607322036161357
Machakos,Machakos Town,0.0615270519301,2004.0,4.0,2004-04,0.5222212599174479
Machakos,Masinga,0.11427469357,2004.0,4.0,2004-04,0.5040598417209956
Machakos,Matungulu,0.0472449879416,2004.0,4.0,2004-04,0.576011916364506
Machakos,Mavoko,0.0684719511619,2004.0,4.0,2004-04,0.5278450711815581
Machakos,Mwala,0.0827962943547,2004.0,4.0,2004-04,0.5594602854286982
Machakos,Yatta,0.0862109028544,2004.0,4.0,2004-04,0.5741567330871515
Nairobi,Dagoretti,0.00198642271282,2004.0,4.0,2004-04,0.5703513712954116
Nairobi,Embakasi Central,0.000664901959297,2004.0,4.0,2004-04,0.4289940443955127
Nairobi,Embakasi East,0.00697580217167,2004.0,4.0,2004-04,0.5294971600834909
Nairobi,Embakasi North,0.000441181256097,2004.0,4.0,2004-04,0.401231600323116
Nairobi,Embakasi South,0.00142609820487,2004.0,4.0,2004-04,0.3969351890902027
Nairobi,Embakasi West,0.000793166442342,2004.0,4.0,2004-04,0.4638074985025455
Nairobi,Kamukunji,0.000718135459802,2004.0,4.0,2004-04,0.4475609587909819
Nairobi,Kasarani,0.0110736011415,2004.0,4.0,2004-04,0.555663864463825
Nairobi,Kibra,0.00100197842996,2004.0,4.0,2004-04,0.4798531088952516
Nairobi,Kilimani,0.00238546350977,2004.0,4.0,2004-04,0.5602816139815354
Nairobi,Langata,0.0170497156745,2004.0,4.0,2004-04,0.5480197876482592
Nairobi,Makadara,0.000974908477702,2004.0,4.0,2004-04,0.409273610688108
Nairobi,Mathare,0.000235884309461,2004.0,4.0,2004-04,0.3875821965560689
Nairobi,Roysambu,0.00390887981589,2004.0,4.0,2004-04,0.5751400104263672
Nairobi,Ruaraka,0.000583416833502,2004.0,4.0,2004-04,0.4961289300495288
Nairobi,Starehe,0.00136813789598,2004.0,4.0,2004-04,0.3626167816042097
Nairobi,Westlands,0.00590790301496,2004.0,4.0,2004-04,0.6435926717066546
Turkana,Loima,0.792863767753,2004.0,4.0,2004-04,0.2460846455856035
Turkana,Turkana Central,0.538281501213,2004.0,4.0,2004-04,0.1205906501166493
Turkana,Turkana East,0.909087463502,2004.0,4.0,2004-04,0.265153798906813
Turkana,Turkana North,1.66897152383,2004.0,4.0,2004-04,0.22713614007726
Turkana,Turkana South,0.603285539944,2004.0,4.0,2004-04,0.2200030705166966
Turkana,Turkana West,1.19593592043,2004.0,4.0,2004-04,0.2982371343602769
Kiambu,Gatundu North,0.0190562071078,2004.0,5.0,2004-05,0.7639381866044408
Kiambu,Gatundu South,0.018013492523,2004.0,5.0,2004-05,0.747696302799115
Kiambu,Githunguri,0.0140557399999,2004.0,5.0,2004-05,0.7454370278737117
Kiambu,Juja,0.0303444523402,2004.0,5.0,2004-05,0.6516071628132242
Kiambu,Kabete,0.00456838148631,2004.0,5.0,2004-05,0.6995324265616744
Kiambu,Kiambaa,0.00720464174127,2004.0,5.0,2004-05,0.7249636935653061
Kiambu,Kiambu,0.00796244668767,2004.0,5.0,2004-05,0.7030603792829277
Kiambu,Kikuyu,0.0141641490709,2004.0,5.0,2004-05,0.6799716253376196
Kiambu,Lari,0.037858207576,2004.0,5.0,2004-05,0.7774831215266397
Kiambu,Limuru,0.0231553754199,2004.0,5.0,2004-05,0.7050332857794513
Kiambu,Ruiru,0.0124421280679,2004.0,5.0,2004-05,0.6592261260043815
Kiambu,Thika Town,0.0178033031507,2004.0,5.0,2004-05,0.6646938344306466
Machakos,Kangundo,0.013896319438,2004.0,5.0,2004-05,0.663464674470809
Machakos,Kathiani,0.0167415041685,2004.0,5.0,2004-05,0.6130597467500398
Machakos,Machakos Town,0.0615270519301,2004.0,5.0,2004-05,0.577708314100418
Machakos,Masinga,0.11427469357,2004.0,5.0,2004-05,0.4927486820120303
Machakos,Matungulu,0.0472449879416,2004.0,5.0,2004-05,0.6352221307680108
Machakos,Mavoko,0.0684719511619,2004.0,5.0,2004-05,0.5659546226630656
Machakos,Mwala,0.0827962943547,2004.0,5.0,2004-05,0.5640638418560261
Machakos,Yatta,0.0862109028544,2004.0,5.0,2004-05,0.5831389074460922
Nairobi,Dagoretti,0.00198642271282,2004.0,5.0,2004-05,0.621970238308636
Nairobi,Embakasi Central,0.000664901959297,2004.0,5.0,2004-05,0.4405041509209393
Nairobi,Embakasi East,0.00697580217167,2004.0,5.0,2004-05,0.5696323711913238
Nairobi,Embakasi North,0.000441181256097,2004.0,5.0,2004-05,0.4112589642328227
Nairobi,Embakasi South,0.00142609820487,2004.0,5.0,2004-05,0.4419325011792122
Nairobi,Embakasi West,0.000793166442342,2004.0,5.0,2004-05,0.4619604297693914
Nairobi,Kamukunji,0.000718135459802,2004.0,5.0,2004-05,0.4394457937622152
Nairobi,Kasarani,0.0110736011415,2004.0,5.0,2004-05,0.6057653573304369
Nairobi,Kibra,0.00100197842996,2004.0,5.0,2004-05,0.4932974854378522
Nairobi,Kilimani,0.00238546350977,2004.0,5.0,2004-05,0.557025995155899
Nairobi,Langata,0.0170497156745,2004.0,5.0,2004-05,0.6444254009367456
Nairobi,Makadara,0.000974908477702,2004.0,5.0,2004-05,0.413055891250939
Nairobi,Mathare,0.000235884309461,2004.0,5.0,2004-05,0.3750153170936581
Nairobi,Roysambu,0.00390887981589,2004.0,5.0,2004-05,0.6179110332226581
Nairobi,Ruaraka,0.000583416833502,2004.0,5.0,2004-05,0.5064436054006378
Nairobi,Starehe,0.00136813789598,2004.0,5.0,2004-05,0.3498774360976173
Nairobi,Westlands,0.00590790301496,2004.0,5.0,2004-05,0.6587182577893256
Turkana,Loima,0.792863767753,2004.0,5.0,2004-05,0.2641069927784117
Turkana,Turkana Central,0.538281501213,2004.0,5.0,2004-05,0.1175345742738193
Turkana,Turkana East,0.909087463502,2004.0,5.0,2004-05,0.2807912897100761
Turkana,Turkana North,1.66897152383,2004.0,5.0,2004-05,0.2347773327369184
Turkana,Turkana South,0.603285539944,2004.0,5.0,2004-05,0.2294704038090038
Turkana,Turkana West,1.19593592043,2004.0,5.0,2004-05,0.2969518691810126
Kiambu,Gatundu North,0.0190562071078,2004.0,6.0,2004-06,0.7409742129143295
Kiambu,Gatundu South,0.018013492523,2004.0,6.0,2004-06,0.7256855628977633
Kiambu,Githunguri,0.0140557399999,2004.0,6.0,2004-06,0.7035943942259788
Kiambu,Juja,0.0303444523402,2004.0,6.0,2004-06,0.5636990946708876
Kiambu,Kabete,0.00456838148631,2004.0,6.0,2004-06,0.6537087099456842
Kiambu,Kiambaa,0.00720464174127,2004.0,6.0,2004-06,0.690950097890615
Kiambu,Kiambu,0.00796244668767,2004.0,6.0,2004-06,0.665126868462246
Kiambu,Kikuyu,0.0141641490709,2004.0,6.0,2004-06,0.6099546702567745
Kiambu,Lari,0.037858207576,2004.0,6.0,2004-06,0.7507465527376203
Kiambu,Limuru,0.0231553754199,2004.0,6.0,2004-06,0.6445243126613497
Kiambu,Ruiru,0.0124421280679,2004.0,6.0,2004-06,0.5186379565623844
Kiambu,Thika Town,0.0178033031507,2004.0,6.0,2004-06,0.571459783926437
Machakos,Kangundo,0.013896319438,2004.0,6.0,2004-06,0.5710637913094477
Machakos,Kathiani,0.0167415041685,2004.0,6.0,2004-06,0.5199092203521604
Machakos,Machakos Town,0.0615270519301,2004.0,6.0,2004-06,0.4577835343265338
Machakos,Masinga,0.11427469357,2004.0,6.0,2004-06,0.3891529265104174
Machakos,Matungulu,0.0472449879416,2004.0,6.0,2004-06,0.5309158285492034
Machakos,Mavoko,0.0684719511619,2004.0,6.0,2004-06,0.4075050055739457
Machakos,Mwala,0.0827962943547,2004.0,6.0,2004-06,0.4287518110445574
Machakos,Yatta,0.0862109028544,2004.0,6.0,2004-06,0.4361662725947241
Nairobi,Dagoretti,0.00198642271282,2004.0,6.0,2004-06,0.5961802347235501
Nairobi,Embakasi Central,0.000664901959297,2004.0,6.0,2004-06,0.3399331523194571
Nairobi,Embakasi East,0.00697580217167,2004.0,6.0,2004-06,0.4304690425278487
Nairobi,Embakasi North,0.000441181256097,2004.0,6.0,2004-06,0.3437516559709194
Nairobi,Embakasi South,0.00142609820487,2004.0,6.0,2004-06,0.357467604949918
Nairobi,Embakasi West,0.000793166442342,2004.0,6.0,2004-06,0.3821502870120793
Nairobi,Kamukunji,0.000718135459802,2004.0,6.0,2004-06,0.3673730104330111
Nairobi,Kasarani,0.0110736011415,2004.0,6.0,2004-06,0.4584761094893905
Nairobi,Kibra,0.00100197842996,2004.0,6.0,2004-06,0.4499222845295688
Nairobi,Kilimani,0.00238546350977,2004.0,6.0,2004-06,0.5329409728846457
Nairobi,Langata,0.0170497156745,2004.0,6.0,2004-06,0.5727432573710518
Nairobi,Makadara,0.000974908477702,2004.0,6.0,2004-06,0.3588749670057462
Nairobi,Mathare,0.000235884309461,2004.0,6.0,2004-06,0.3444123435531289
Nairobi,Roysambu,0.00390887981589,2004.0,6.0,2004-06,0.5616990603615818
Nairobi,Ruaraka,0.000583416833502,2004.0,6.0,2004-06,0.4383353246488905
Nairobi,Starehe,0.00136813789598,2004.0,6.0,2004-06,0.3190156184941011
Nairobi,Westlands,0.00590790301496,2004.0,6.0,2004-06,0.6345208065207342
Turkana,Loima,0.792863767753,2004.0,6.0,2004-06,0.2228836510913834
Turkana,Turkana Central,0.538281501213,2004.0,6.0,2004-06,0.1214425379047432
Turkana,Turkana East,0.909087463502,2004.0,6.0,2004-06,0.2034456014806315
Turkana,Turkana North,1.66897152383,2004.0,6.0,2004-06,0.185444109080175
Turkana,Turkana South,0.603285539944,2004.0,6.0,2004-06,0.1828511698719284
Turkana,Turkana West,1.19593592043,2004.0,6.0,2004-06,0.239968634617517
Kiambu,Gatundu North,0.0190562071078,2004.0,7.0,2004-07,0.6182440636145838
Kiambu,Gatundu South,0.018013492523,2004.0,7.0,2004-07,0.6169586402896178
Kiambu,Githunguri,0.0140557399999,2004.0,7.0,2004-07,0.6144819384515348
Kiambu,Juja,0.0303444523402,2004.0,7.0,2004-07,0.4606359953144658
Kiambu,Kabete,0.00456838148631,2004.0,7.0,2004-07,0.5994979573273731
Kiambu,Kiambaa,0.00720464174127,2004.0,7.0,2004-07,0.6344566183941
Kiambu,Kiambu,0.00796244668767,2004.0,7.0,2004-07,0.6018778413297892
Kiambu,Kikuyu,0.0141641490709,2004.0,7.0,2004-07,0.5202132329528157
Kiambu,Lari,0.037858207576,2004.0,7.0,2004-07,0.674414323939364
Kiambu,Limuru,0.0231553754199,2004.0,7.0,2004-07,0.5588425931700102
Kiambu,Ruiru,0.0124421280679,2004.0,7.0,2004-07,0.3768980591229811
Kiambu,Thika Town,0.0178033031507,2004.0,7.0,2004-07,0.4645240950079181
Machakos,Kangundo,0.013896319438,2004.0,7.0,2004-07,0.4590144022416024
Machakos,Kathiani,0.0167415041685,2004.0,7.0,2004-07,0.419006299700586
Machakos,Machakos Town,0.0615270519301,2004.0,7.0,2004-07,0.3583785601949225
Machakos,Masinga,0.11427469357,2004.0,7.0,2004-07,0.3233102999076174
Machakos,Matungulu,0.0472449879416,2004.0,7.0,2004-07,0.4174962628530954
Machakos,Mavoko,0.0684719511619,2004.0,7.0,2004-07,0.2998299613969213
Machakos,Mwala,0.0827962943547,2004.0,7.0,2004-07,0.3313833101998057
Machakos,Yatta,0.0862109028544,2004.0,7.0,2004-07,0.3405003022992502
Nairobi,Dagoretti,0.00198642271282,2004.0,7.0,2004-07,0.5249748864722753
Nairobi,Embakasi Central,0.000664901959297,2004.0,7.0,2004-07,0.2624796337072633
Nairobi,Embakasi East,0.00697580217167,2004.0,7.0,2004-07,0.299675880419493
Nairobi,Embakasi North,0.000441181256097,2004.0,7.0,2004-07,0.294276342952026
Nairobi,Embakasi South,0.00142609820487,2004.0,7.0,2004-07,0.2676294393884739
Nairobi,Embakasi West,0.000793166442342,2004.0,7.0,2004-07,0.2984971124089047
Nairobi,Kamukunji,0.000718135459802,2004.0,7.0,2004-07,0.2936706499298042
Nairobi,Kasarani,0.0110736011415,2004.0,7.0,2004-07,0.3370436763302977
Nairobi,Kibra,0.00100197842996,2004.0,7.0,2004-07,0.3848139530062203
Nairobi,Kilimani,0.00238546350977,2004.0,7.0,2004-07,0.4715386001874599
Nairobi,Langata,0.0170497156745,2004.0,7.0,2004-07,0.4649778414793031
Nairobi,Makadara,0.000974908477702,2004.0,7.0,2004-07,0.276434074435037
Nairobi,Mathare,0.000235884309461,2004.0,7.0,2004-07,0.3026795548089039
Nairobi,Roysambu,0.00390887981589,2004.0,7.0,2004-07,0.4804689428371864
Nairobi,Ruaraka,0.000583416833502,2004.0,7.0,2004-07,0.3640312402469639
Nairobi,Starehe,0.00136813789598,2004.0,7.0,2004-07,0.2623286888445523
Nairobi,Westlands,0.00590790301496,2004.0,7.0,2004-07,0.5817790473352572
Turkana,Loima,0.792863767753,2004.0,7.0,2004-07,0.2086896660297449
Turkana,Turkana Central,0.538281501213,2004.0,7.0,2004-07,0.1161119243592516
Turkana,Turkana East,0.909087463502,2004.0,7.0,2004-07,0.1783895449138038
Turkana,Turkana North,1.66897152383,2004.0,7.0,2004-07,0.1799382417411114
Turkana,Turkana South,0.603285539944,2004.0,7.0,2004-07,0.1704669441633807
Turkana,Turkana West,1.19593592043,2004.0,7.0,2004-07,0.22358771992977
Kiambu,Gatundu North,0.0190562071078,2004.0,8.0,2004-08,0.6342630959325861
Kiambu,Gatundu South,0.018013492523,2004.0,8.0,2004-08,0.6041787214675057
Kiambu,Githunguri,0.0140557399999,2004.0,8.0,2004-08,0.555240661335676
Kiambu,Juja,0.0303444523402,2004.0,8.0,2004-08,0.381588399747601
Kiambu,Kabete,0.00456838148631,2004.0,8.0,2004-08,0.5065241051395997
Kiambu,Kiambaa,0.00720464174127,2004.0,8.0,2004-08,0.5412453860981593
Kiambu,Kiambu,0.00796244668767,2004.0,8.0,2004-08,0.5233734757870165
Kiambu,Kikuyu,0.0141641490709,2004.0,8.0,2004-08,0.4542199808111815
Kiambu,Lari,0.037858207576,2004.0,8.0,2004-08,0.6631921786533121
Kiambu,Limuru,0.0231553754199,2004.0,8.0,2004-08,0.4861689477294583
Kiambu,Ruiru,0.0124421280679,2004.0,8.0,2004-08,0.2902681171044559
Kiambu,Thika Town,0.0178033031507,2004.0,8.0,2004-08,0.3788017031419283
Machakos,Kangundo,0.013896319438,2004.0,8.0,2004-08,0.3844106895334451
Machakos,Kathiani,0.0167415041685,2004.0,8.0,2004-08,0.3570788645048321
Machakos,Machakos Town,0.0615270519301,2004.0,8.0,2004-08,0.3050305227076982
Machakos,Masinga,0.11427469357,2004.0,8.0,2004-08,0.2759265192297961
Machakos,Matungulu,0.0472449879416,2004.0,8.0,2004-08,0.3336864761011242
Machakos,Mavoko,0.0684719511619,2004.0,8.0,2004-08,0.2593947285983727
Machakos,Mwala,0.0827962943547,2004.0,8.0,2004-08,0.2906967522081567
Machakos,Yatta,0.0862109028544,2004.0,8.0,2004-08,0.2976675867911561
Nairobi,Dagoretti,0.00198642271282,2004.0,8.0,2004-08,0.4731146704708413
Nairobi,Embakasi Central,0.000664901959297,2004.0,8.0,2004-08,0.2106720013687625
Nairobi,Embakasi East,0.00697580217167,2004.0,8.0,2004-08,0.2325994912312545
Nairobi,Embakasi North,0.000441181256097,2004.0,8.0,2004-08,0.2461502064353991
Nairobi,Embakasi South,0.00142609820487,2004.0,8.0,2004-08,0.2168265024555365
Nairobi,Embakasi West,0.000793166442342,2004.0,8.0,2004-08,0.2358083869921133
Nairobi,Kamukunji,0.000718135459802,2004.0,8.0,2004-08,0.2418931965204943
Nairobi,Kasarani,0.0110736011415,2004.0,8.0,2004-08,0.2623767671796226
Nairobi,Kibra,0.00100197842996,2004.0,8.0,2004-08,0.3284752956856551
Nairobi,Kilimani,0.00238546350977,2004.0,8.0,2004-08,0.4112071541734752
Nairobi,Langata,0.0170497156745,2004.0,8.0,2004-08,0.387312455288722
Nairobi,Makadara,0.000974908477702,2004.0,8.0,2004-08,0.2295350754299404
Nairobi,Mathare,0.000235884309461,2004.0,8.0,2004-08,0.2466622847543049
Nairobi,Roysambu,0.00390887981589,2004.0,8.0,2004-08,0.4093068520468073
Nairobi,Ruaraka,0.000583416833502,2004.0,8.0,2004-08,0.3107293964990842
Nairobi,Starehe,0.00136813789598,2004.0,8.0,2004-08,0.2244174488202636
Nairobi,Westlands,0.00590790301496,2004.0,8.0,2004-08,0.5029223180147182
Turkana,Loima,0.792863767753,2004.0,8.0,2004-08,0.2089793705866045
Turkana,Turkana Central,0.538281501213,2004.0,8.0,2004-08,0.1090586643939541
Turkana,Turkana East,0.909087463502,2004.0,8.0,2004-08,0.1747940601899512
Turkana,Turkana North,1.66897152383,2004.0,8.0,2004-08,0.19060792378293
Turkana,Turkana South,0.603285539944,2004.0,8.0,2004-08,0.1667601783169073
Turkana,Turkana West,1.19593592043,2004.0,8.0,2004-08,0.2615965352054009
Kiambu,Gatundu North,0.0190562071078,2004.0,9.0,2004-09,0.630409983246208
Kiambu,Gatundu South,0.018013492523,2004.0,9.0,2004-09,0.584774817121913
Kiambu,Githunguri,0.0140557399999,2004.0,9.0,2004-09,0.5444141064396912
Kiambu,Juja,0.0303444523402,2004.0,9.0,2004-09,0.3663683565361201
Kiambu,Kabete,0.00456838148631,2004.0,9.0,2004-09,0.4793875306444207
Kiambu,Kiambaa,0.00720464174127,2004.0,9.0,2004-09,0.52828127021654
Kiambu,Kiambu,0.00796244668767,2004.0,9.0,2004-09,0.5049555002857371
Kiambu,Kikuyu,0.0141641490709,2004.0,9.0,2004-09,0.4061476374989175
Kiambu,Lari,0.037858207576,2004.0,9.0,2004-09,0.6382992203158874
Kiambu,Limuru,0.0231553754199,2004.0,9.0,2004-09,0.4665720772730602
Kiambu,Ruiru,0.0124421280679,2004.0,9.0,2004-09,0.274555026915996
Kiambu,Thika Town,0.0178033031507,2004.0,9.0,2004-09,0.358864095730199
Machakos,Kangundo,0.013896319438,2004.0,9.0,2004-09,0.3573871830220079
Machakos,Kathiani,0.0167415041685,2004.0,9.0,2004-09,0.3202617994063703
Machakos,Machakos Town,0.0615270519301,2004.0,9.0,2004-09,0.2873813227583645
Machakos,Masinga,0.11427469357,2004.0,9.0,2004-09,0.2730839188427627
Machakos,Matungulu,0.0472449879416,2004.0,9.0,2004-09,0.3168396029183291
Machakos,Mavoko,0.0684719511619,2004.0,9.0,2004-09,0.2465017693775868
Machakos,Mwala,0.0827962943547,2004.0,9.0,2004-09,0.2823192510160436
Machakos,Yatta,0.0862109028544,2004.0,9.0,2004-09,0.2913138115723064
Nairobi,Dagoretti,0.00198642271282,2004.0,9.0,2004-09,0.448771371594168
Nairobi,Embakasi Central,0.000664901959297,2004.0,9.0,2004-09,0.2086983664117595
Nairobi,Embakasi East,0.00697580217167,2004.0,9.0,2004-09,0.2251902814960182
Nairobi,Embakasi North,0.000441181256097,2004.0,9.0,2004-09,0.2456648184714804
Nairobi,Embakasi South,0.00142609820487,2004.0,9.0,2004-09,0.2099991190588496
Nairobi,Embakasi West,0.000793166442342,2004.0,9.0,2004-09,0.2498187269142454
Nairobi,Kamukunji,0.000718135459802,2004.0,9.0,2004-09,0.2547001830594322
Nairobi,Kasarani,0.0110736011415,2004.0,9.0,2004-09,0.2526180978968985
Nairobi,Kibra,0.00100197842996,2004.0,9.0,2004-09,0.323942359561655
Nairobi,Kilimani,0.00238546350977,2004.0,9.0,2004-09,0.4174916049403195
Nairobi,Langata,0.0170497156745,2004.0,9.0,2004-09,0.3649724465408001
Nairobi,Makadara,0.000974908477702,2004.0,9.0,2004-09,0.2308130413595663
Nairobi,Mathare,0.000235884309461,2004.0,9.0,2004-09,0.269479924401512
Nairobi,Roysambu,0.00390887981589,2004.0,9.0,2004-09,0.3870869713426735
Nairobi,Ruaraka,0.000583416833502,2004.0,9.0,2004-09,0.3040178573851688
Nairobi,Starehe,0.00136813789598,2004.0,9.0,2004-09,0.2417888626243347
Nairobi,Westlands,0.00590790301496,2004.0,9.0,2004-09,0.4955250967597207
Turkana,Loima,0.792863767753,2004.0,9.0,2004-09,0.2004664401635432
Turkana,Turkana Central,0.538281501213,2004.0,9.0,2004-09,0.1153961055449665
Turkana,Turkana East,0.909087463502,2004.0,9.0,2004-09,0.1660384557016222
Turkana,Turkana North,1.66897152383,2004.0,9.0,2004-09,0.1743832036343081
Turkana,Turkana South,0.603285539944,2004.0,9.0,2004-09,0.1603438095652755
Turkana,Turkana West,1.19593592043,2004.0,9.0,2004-09,0.2496455131667611
Kiambu,Gatundu North,0.0190562071078,2004.0,10.0,2004-10,0.5459517452904612
Kiambu,Gatundu South,0.018013492523,2004.0,10.0,2004-10,0.5766111896573675
Kiambu,Githunguri,0.0140557399999,2004.0,10.0,2004-10,0.5779716792482568
Kiambu,Juja,0.0303444523402,2004.0,10.0,2004-10,0.4330866422481709
Kiambu,Kabete,0.00456838148631,2004.0,10.0,2004-10,0.4505272594575396
Kiambu,Kiambaa,0.00720464174127,2004.0,10.0,2004-10,0.5188324199164156
Kiambu,Kiambu,0.00796244668767,2004.0,10.0,2004-10,0.5656501165304233
Kiambu,Kikuyu,0.0141641490709,2004.0,10.0,2004-10,0.4417617504978755
Kiambu,Lari,0.037858207576,2004.0,10.0,2004-10,0.5891794222855266
Kiambu,Limuru,0.0231553754199,2004.0,10.0,2004-10,0.4924418114354838
Kiambu,Ruiru,0.0124421280679,2004.0,10.0,2004-10,0.3315778097247353
Kiambu,Thika Town,0.0178033031507,2004.0,10.0,2004-10,0.3860355349612467
Machakos,Kangundo,0.013896319438,2004.0,10.0,2004-10,0.4024301265563333
Machakos,Kathiani,0.0167415041685,2004.0,10.0,2004-10,0.3428881185322777
Machakos,Machakos Town,0.0615270519301,2004.0,10.0,2004-10,0.307590668797477
Machakos,Masinga,0.11427469357,2004.0,10.0,2004-10,0.3417431874420087
Machakos,Matungulu,0.0472449879416,2004.0,10.0,2004-10,0.3595042055750017
Machakos,Mavoko,0.0684719511619,2004.0,10.0,2004-10,0.2860103137067075
Machakos,Mwala,0.0827962943547,2004.0,10.0,2004-10,0.3278674321952752
Machakos,Yatta,0.0862109028544,2004.0,10.0,2004-10,0.3358226132388982
Nairobi,Dagoretti,0.00198642271282,2004.0,10.0,2004-10,0.3867597245458896
Nairobi,Embakasi Central,0.000664901959297,2004.0,10.0,2004-10,0.249563050852501
Nairobi,Embakasi East,0.00697580217167,2004.0,10.0,2004-10,0.262393652868843
Nairobi,Embakasi North,0.000441181256097,2004.0,10.0,2004-10,0.2969365929183682
Nairobi,Embakasi South,0.00142609820487,2004.0,10.0,2004-10,0.2305422934990702
Nairobi,Embakasi West,0.000793166442342,2004.0,10.0,2004-10,0.3216934062094437
Nairobi,Kamukunji,0.000718135459802,2004.0,10.0,2004-10,0.3126226704654939
Nairobi,Kasarani,0.0110736011415,2004.0,10.0,2004-10,0.3100927107413508
Nairobi,Kibra,0.00100197842996,2004.0,10.0,2004-10,0.281538757034258
Nairobi,Kilimani,0.00238546350977,2004.0,10.0,2004-10,0.4069656180791145
Nairobi,Langata,0.0170497156745,2004.0,10.0,2004-10,0.3273873269413949
Nairobi,Makadara,0.000974908477702,2004.0,10.0,2004-10,0.2765875291872246
Nairobi,Mathare,0.000235884309461,2004.0,10.0,2004-10,0.3081919907601847
Nairobi,Roysambu,0.00390887981589,2004.0,10.0,2004-10,0.4658480043122647
Nairobi,Ruaraka,0.000583416833502,2004.0,10.0,2004-10,0.3518624313047018
Nairobi,Starehe,0.00136813789598,2004.0,10.0,2004-10,0.2399837945292619
Nairobi,Westlands,0.00590790301496,2004.0,10.0,2004-10,0.4802034624244162
Turkana,Loima,0.792863767753,2004.0,10.0,2004-10,0.2282082357942182
Turkana,Turkana Central,0.538281501213,2004.0,10.0,2004-10,0.1244015750382371
Turkana,Turkana East,0.909087463502,2004.0,10.0,2004-10,0.1848625657001175
Turkana,Turkana North,1.66897152383,2004.0,10.0,2004-10,0.2037235878704529
Turkana,Turkana South,0.603285539944,2004.0,10.0,2004-10,0.1803599911734623
Turkana,Turkana West,1.19593592043,2004.0,10.0,2004-10,0.2779257629126303
Kiambu,Gatundu North,0.0190562071078,2004.0,11.0,2004-11,0.7840603017135785
Kiambu,Gatundu South,0.018013492523,2004.0,11.0,2004-11,0.7635288486202058
Kiambu,Githunguri,0.0140557399999,2004.0,11.0,2004-11,0.7471759507263263
Kiambu,Juja,0.0303444523402,2004.0,11.0,2004-11,0.6166583357614934
Kiambu,Kabete,0.00456838148631,2004.0,11.0,2004-11,0.7020268891256709
Kiambu,Kiambaa,0.00720464174127,2004.0,11.0,2004-11,0.7364020138282515
Kiambu,Kiambu,0.00796244668767,2004.0,11.0,2004-11,0.702705027455464
Kiambu,Kikuyu,0.0141641490709,2004.0,11.0,2004-11,0.5803473384242823
Kiambu,Lari,0.037858207576,2004.0,11.0,2004-11,0.7737334451671295
Kiambu,Limuru,0.0231553754199,2004.0,11.0,2004-11,0.6088106410206032
Kiambu,Ruiru,0.0124421280679,2004.0,11.0,2004-11,0.4951297470246134
Kiambu,Thika Town,0.0178033031507,2004.0,11.0,2004-11,0.6296902519654405
Machakos,Kangundo,0.013896319438,2004.0,11.0,2004-11,0.6437209299776672
Machakos,Kathiani,0.0167415041685,2004.0,11.0,2004-11,0.6005846369804254
Machakos,Machakos Town,0.0615270519301,2004.0,11.0,2004-11,0.5357566642008683
Machakos,Masinga,0.11427469357,2004.0,11.0,2004-11,0.5154633473181075
Machakos,Matungulu,0.0472449879416,2004.0,11.0,2004-11,0.5607758009221339
Machakos,Mavoko,0.0684719511619,2004.0,11.0,2004-11,0.4838481225233931
Machakos,Mwala,0.0827962943547,2004.0,11.0,2004-11,0.5564664440194135
Machakos,Yatta,0.0862109028544,2004.0,11.0,2004-11,0.552738218714976
Nairobi,Dagoretti,0.00198642271282,2004.0,11.0,2004-11,0.6489532006851504
Nairobi,Embakasi Central,0.000664901959297,2004.0,11.0,2004-11,0.4237043413574552
Nairobi,Embakasi East,0.00697580217167,2004.0,11.0,2004-11,0.4456193176146293
Nairobi,Embakasi North,0.000441181256097,2004.0,11.0,2004-11,0.4007347574384058
Nairobi,Embakasi South,0.00142609820487,2004.0,11.0,2004-11,0.3793448600205318
Nairobi,Embakasi West,0.000793166442342,2004.0,11.0,2004-11,0.4623193995208146
Nairobi,Kamukunji,0.000718135459802,2004.0,11.0,2004-11,0.4430293363063284
Nairobi,Kasarani,0.0110736011415,2004.0,11.0,2004-11,0.4798680031614203
Nairobi,Kibra,0.00100197842996,2004.0,11.0,2004-11,0.4862319893375463
Nairobi,Kilimani,0.00238546350977,2004.0,11.0,2004-11,0.5422525518625737
Nairobi,Langata,0.0170497156745,2004.0,11.0,2004-11,0.578104718424816
Nairobi,Makadara,0.000974908477702,2004.0,11.0,2004-11,0.4182800978660327
Nairobi,Mathare,0.000235884309461,2004.0,11.0,2004-11,0.3553453422931542
Nairobi,Roysambu,0.00390887981589,2004.0,11.0,2004-11,0.5956948455277972
Nairobi,Ruaraka,0.000583416833502,2004.0,11.0,2004-11,0.5197692516452949
Nairobi,Starehe,0.00136813789598,2004.0,11.0,2004-11,0.3695708087554941
Nairobi,Westlands,0.00590790301496,2004.0,11.0,2004-11,0.6388261629581022
Turkana,Loima,0.792863767753,2004.0,11.0,2004-11,0.2660555623969479
Turkana,Turkana Central,0.538281501213,2004.0,11.0,2004-11,0.1490881348275157
Turkana,Turkana East,0.909087463502,2004.0,11.0,2004-11,0.220212076923343
Turkana,Turkana North,1.66897152383,2004.0,11.0,2004-11,0.2755866943817269
Turkana,Turkana South,0.603285539944,2004.0,11.0,2004-11,0.2126362866191308
Turkana,Turkana West,1.19593592043,2004.0,11.0,2004-11,0.315155216481989
Kiambu,Gatundu North,0.0190562071078,2004.0,12.0,2004-12,0.7794567557537956
Kiambu,Gatundu South,0.018013492523,2004.0,12.0,2004-12,0.7705374447687309
Kiambu,Githunguri,0.0140557399999,2004.0,12.0,2004-12,0.7630444792291164
Kiambu,Juja,0.0303444523402,2004.0,12.0,2004-12,0.6176923393975424
Kiambu,Kabete,0.00456838148631,2004.0,12.0,2004-12,0.7296154489028648
Kiambu,Kiambaa,0.00720464174127,2004.0,12.0,2004-12,0.7655394684525872
Kiambu,Kiambu,0.00796244668767,2004.0,12.0,2004-12,0.7327137164260699
Kiambu,Kikuyu,0.0141641490709,2004.0,12.0,2004-12,0.5474203455244253
Kiambu,Lari,0.037858207576,2004.0,12.0,2004-12,0.7751561407308389
Kiambu,Limuru,0.0231553754199,2004.0,12.0,2004-12,0.5903670449478138
Kiambu,Ruiru,0.0124421280679,2004.0,12.0,2004-12,0.525178946222063
Kiambu,Thika Town,0.0178033031507,2004.0,12.0,2004-12,0.6637717368669614
Machakos,Kangundo,0.013896319438,2004.0,12.0,2004-12,0.7229075074765187
Machakos,Kathiani,0.0167415041685,2004.0,12.0,2004-12,0.6931598658542064
Machakos,Machakos Town,0.0615270519301,2004.0,12.0,2004-12,0.5940664611405104
Machakos,Masinga,0.11427469357,2004.0,12.0,2004-12,0.5823885607591908
Machakos,Matungulu,0.0472449879416,2004.0,12.0,2004-12,0.6530580116736519
Machakos,Mavoko,0.0684719511619,2004.0,12.0,2004-12,0.5180215330243658
Machakos,Mwala,0.0827962943547,2004.0,12.0,2004-12,0.6476214569033136
Machakos,Yatta,0.0862109028544,2004.0,12.0,2004-12,0.6225767862350151
Nairobi,Dagoretti,0.00198642271282,2004.0,12.0,2004-12,0.6729471105202357
Nairobi,Embakasi Central,0.000664901959297,2004.0,12.0,2004-12,0.427742703900973
Nairobi,Embakasi East,0.00697580217167,2004.0,12.0,2004-12,0.5003219234237807
Nairobi,Embakasi North,0.000441181256097,2004.0,12.0,2004-12,0.4158912018130409
Nairobi,Embakasi South,0.00142609820487,2004.0,12.0,2004-12,0.406956312949141
Nairobi,Embakasi West,0.000793166442342,2004.0,12.0,2004-12,0.4764973669761403
Nairobi,Kamukunji,0.000718135459802,2004.0,12.0,2004-12,0.4578779351446582
Nairobi,Kasarani,0.0110736011415,2004.0,12.0,2004-12,0.5185025675197671
Nairobi,Kibra,0.00100197842996,2004.0,12.0,2004-12,0.5201209803534411
Nairobi,Kilimani,0.00238546350977,2004.0,12.0,2004-12,0.6023350131470898
Nairobi,Langata,0.0170497156745,2004.0,12.0,2004-12,0.6156383290657227
Nairobi,Makadara,0.000974908477702,2004.0,12.0,2004-12,0.4258772969076768
Nairobi,Mathare,0.000235884309461,2004.0,12.0,2004-12,0.4219286140277198
Nairobi,Roysambu,0.00390887981589,2004.0,12.0,2004-12,0.606419452261408
Nairobi,Ruaraka,0.000583416833502,2004.0,12.0,2004-12,0.5054341831196149
Nairobi,Starehe,0.00136813789598,2004.0,12.0,2004-12,0.3774146548982185
Nairobi,Westlands,0.00590790301496,2004.0,12.0,2004-12,0.7015769315115274
Turkana,Loima,0.792863767753,2004.0,12.0,2004-12,0.2650100430349157
Turkana,Turkana Central,0.538281501213,2004.0,12.0,2004-12,0.1530018532170915
Turkana,Turkana East,0.909087463502,2004.0,12.0,2004-12,0.2022719125485932
Turkana,Turkana North,1.66897152383,2004.0,12.0,2004-12,0.2828797841301964
Turkana,Turkana South,0.603285539944,2004.0,12.0,2004-12,0.2028435093213704
Turkana,Turkana West,1.19593592043,2004.0,12.0,2004-12,0.3363535871819628
Kiambu,Gatundu North,0.0190562071078,2005.0,1.0,2005-01,0.7515452335254377
Kiambu,Gatundu South,0.018013492523,2005.0,1.0,2005-01,0.7346699288801334
Kiambu,Githunguri,0.0140557399999,2005.0,1.0,2005-01,0.7216531184470876
Kiambu,Juja,0.0303444523402,2005.0,1.0,2005-01,0.5214145734292085
Kiambu,Kabete,0.00456838148631,2005.0,1.0,2005-01,0.642692273058032
Kiambu,Kiambaa,0.00720464174127,2005.0,1.0,2005-01,0.7039522236134681
Kiambu,Kiambu,0.00796244668767,2005.0,1.0,2005-01,0.6426695443138621
Kiambu,Kikuyu,0.0141641490709,2005.0,1.0,2005-01,0.491735731982202
Kiambu,Lari,0.037858207576,2005.0,1.0,2005-01,0.7418017611863411
Kiambu,Limuru,0.0231553754199,2005.0,1.0,2005-01,0.5553828460057314
Kiambu,Ruiru,0.0124421280679,2005.0,1.0,2005-01,0.4208305439320565
Kiambu,Thika Town,0.0178033031507,2005.0,1.0,2005-01,0.5822092043781416
Machakos,Kangundo,0.013896319438,2005.0,1.0,2005-01,0.6686817453414999
Machakos,Kathiani,0.0167415041685,2005.0,1.0,2005-01,0.6297307399818973
Machakos,Machakos Town,0.0615270519301,2005.0,1.0,2005-01,0.5184484120026249
Machakos,Masinga,0.11427469357,2005.0,1.0,2005-01,0.5024842704890373
Machakos,Matungulu,0.0472449879416,2005.0,1.0,2005-01,0.5864156582212299
Machakos,Mavoko,0.0684719511619,2005.0,1.0,2005-01,0.3924431906283757
Machakos,Mwala,0.0827962943547,2005.0,1.0,2005-01,0.5595260805825519
Machakos,Yatta,0.0862109028544,2005.0,1.0,2005-01,0.5223056275359372
Nairobi,Dagoretti,0.00198642271282,2005.0,1.0,2005-01,0.580250919176227
Nairobi,Embakasi Central,0.000664901959297,2005.0,1.0,2005-01,0.3323058469961615
Nairobi,Embakasi East,0.00697580217167,2005.0,1.0,2005-01,0.3910060153254532
Nairobi,Embakasi North,0.000441181256097,2005.0,1.0,2005-01,0.3393565834941434
Nairobi,Embakasi South,0.00142609820487,2005.0,1.0,2005-01,0.32304785938237
Nairobi,Embakasi West,0.000793166442342,2005.0,1.0,2005-01,0.3708511318258959
Nairobi,Kamukunji,0.000718135459802,2005.0,1.0,2005-01,0.3536214633743495
Nairobi,Kasarani,0.0110736011415,2005.0,1.0,2005-01,0.3969412653056124
Nairobi,Kibra,0.00100197842996,2005.0,1.0,2005-01,0.4496899062098927
Nairobi,Kilimani,0.00238546350977,2005.0,1.0,2005-01,0.545991102696605
Nairobi,Langata,0.0170497156745,2005.0,1.0,2005-01,0.515363415007675
Nairobi,Makadara,0.000974908477702,2005.0,1.0,2005-01,0.3476900864957057
Nairobi,Mathare,0.000235884309461,2005.0,1.0,2005-01,0.3390732633347333
Nairobi,Roysambu,0.00390887981589,2005.0,1.0,2005-01,0.5186999789954247
Nairobi,Ruaraka,0.000583416833502,2005.0,1.0,2005-01,0.4229664953524663
Nairobi,Starehe,0.00136813789598,2005.0,1.0,2005-01,0.3181215251272261
Nairobi,Westlands,0.00590790301496,2005.0,1.0,2005-01,0.6315098884082522
Turkana,Loima,0.792863767753,2005.0,1.0,2005-01,0.2153716593214277
Turkana,Turkana Central,0.538281501213,2005.0,1.0,2005-01,0.129148312608592
Turkana,Turkana East,0.909087463502,2005.0,1.0,2005-01,0.1657029088590459
Turkana,Turkana North,1.66897152383,2005.0,1.0,2005-01,0.2108329222117236
Turkana,Turkana South,0.603285539944,2005.0,1.0,2005-01,0.1665254012743497
Turkana,Turkana West,1.19593592043,2005.0,1.0,2005-01,0.2545420792420945
Kiambu,Gatundu North,0.0190562071078,2005.0,2.0,2005-02,0.7116338883329673
Kiambu,Gatundu South,0.018013492523,2005.0,2.0,2005-02,0.6949408779465823
Kiambu,Githunguri,0.0140557399999,2005.0,2.0,2005-02,0.6644533139261593
Kiambu,Juja,0.0303444523402,2005.0,2.0,2005-02,0.4348709723984946
Kiambu,Kabete,0.00456838148631,2005.0,2.0,2005-02,0.5956353030224275
Kiambu,Kiambaa,0.00720464174127,2005.0,2.0,2005-02,0.6652457603615772
Kiambu,Kiambu,0.00796244668767,2005.0,2.0,2005-02,0.5571358372052578
Kiambu,Kikuyu,0.0141641490709,2005.0,2.0,2005-02,0.4627058979780523
Kiambu,Lari,0.037858207576,2005.0,2.0,2005-02,0.7000471747292887
Kiambu,Limuru,0.0231553754199,2005.0,2.0,2005-02,0.528893896815484
Kiambu,Ruiru,0.0124421280679,2005.0,2.0,2005-02,0.3160191464465482
Kiambu,Thika Town,0.0178033031507,2005.0,2.0,2005-02,0.4726179034363963
Machakos,Kangundo,0.013896319438,2005.0,2.0,2005-02,0.5326072488409797
Machakos,Kathiani,0.0167415041685,2005.0,2.0,2005-02,0.4990736318381499
Machakos,Machakos Town,0.0615270519301,2005.0,2.0,2005-02,0.4077105076975058
Machakos,Masinga,0.11427469357,2005.0,2.0,2005-02,0.4169721246507165
Machakos,Matungulu,0.0472449879416,2005.0,2.0,2005-02,0.4568733899223263
Machakos,Mavoko,0.0684719511619,2005.0,2.0,2005-02,0.2999908538031532
Machakos,Mwala,0.0827962943547,2005.0,2.0,2005-02,0.4142251298423934
Machakos,Yatta,0.0862109028544,2005.0,2.0,2005-02,0.4007881299478384
Nairobi,Dagoretti,0.00198642271282,2005.0,2.0,2005-02,0.5410444545689925
Nairobi,Embakasi Central,0.000664901959297,2005.0,2.0,2005-02,0.2496582304281846
Nairobi,Embakasi East,0.00697580217167,2005.0,2.0,2005-02,0.2839044993704202
Nairobi,Embakasi North,0.000441181256097,2005.0,2.0,2005-02,0.2856211192388815
Nairobi,Embakasi South,0.00142609820487,2005.0,2.0,2005-02,0.2774048354651645
Nairobi,Embakasi West,0.000793166442342,2005.0,2.0,2005-02,0.2891335017969451
Nairobi,Kamukunji,0.000718135459802,2005.0,2.0,2005-02,0.2957972664959945
Nairobi,Kasarani,0.0110736011415,2005.0,2.0,2005-02,0.2875151439361729
Nairobi,Kibra,0.00100197842996,2005.0,2.0,2005-02,0.4373347112251953
Nairobi,Kilimani,0.00238546350977,2005.0,2.0,2005-02,0.5363788514337379
Nairobi,Langata,0.0170497156745,2005.0,2.0,2005-02,0.4483039849452206
Nairobi,Makadara,0.000974908477702,2005.0,2.0,2005-02,0.2964689437777914
Nairobi,Mathare,0.000235884309461,2005.0,2.0,2005-02,0.2992190340193195
Nairobi,Roysambu,0.00390887981589,2005.0,2.0,2005-02,0.4416230407539371
Nairobi,Ruaraka,0.000583416833502,2005.0,2.0,2005-02,0.3425044066761654
Nairobi,Starehe,0.00136813789598,2005.0,2.0,2005-02,0.2858178774866989
Nairobi,Westlands,0.00590790301496,2005.0,2.0,2005-02,0.61071479352346
Turkana,Loima,0.792863767753,2005.0,2.0,2005-02,0.1926638365860646
Turkana,Turkana Central,0.538281501213,2005.0,2.0,2005-02,0.0894407243806416
Turkana,Turkana East,0.909087463502,2005.0,2.0,2005-02,0.1668025776402205
Turkana,Turkana North,1.66897152383,2005.0,2.0,2005-02,0.1673830830517913
Turkana,Turkana South,0.603285539944,2005.0,2.0,2005-02,0.1522647473302853
Turkana,Turkana West,1.19593592043,2005.0,2.0,2005-02,0.2088235748387861
Kiambu,Gatundu North,0.0190562071078,2005.0,3.0,2005-03,0.6884680318135197
Kiambu,Gatundu South,0.018013492523,2005.0,3.0,2005-03,0.6745215825240793
Kiambu,Githunguri,0.0140557399999,2005.0,3.0,2005-03,0.6290407349393855
Kiambu,Juja,0.0303444523402,2005.0,3.0,2005-03,0.3956953485567602
Kiambu,Kabete,0.00456838148631,2005.0,3.0,2005-03,0.5831157038038064
Kiambu,Kiambaa,0.00720464174127,2005.0,3.0,2005-03,0.6087199981053426
Kiambu,Kiambu,0.00796244668767,2005.0,3.0,2005-03,0.5266646818396417
Kiambu,Kikuyu,0.0141641490709,2005.0,3.0,2005-03,0.4756999437882133
Kiambu,Lari,0.037858207576,2005.0,3.0,2005-03,0.7046528756664558
Kiambu,Limuru,0.0231553754199,2005.0,3.0,2005-03,0.5349051324019595
Kiambu,Ruiru,0.0124421280679,2005.0,3.0,2005-03,0.3117444908854456
Kiambu,Thika Town,0.0178033031507,2005.0,3.0,2005-03,0.428542508042337
Machakos,Kangundo,0.013896319438,2005.0,3.0,2005-03,0.5057889981680579
Machakos,Kathiani,0.0167415041685,2005.0,3.0,2005-03,0.457331201746861
Machakos,Machakos Town,0.0615270519301,2005.0,3.0,2005-03,0.3779404936839207
Machakos,Masinga,0.11427469357,2005.0,3.0,2005-03,0.3754107677803329
Machakos,Matungulu,0.0472449879416,2005.0,3.0,2005-03,0.4364237250730234
Machakos,Mavoko,0.0684719511619,2005.0,3.0,2005-03,0.2984348442256146
Machakos,Mwala,0.0827962943547,2005.0,3.0,2005-03,0.3658949424297709
Machakos,Yatta,0.0862109028544,2005.0,3.0,2005-03,0.3516044745382395
Nairobi,Dagoretti,0.00198642271282,2005.0,3.0,2005-03,0.5294700232034734
Nairobi,Embakasi Central,0.000664901959297,2005.0,3.0,2005-03,0.2491304787693041
Nairobi,Embakasi East,0.00697580217167,2005.0,3.0,2005-03,0.3126512984379608
Nairobi,Embakasi North,0.000441181256097,2005.0,3.0,2005-03,0.2636893236996812
Nairobi,Embakasi South,0.00142609820487,2005.0,3.0,2005-03,0.2561826503149189
Nairobi,Embakasi West,0.000793166442342,2005.0,3.0,2005-03,0.2682217892083458
Nairobi,Kamukunji,0.000718135459802,2005.0,3.0,2005-03,0.2783485740633687
Nairobi,Kasarani,0.0110736011415,2005.0,3.0,2005-03,0.3200001607826181
Nairobi,Kibra,0.00100197842996,2005.0,3.0,2005-03,0.3962369305953209
Nairobi,Kilimani,0.00238546350977,2005.0,3.0,2005-03,0.4821421722973811
Nairobi,Langata,0.0170497156745,2005.0,3.0,2005-03,0.4329109607747354
Nairobi,Makadara,0.000974908477702,2005.0,3.0,2005-03,0.2515878337495685
Nairobi,Mathare,0.000235884309461,2005.0,3.0,2005-03,0.2826719529609408
Nairobi,Roysambu,0.00390887981589,2005.0,3.0,2005-03,0.4102038372575615
Nairobi,Ruaraka,0.000583416833502,2005.0,3.0,2005-03,0.3335981104552548
Nairobi,Starehe,0.00136813789598,2005.0,3.0,2005-03,0.2630410399317604
Nairobi,Westlands,0.00590790301496,2005.0,3.0,2005-03,0.5697497647968718
Turkana,Loima,0.792863767753,2005.0,3.0,2005-03,0.2047623505667993
Turkana,Turkana Central,0.538281501213,2005.0,3.0,2005-03,0.0958093710400201
Turkana,Turkana East,0.909087463502,2005.0,3.0,2005-03,0.1541950951789365
Turkana,Turkana North,1.66897152383,2005.0,3.0,2005-03,0.1770325889909412
Turkana,Turkana South,0.603285539944,2005.0,3.0,2005-03,0.1490357594743314
Turkana,Turkana West,1.19593592043,2005.0,3.0,2005-03,0.233697489198872
Kiambu,Gatundu North,0.0190562071078,2005.0,4.0,2005-04,0.7376342492038314
Kiambu,Gatundu South,0.018013492523,2005.0,4.0,2005-04,0.7119763380680694
Kiambu,Githunguri,0.0140557399999,2005.0,4.0,2005-04,0.6628642789791738
Kiambu,Juja,0.0303444523402,2005.0,4.0,2005-04,0.5250112688818003
Kiambu,Kabete,0.00456838148631,2005.0,4.0,2005-04,0.6063560808059807
Kiambu,Kiambaa,0.00720464174127,2005.0,4.0,2005-04,0.62663540276565
Kiambu,Kiambu,0.00796244668767,2005.0,4.0,2005-04,0.6404139265038403
Kiambu,Kikuyu,0.0141641490709,2005.0,4.0,2005-04,0.5558960395479604
Kiambu,Lari,0.037858207576,2005.0,4.0,2005-04,0.7281647641510436
Kiambu,Limuru,0.0231553754199,2005.0,4.0,2005-04,0.5662520308781291
Kiambu,Ruiru,0.0124421280679,2005.0,4.0,2005-04,0.4585844301376489
Kiambu,Thika Town,0.0178033031507,2005.0,4.0,2005-04,0.5604542355196264
Machakos,Kangundo,0.013896319438,2005.0,4.0,2005-04,0.6191335042624325
Machakos,Kathiani,0.0167415041685,2005.0,4.0,2005-04,0.5625692316008883
Machakos,Machakos Town,0.0615270519301,2005.0,4.0,2005-04,0.4939350687160761
Machakos,Masinga,0.11427469357,2005.0,4.0,2005-04,0.4599871848845883
Machakos,Matungulu,0.0472449879416,2005.0,4.0,2005-04,0.5299578130030356
Machakos,Mavoko,0.0684719511619,2005.0,4.0,2005-04,0.417143424014795
Machakos,Mwala,0.0827962943547,2005.0,4.0,2005-04,0.4704328589646432
Machakos,Yatta,0.0862109028544,2005.0,4.0,2005-04,0.4498018643622537
Nairobi,Dagoretti,0.00198642271282,2005.0,4.0,2005-04,0.5771971394000955
Nairobi,Embakasi Central,0.000664901959297,2005.0,4.0,2005-04,0.3265400452286726
Nairobi,Embakasi East,0.00697580217167,2005.0,4.0,2005-04,0.3742798096229329
Nairobi,Embakasi North,0.000441181256097,2005.0,4.0,2005-04,0.3351435780639948
Nairobi,Embakasi South,0.00142609820487,2005.0,4.0,2005-04,0.2784662745206844
Nairobi,Embakasi West,0.000793166442342,2005.0,4.0,2005-04,0.3255647524208843
Nairobi,Kamukunji,0.000718135459802,2005.0,4.0,2005-04,0.4143512387480386
Nairobi,Kasarani,0.0110736011415,2005.0,4.0,2005-04,0.4215277539382803
Nairobi,Kibra,0.00100197842996,2005.0,4.0,2005-04,0.459296636390562
Nairobi,Kilimani,0.00238546350977,2005.0,4.0,2005-04,0.4972477421843243
Nairobi,Langata,0.0170497156745,2005.0,4.0,2005-04,0.4574058326246434
Nairobi,Makadara,0.000974908477702,2005.0,4.0,2005-04,0.342828953726828
Nairobi,Mathare,0.000235884309461,2005.0,4.0,2005-04,0.3676360100797983
Nairobi,Roysambu,0.00390887981589,2005.0,4.0,2005-04,0.5138418244118721
Nairobi,Ruaraka,0.000583416833502,2005.0,4.0,2005-04,0.4419313861184615
Nairobi,Starehe,0.00136813789598,2005.0,4.0,2005-04,0.3245542331714086
Nairobi,Westlands,0.00590790301496,2005.0,4.0,2005-04,0.5951306492275967
Turkana,Loima,0.792863767753,2005.0,4.0,2005-04,0.2294522152254696
Turkana,Turkana Central,0.538281501213,2005.0,4.0,2005-04,0.0990501183338601
Turkana,Turkana East,0.909087463502,2005.0,4.0,2005-04,0.1743484426389106
Turkana,Turkana North,1.66897152383,2005.0,4.0,2005-04,0.2010120499558647
Turkana,Turkana South,0.603285539944,2005.0,4.0,2005-04,0.1626570085959234
Turkana,Turkana West,1.19593592043,2005.0,4.0,2005-04,0.2673661712479737
Kiambu,Gatundu North,0.0190562071078,2005.0,5.0,2005-05,0.71972698237634
Kiambu,Gatundu South,0.018013492523,2005.0,5.0,2005-05,0.6904314329604406
Kiambu,Githunguri,0.0140557399999,2005.0,5.0,2005-05,0.6661996734275104
Kiambu,Juja,0.0303444523402,2005.0,5.0,2005-05,0.6039019719272041
Kiambu,Kabete,0.00456838148631,2005.0,5.0,2005-05,0.605723614395731
Kiambu,Kiambaa,0.00720464174127,2005.0,5.0,2005-05,0.6362810845950657
Kiambu,Kiambu,0.00796244668767,2005.0,5.0,2005-05,0.6295801395135049
Kiambu,Kikuyu,0.0141641490709,2005.0,5.0,2005-05,0.6003404739526463
Kiambu,Lari,0.037858207576,2005.0,5.0,2005-05,0.7266298459860021
Kiambu,Limuru,0.0231553754199,2005.0,5.0,2005-05,0.607810671774009
Kiambu,Ruiru,0.0124421280679,2005.0,5.0,2005-05,0.56799649472014
Kiambu,Thika Town,0.0178033031507,2005.0,5.0,2005-05,0.5974820948412373
Machakos,Kangundo,0.013896319438,2005.0,5.0,2005-05,0.5984325418165413
Machakos,Kathiani,0.0167415041685,2005.0,5.0,2005-05,0.5692913659522792
Machakos,Machakos Town,0.0615270519301,2005.0,5.0,2005-05,0.4768904177327953
Machakos,Masinga,0.11427469357,2005.0,5.0,2005-05,0.4923868410280207
Machakos,Matungulu,0.0472449879416,2005.0,5.0,2005-05,0.5192874628185985
Machakos,Mavoko,0.0684719511619,2005.0,5.0,2005-05,0.47175594104068
Machakos,Mwala,0.0827962943547,2005.0,5.0,2005-05,0.4528562194744973
Machakos,Yatta,0.0862109028544,2005.0,5.0,2005-05,0.4563765392861688
Nairobi,Dagoretti,0.00198642271282,2005.0,5.0,2005-05,0.5284987462157429
Nairobi,Embakasi Central,0.000664901959297,2005.0,5.0,2005-05,0.3914432886005894
Nairobi,Embakasi East,0.00697580217167,2005.0,5.0,2005-05,0.4582824471946825
Nairobi,Embakasi North,0.000441181256097,2005.0,5.0,2005-05,0.369498254274559
Nairobi,Embakasi South,0.00142609820487,2005.0,5.0,2005-05,0.4175527940401208
Nairobi,Embakasi West,0.000793166442342,2005.0,5.0,2005-05,0.4128411238394727
Nairobi,Kamukunji,0.000718135459802,2005.0,5.0,2005-05,0.3526278869711232
Nairobi,Kasarani,0.0110736011415,2005.0,5.0,2005-05,0.5126087190627442
Nairobi,Kibra,0.00100197842996,2005.0,5.0,2005-05,0.4700634761575676
Nairobi,Kilimani,0.00238546350977,2005.0,5.0,2005-05,0.4976493799716319
Nairobi,Langata,0.0170497156745,2005.0,5.0,2005-05,0.5528943454083285
Nairobi,Makadara,0.000974908477702,2005.0,5.0,2005-05,0.3321183681549613
Nairobi,Mathare,0.000235884309461,2005.0,5.0,2005-05,0.3274528265434693
Nairobi,Roysambu,0.00390887981589,2005.0,5.0,2005-05,0.5700612078390089
Nairobi,Ruaraka,0.000583416833502,2005.0,5.0,2005-05,0.5003900400298527
Nairobi,Starehe,0.00136813789598,2005.0,5.0,2005-05,0.2906673642435808
Nairobi,Westlands,0.00590790301496,2005.0,5.0,2005-05,0.5921995115140717
Turkana,Loima,0.792863767753,2005.0,5.0,2005-05,0.3103889383727087
Turkana,Turkana Central,0.538281501213,2005.0,5.0,2005-05,0.148569813289079
Turkana,Turkana East,0.909087463502,2005.0,5.0,2005-05,0.2800597836516779
Turkana,Turkana North,1.66897152383,2005.0,5.0,2005-05,0.3696148810758595
Turkana,Turkana South,0.603285539944,2005.0,5.0,2005-05,0.222856006809174
Turkana,Turkana West,1.19593592043,2005.0,5.0,2005-05,0.4292593140246286
Kiambu,Gatundu North,0.0190562071078,2005.0,6.0,2005-06,0.7462701219372946
Kiambu,Gatundu South,0.018013492523,2005.0,6.0,2005-06,0.7529641311341859
Kiambu,Githunguri,0.0140557399999,2005.0,6.0,2005-06,0.754894207190926
Kiambu,Juja,0.0303444523402,2005.0,6.0,2005-06,0.6334231659238772
Kiambu,Kabete,0.00456838148631,2005.0,6.0,2005-06,0.6760532402955719
Kiambu,Kiambaa,0.00720464174127,2005.0,6.0,2005-06,0.7174703707212337
Kiambu,Kiambu,0.00796244668767,2005.0,6.0,2005-06,0.7135089657614243
Kiambu,Kikuyu,0.0141641490709,2005.0,6.0,2005-06,0.6591928831688658
Kiambu,Lari,0.037858207576,2005.0,6.0,2005-06,0.7588532588988065
Kiambu,Limuru,0.0231553754199,2005.0,6.0,2005-06,0.695084541714433
Kiambu,Ruiru,0.0124421280679,2005.0,6.0,2005-06,0.6083128684057401
Kiambu,Thika Town,0.0178033031507,2005.0,6.0,2005-06,0.6257397050309752
Machakos,Kangundo,0.013896319438,2005.0,6.0,2005-06,0.6366228589262
Machakos,Kathiani,0.0167415041685,2005.0,6.0,2005-06,0.6002592703333738
Machakos,Machakos Town,0.0615270519301,2005.0,6.0,2005-06,0.5363559600173986
Machakos,Masinga,0.11427469357,2005.0,6.0,2005-06,0.4747871427025577
Machakos,Matungulu,0.0472449879416,2005.0,6.0,2005-06,0.5768097951877795
Machakos,Mavoko,0.0684719511619,2005.0,6.0,2005-06,0.5091112384559814
Machakos,Mwala,0.0827962943547,2005.0,6.0,2005-06,0.4336861944926772
Machakos,Yatta,0.0862109028544,2005.0,6.0,2005-06,0.4459679695062282
Nairobi,Dagoretti,0.00198642271282,2005.0,6.0,2005-06,0.6127578005497128
Nairobi,Embakasi Central,0.000664901959297,2005.0,6.0,2005-06,0.4059658553277592
Nairobi,Embakasi East,0.00697580217167,2005.0,6.0,2005-06,0.5156472084363727
Nairobi,Embakasi North,0.000441181256097,2005.0,6.0,2005-06,0.391821401965624
Nairobi,Embakasi South,0.00142609820487,2005.0,6.0,2005-06,0.4205430280791318
Nairobi,Embakasi West,0.000793166442342,2005.0,6.0,2005-06,0.4311289657582108
Nairobi,Kamukunji,0.000718135459802,2005.0,6.0,2005-06,0.4324914980592947
Nairobi,Kasarani,0.0110736011415,2005.0,6.0,2005-06,0.5340869768758864
Nairobi,Kibra,0.00100197842996,2005.0,6.0,2005-06,0.4699337713495907
Nairobi,Kilimani,0.00238546350977,2005.0,6.0,2005-06,0.5118600452890286
Nairobi,Langata,0.0170497156745,2005.0,6.0,2005-06,0.6248305452716554
Nairobi,Makadara,0.000974908477702,2005.0,6.0,2005-06,0.394315751964427
Nairobi,Mathare,0.000235884309461,2005.0,6.0,2005-06,0.3846577698446031
Nairobi,Roysambu,0.00390887981589,2005.0,6.0,2005-06,0.615621922703162
Nairobi,Ruaraka,0.000583416833502,2005.0,6.0,2005-06,0.4966624669244864
Nairobi,Starehe,0.00136813789598,2005.0,6.0,2005-06,0.322381520356234
Nairobi,Westlands,0.00590790301496,2005.0,6.0,2005-06,0.6294182050569509
Turkana,Loima,0.792863767753,2005.0,6.0,2005-06,0.2970744344697924
Turkana,Turkana Central,0.538281501213,2005.0,6.0,2005-06,0.1470813547642312
Turkana,Turkana East,0.909087463502,2005.0,6.0,2005-06,0.2498420534553845
Turkana,Turkana North,1.66897152383,2005.0,6.0,2005-06,0.3379120135028701
Turkana,Turkana South,0.603285539944,2005.0,6.0,2005-06,0.2190907641852934
Turkana,Turkana West,1.19593592043,2005.0,6.0,2005-06,0.415070370271482
Kiambu,Gatundu North,0.0190562071078,2005.0,7.0,2005-07,0.4184441235088705
Kiambu,Gatundu South,0.018013492523,2005.0,7.0,2005-07,0.4222152663947924
Kiambu,Githunguri,0.0140557399999,2005.0,7.0,2005-07,0.4863681853940964
Kiambu,Juja,0.0303444523402,2005.0,7.0,2005-07,0.2520819866004641
Kiambu,Kabete,0.00456838148631,2005.0,7.0,2005-07,0.5779029767318975
Kiambu,Kiambaa,0.00720464174127,2005.0,7.0,2005-07,0.5938762735390543
Kiambu,Kiambu,0.00796244668767,2005.0,7.0,2005-07,0.362962773871345
Kiambu,Kikuyu,0.0141641490709,2005.0,7.0,2005-07,0.5795933355166317
Kiambu,Lari,0.037858207576,2005.0,7.0,2005-07,0.6418405155414322
Kiambu,Limuru,0.0231553754199,2005.0,7.0,2005-07,0.6042599436870945
Kiambu,Ruiru,0.0124421280679,2005.0,7.0,2005-07,0.2880077975306602
Kiambu,Thika Town,0.0178033031507,2005.0,7.0,2005-07,0.3115056846403858
Machakos,Kangundo,0.013896319438,2005.0,7.0,2005-07,0.4552832390791609
Machakos,Kathiani,0.0167415041685,2005.0,7.0,2005-07,0.430198982179275
Machakos,Machakos Town,0.0615270519301,2005.0,7.0,2005-07,0.3744260128825954
Machakos,Masinga,0.11427469357,2005.0,7.0,2005-07,0.3008191444579627
Machakos,Matungulu,0.0472449879416,2005.0,7.0,2005-07,0.3412879937721547
Machakos,Mavoko,0.0684719511619,2005.0,7.0,2005-07,0.30538541350764
Machakos,Mwala,0.0827962943547,2005.0,7.0,2005-07,0.3325414385724837
Machakos,Yatta,0.0862109028544,2005.0,7.0,2005-07,0.3328977121411831
Nairobi,Dagoretti,0.00198642271282,2005.0,7.0,2005-07,0.541748805469248
Nairobi,Embakasi Central,0.000664901959297,2005.0,7.0,2005-07,0.1952361680602256
Nairobi,Embakasi East,0.00697580217167,2005.0,7.0,2005-07,0.2570429142466595
Nairobi,Embakasi North,0.000441181256097,2005.0,7.0,2005-07,0.1873948570659246
Nairobi,Embakasi South,0.00142609820487,2005.0,7.0,2005-07,0.233607462334563
Nairobi,Embakasi West,0.000793166442342,2005.0,7.0,2005-07,0.2610488531995607
Nairobi,Kamukunji,0.000718135459802,2005.0,7.0,2005-07,0.1786904836622896
Nairobi,Kasarani,0.0110736011415,2005.0,7.0,2005-07,0.2600442603284968
Nairobi,Kibra,0.00100197842996,2005.0,7.0,2005-07,0.3443902902557016
Nairobi,Kilimani,0.00238546350977,2005.0,7.0,2005-07,0.4473612679269074
Nairobi,Langata,0.0170497156745,2005.0,7.0,2005-07,0.4832450876474466
Nairobi,Makadara,0.000974908477702,2005.0,7.0,2005-07,0.1907019309252603
Nairobi,Mathare,0.000235884309461,2005.0,7.0,2005-07,0.2414585090298195
Nairobi,Roysambu,0.00390887981589,2005.0,7.0,2005-07,0.2824969452261407
Nairobi,Ruaraka,0.000583416833502,2005.0,7.0,2005-07,0.2152594816473302
Nairobi,Starehe,0.00136813789598,2005.0,7.0,2005-07,0.197641928348369
Nairobi,Westlands,0.00590790301496,2005.0,7.0,2005-07,0.4779956294069196
Turkana,Loima,0.792863767753,2005.0,7.0,2005-07,0.2513912543127528
Turkana,Turkana Central,0.538281501213,2005.0,7.0,2005-07,0.129868781707569
Turkana,Turkana East,0.909087463502,2005.0,7.0,2005-07,0.2200412342559835
Turkana,Turkana North,1.66897152383,2005.0,7.0,2005-07,0.242504498946202
Turkana,Turkana South,0.603285539944,2005.0,7.0,2005-07,0.193176608203834
Turkana,Turkana West,1.19593592043,2005.0,7.0,2005-07,0.3020926725281477
Kiambu,Gatundu North,0.0190562071078,2005.0,8.0,2005-08,0.5668273506172121
Kiambu,Gatundu South,0.018013492523,2005.0,8.0,2005-08,0.5795743974521146
Kiambu,Githunguri,0.0140557399999,2005.0,8.0,2005-08,0.6205869629954887
Kiambu,Juja,0.0303444523402,2005.0,8.0,2005-08,0.4558834109366962
Kiambu,Kabete,0.00456838148631,2005.0,8.0,2005-08,0.5777296375945322
Kiambu,Kiambaa,0.00720464174127,2005.0,8.0,2005-08,0.6280448874463869
Kiambu,Kiambu,0.00796244668767,2005.0,8.0,2005-08,0.6328714484309391
Kiambu,Kikuyu,0.0141641490709,2005.0,8.0,2005-08,0.5075979538909725
Kiambu,Lari,0.037858207576,2005.0,8.0,2005-08,0.6127114857888695
Kiambu,Limuru,0.0231553754199,2005.0,8.0,2005-08,0.5020354618820064
Kiambu,Ruiru,0.0124421280679,2005.0,8.0,2005-08,0.3535719216717489
Kiambu,Thika Town,0.0178033031507,2005.0,8.0,2005-08,0.4334191009250766
Machakos,Kangundo,0.013896319438,2005.0,8.0,2005-08,0.4068753593781355
Machakos,Kathiani,0.0167415041685,2005.0,8.0,2005-08,0.4052383184571286
Machakos,Machakos Town,0.0615270519301,2005.0,8.0,2005-08,0.3406821671259107
Machakos,Masinga,0.11427469357,2005.0,8.0,2005-08,0.3107345230735741
Machakos,Matungulu,0.0472449879416,2005.0,8.0,2005-08,0.3504857035652701
Machakos,Mavoko,0.0684719511619,2005.0,8.0,2005-08,0.2859001744981647
Machakos,Mwala,0.0827962943547,2005.0,8.0,2005-08,0.292180382223991
Machakos,Yatta,0.0862109028544,2005.0,8.0,2005-08,0.303295382365188
Nairobi,Dagoretti,0.00198642271282,2005.0,8.0,2005-08,0.5343511044056722
Nairobi,Embakasi Central,0.000664901959297,2005.0,8.0,2005-08,0.2723974127413931
Nairobi,Embakasi East,0.00697580217167,2005.0,8.0,2005-08,0.2767299042017379
Nairobi,Embakasi North,0.000441181256097,2005.0,8.0,2005-08,0.3041199793564599
Nairobi,Embakasi South,0.00142609820487,2005.0,8.0,2005-08,0.265169452151716
Nairobi,Embakasi West,0.000793166442342,2005.0,8.0,2005-08,0.3233359314165917
Nairobi,Kamukunji,0.000718135459802,2005.0,8.0,2005-08,0.3328421628540754
Nairobi,Kasarani,0.0110736011415,2005.0,8.0,2005-08,0.3044771788724496
Nairobi,Kibra,0.00100197842996,2005.0,8.0,2005-08,0.4040523832559977
Nairobi,Kilimani,0.00238546350977,2005.0,8.0,2005-08,0.4797676025846263
Nairobi,Langata,0.0170497156745,2005.0,8.0,2005-08,0.4636561827735549
Nairobi,Makadara,0.000974908477702,2005.0,8.0,2005-08,0.2991770684859192
Nairobi,Mathare,0.000235884309461,2005.0,8.0,2005-08,0.3251927257454851
Nairobi,Roysambu,0.00390887981589,2005.0,8.0,2005-08,0.5106967913612991
Nairobi,Ruaraka,0.000583416833502,2005.0,8.0,2005-08,0.3938911968247506
Nairobi,Starehe,0.00136813789598,2005.0,8.0,2005-08,0.2787902874161462
Nairobi,Westlands,0.00590790301496,2005.0,8.0,2005-08,0.5906234093237535
Turkana,Loima,0.792863767753,2005.0,8.0,2005-08,0.2223362664298099
Turkana,Turkana Central,0.538281501213,2005.0,8.0,2005-08,0.1169040925215948
Turkana,Turkana East,0.909087463502,2005.0,8.0,2005-08,0.1955851641885341
Turkana,Turkana North,1.66897152383,2005.0,8.0,2005-08,0.208367258547562
Turkana,Turkana South,0.603285539944,2005.0,8.0,2005-08,0.1678544971555546
Turkana,Turkana West,1.19593592043,2005.0,8.0,2005-08,0.2766627665199768
Kiambu,Gatundu North,0.0190562071078,2005.0,9.0,2005-09,0.6538145975975853
Kiambu,Gatundu South,0.018013492523,2005.0,9.0,2005-09,0.620955703259854
Kiambu,Githunguri,0.0140557399999,2005.0,9.0,2005-09,0.6042464193131629
Kiambu,Juja,0.0303444523402,2005.0,9.0,2005-09,0.3785792759909341
Kiambu,Kabete,0.00456838148631,2005.0,9.0,2005-09,0.533211637299999
Kiambu,Kiambaa,0.00720464174127,2005.0,9.0,2005-09,0.5560903620991703
Kiambu,Kiambu,0.00796244668767,2005.0,9.0,2005-09,0.5321019118195154
Kiambu,Kikuyu,0.0141641490709,2005.0,9.0,2005-09,0.4558395675114033
Kiambu,Lari,0.037858207576,2005.0,9.0,2005-09,0.6805629204609339
Kiambu,Limuru,0.0231553754199,2005.0,9.0,2005-09,0.4988180971414716
Kiambu,Ruiru,0.0124421280679,2005.0,9.0,2005-09,0.2827360645729533
Kiambu,Thika Town,0.0178033031507,2005.0,9.0,2005-09,0.3645954926243843
Machakos,Kangundo,0.013896319438,2005.0,9.0,2005-09,0.3569236351886669
Machakos,Kathiani,0.0167415041685,2005.0,9.0,2005-09,0.3395955022225694
Machakos,Machakos Town,0.0615270519301,2005.0,9.0,2005-09,0.2916963969911458
Machakos,Masinga,0.11427469357,2005.0,9.0,2005-09,0.2762808296175765
Machakos,Matungulu,0.0472449879416,2005.0,9.0,2005-09,0.3073306813495783
Machakos,Mavoko,0.0684719511619,2005.0,9.0,2005-09,0.2479544725030701
Machakos,Mwala,0.0827962943547,2005.0,9.0,2005-09,0.2666792495969742
Machakos,Yatta,0.0862109028544,2005.0,9.0,2005-09,0.2753844534878784
Nairobi,Dagoretti,0.00198642271282,2005.0,9.0,2005-09,0.4739368666347993
Nairobi,Embakasi Central,0.000664901959297,2005.0,9.0,2005-09,0.2141595024846013
Nairobi,Embakasi East,0.00697580217167,2005.0,9.0,2005-09,0.2226288839700978
Nairobi,Embakasi North,0.000441181256097,2005.0,9.0,2005-09,0.2579472467800564
Nairobi,Embakasi South,0.00142609820487,2005.0,9.0,2005-09,0.2226408028356591
Nairobi,Embakasi West,0.000793166442342,2005.0,9.0,2005-09,0.2668325920934412
Nairobi,Kamukunji,0.000718135459802,2005.0,9.0,2005-09,0.2828578853194592
Nairobi,Kasarani,0.0110736011415,2005.0,9.0,2005-09,0.2496394112140516
Nairobi,Kibra,0.00100197842996,2005.0,9.0,2005-09,0.3482239115411196
Nairobi,Kilimani,0.00238546350977,2005.0,9.0,2005-09,0.4213999353013876
Nairobi,Langata,0.0170497156745,2005.0,9.0,2005-09,0.4021772600441571
Nairobi,Makadara,0.000974908477702,2005.0,9.0,2005-09,0.2519567166148911
Nairobi,Mathare,0.000235884309461,2005.0,9.0,2005-09,0.282304897102058
Nairobi,Roysambu,0.00390887981589,2005.0,9.0,2005-09,0.420602637466089
Nairobi,Ruaraka,0.000583416833502,2005.0,9.0,2005-09,0.3233222674536946
Nairobi,Starehe,0.00136813789598,2005.0,9.0,2005-09,0.2552434948241961
Nairobi,Westlands,0.00590790301496,2005.0,9.0,2005-09,0.524605274911443
Turkana,Loima,0.792863767753,2005.0,9.0,2005-09,0.2378764603002216
Turkana,Turkana Central,0.538281501213,2005.0,9.0,2005-09,0.1180482644974263
Turkana,Turkana East,0.909087463502,2005.0,9.0,2005-09,0.2240099130675193
Turkana,Turkana North,1.66897152383,2005.0,9.0,2005-09,0.1953194976189179
Turkana,Turkana South,0.603285539944,2005.0,9.0,2005-09,0.2014487098655981
Turkana,Turkana West,1.19593592043,2005.0,9.0,2005-09,0.311837158483307
Kiambu,Gatundu North,0.0190562071078,2005.0,10.0,2005-10,0.7351534257040954
Kiambu,Gatundu South,0.018013492523,2005.0,10.0,2005-10,0.7028815272818318
Kiambu,Githunguri,0.0140557399999,2005.0,10.0,2005-10,0.6733471984147771
Kiambu,Juja,0.0303444523402,2005.0,10.0,2005-10,0.4206575896480166
Kiambu,Kabete,0.00456838148631,2005.0,10.0,2005-10,0.5847485888406668
Kiambu,Kiambaa,0.00720464174127,2005.0,10.0,2005-10,0.6224916412672787
Kiambu,Kiambu,0.00796244668767,2005.0,10.0,2005-10,0.5972074067632391
Kiambu,Kikuyu,0.0141641490709,2005.0,10.0,2005-10,0.4611305498839455
Kiambu,Lari,0.037858207576,2005.0,10.0,2005-10,0.7232851681843745
Kiambu,Limuru,0.0231553754199,2005.0,10.0,2005-10,0.5251134267667394
Kiambu,Ruiru,0.0124421280679,2005.0,10.0,2005-10,0.2983236949796027
Kiambu,Thika Town,0.0178033031507,2005.0,10.0,2005-10,0.3983867361168979
Machakos,Kangundo,0.013896319438,2005.0,10.0,2005-10,0.3582733487252559
Machakos,Kathiani,0.0167415041685,2005.0,10.0,2005-10,0.3493775670610817
Machakos,Machakos Town,0.0615270519301,2005.0,10.0,2005-10,0.2965557618854278
Machakos,Masinga,0.11427469357,2005.0,10.0,2005-10,0.2910049557689399
Machakos,Matungulu,0.0472449879416,2005.0,10.0,2005-10,0.3303157773482424
Machakos,Mavoko,0.0684719511619,2005.0,10.0,2005-10,0.2515904514072957
Machakos,Mwala,0.0827962943547,2005.0,10.0,2005-10,0.2735475976648925
Machakos,Yatta,0.0862109028544,2005.0,10.0,2005-10,0.2837287430238414
Nairobi,Dagoretti,0.00198642271282,2005.0,10.0,2005-10,0.5152787105640533
Nairobi,Embakasi Central,0.000664901959297,2005.0,10.0,2005-10,0.2204545303061864
Nairobi,Embakasi East,0.00697580217167,2005.0,10.0,2005-10,0.2294722471470382
Nairobi,Embakasi North,0.000441181256097,2005.0,10.0,2005-10,0.2748956065161778
Nairobi,Embakasi South,0.00142609820487,2005.0,10.0,2005-10,0.2176223051524652
Nairobi,Embakasi West,0.000793166442342,2005.0,10.0,2005-10,0.2736133448138165
Nairobi,Kamukunji,0.000718135459802,2005.0,10.0,2005-10,0.3048647066919921
Nairobi,Kasarani,0.0110736011415,2005.0,10.0,2005-10,0.2650457372954932
Nairobi,Kibra,0.00100197842996,2005.0,10.0,2005-10,0.4076177431138321
Nairobi,Kilimani,0.00238546350977,2005.0,10.0,2005-10,0.4828226320722634
Nairobi,Langata,0.0170497156745,2005.0,10.0,2005-10,0.4262270726135513
Nairobi,Makadara,0.000974908477702,2005.0,10.0,2005-10,0.2551812815983432
Nairobi,Mathare,0.000235884309461,2005.0,10.0,2005-10,0.3315765056698867
Nairobi,Roysambu,0.00390887981589,2005.0,10.0,2005-10,0.4390171721261686
Nairobi,Ruaraka,0.000583416833502,2005.0,10.0,2005-10,0.3468073071443114
Nairobi,Starehe,0.00136813789598,2005.0,10.0,2005-10,0.2710163442632429
Nairobi,Westlands,0.00590790301496,2005.0,10.0,2005-10,0.5691065619161775
Turkana,Loima,0.792863767753,2005.0,10.0,2005-10,0.2186599272165847
Turkana,Turkana Central,0.538281501213,2005.0,10.0,2005-10,0.1148457519964814
Turkana,Turkana East,0.909087463502,2005.0,10.0,2005-10,0.1918440073452965
Turkana,Turkana North,1.66897152383,2005.0,10.0,2005-10,0.1901277683001832
Turkana,Turkana South,0.603285539944,2005.0,10.0,2005-10,0.180826880222622
Turkana,Turkana West,1.19593592043,2005.0,10.0,2005-10,0.265336859529768
Kiambu,Gatundu North,0.0190562071078,2005.0,11.0,2005-11,0.6828117075165769
Kiambu,Gatundu South,0.018013492523,2005.0,11.0,2005-11,0.6655413526280426
Kiambu,Githunguri,0.0140557399999,2005.0,11.0,2005-11,0.6826753268539553
Kiambu,Juja,0.0303444523402,2005.0,11.0,2005-11,0.4792301215123306
Kiambu,Kabete,0.00456838148631,2005.0,11.0,2005-11,0.6035831849840174
Kiambu,Kiambaa,0.00720464174127,2005.0,11.0,2005-11,0.6428494354471112
Kiambu,Kiambu,0.00796244668767,2005.0,11.0,2005-11,0.6206172867542937
Kiambu,Kikuyu,0.0141641490709,2005.0,11.0,2005-11,0.475575206901272
Kiambu,Lari,0.037858207576,2005.0,11.0,2005-11,0.69913152268305
Kiambu,Limuru,0.0231553754199,2005.0,11.0,2005-11,0.5190827070601284
Kiambu,Ruiru,0.0124421280679,2005.0,11.0,2005-11,0.3623558849527976
Kiambu,Thika Town,0.0178033031507,2005.0,11.0,2005-11,0.4707738075950778
Machakos,Kangundo,0.013896319438,2005.0,11.0,2005-11,0.4309074189397509
Machakos,Kathiani,0.0167415041685,2005.0,11.0,2005-11,0.4075307646771073
Machakos,Machakos Town,0.0615270519301,2005.0,11.0,2005-11,0.3255964620117379
Machakos,Masinga,0.11427469357,2005.0,11.0,2005-11,0.3890226648874763
Machakos,Matungulu,0.0472449879416,2005.0,11.0,2005-11,0.4205733847729263
Machakos,Mavoko,0.0684719511619,2005.0,11.0,2005-11,0.2774960317375488
Machakos,Mwala,0.0827962943547,2005.0,11.0,2005-11,0.3351281609395855
Machakos,Yatta,0.0862109028544,2005.0,11.0,2005-11,0.3503292080819626
Nairobi,Dagoretti,0.00198642271282,2005.0,11.0,2005-11,0.5280280712237094
Nairobi,Embakasi Central,0.000664901959297,2005.0,11.0,2005-11,0.260598416996459
Nairobi,Embakasi East,0.00697580217167,2005.0,11.0,2005-11,0.2494667710767524
Nairobi,Embakasi North,0.000441181256097,2005.0,11.0,2005-11,0.3010803168334604
Nairobi,Embakasi South,0.00142609820487,2005.0,11.0,2005-11,0.2364376626619682
Nairobi,Embakasi West,0.000793166442342,2005.0,11.0,2005-11,0.3143823475092342
Nairobi,Kamukunji,0.000718135459802,2005.0,11.0,2005-11,0.3494944559143333
Nairobi,Kasarani,0.0110736011415,2005.0,11.0,2005-11,0.2948463491626796
Nairobi,Kibra,0.00100197842996,2005.0,11.0,2005-11,0.4165321295290752
Nairobi,Kilimani,0.00238546350977,2005.0,11.0,2005-11,0.4960410794714619
Nairobi,Langata,0.0170497156745,2005.0,11.0,2005-11,0.4252045193921934
Nairobi,Makadara,0.000974908477702,2005.0,11.0,2005-11,0.3020579825790336
Nairobi,Mathare,0.000235884309461,2005.0,11.0,2005-11,0.3279717303653927
Nairobi,Roysambu,0.00390887981589,2005.0,11.0,2005-11,0.4773435121168564
Nairobi,Ruaraka,0.000583416833502,2005.0,11.0,2005-11,0.3852849039962007
Nairobi,Starehe,0.00136813789598,2005.0,11.0,2005-11,0.2999092535565578
Nairobi,Westlands,0.00590790301496,2005.0,11.0,2005-11,0.5775854418470728
Turkana,Loima,0.792863767753,2005.0,11.0,2005-11,0.2078378015347235
Turkana,Turkana Central,0.538281501213,2005.0,11.0,2005-11,0.1156739348817183
Turkana,Turkana East,0.909087463502,2005.0,11.0,2005-11,0.1762678677829837
Turkana,Turkana North,1.66897152383,2005.0,11.0,2005-11,0.1914300471278762
Turkana,Turkana South,0.603285539944,2005.0,11.0,2005-11,0.1715427494513164
Turkana,Turkana West,1.19593592043,2005.0,11.0,2005-11,0.2448181712372393
Kiambu,Gatundu North,0.0190562071078,2005.0,12.0,2005-12,0.7668815820915047
Kiambu,Gatundu South,0.018013492523,2005.0,12.0,2005-12,0.7486103024433514
Kiambu,Githunguri,0.0140557399999,2005.0,12.0,2005-12,0.725917936014027
Kiambu,Juja,0.0303444523402,2005.0,12.0,2005-12,0.4831180152899155
Kiambu,Kabete,0.00456838148631,2005.0,12.0,2005-12,0.6170292146365554
Kiambu,Kiambaa,0.00720464174127,2005.0,12.0,2005-12,0.6763320519685219
Kiambu,Kiambu,0.00796244668767,2005.0,12.0,2005-12,0.6632860515069446
Kiambu,Kikuyu,0.0141641490709,2005.0,12.0,2005-12,0.4382587556316532
Kiambu,Lari,0.037858207576,2005.0,12.0,2005-12,0.7140523143900372
Kiambu,Limuru,0.0231553754199,2005.0,12.0,2005-12,0.4957435077421718
Kiambu,Ruiru,0.0124421280679,2005.0,12.0,2005-12,0.3452419662985658
Kiambu,Thika Town,0.0178033031507,2005.0,12.0,2005-12,0.5295069408006217
Machakos,Kangundo,0.013896319438,2005.0,12.0,2005-12,0.5818719982548872
Machakos,Kathiani,0.0167415041685,2005.0,12.0,2005-12,0.5532592446338142
Machakos,Machakos Town,0.0615270519301,2005.0,12.0,2005-12,0.3976423656661694
Machakos,Masinga,0.11427469357,2005.0,12.0,2005-12,0.4470629570078351
Machakos,Matungulu,0.0472449879416,2005.0,12.0,2005-12,0.5085211579288016
Machakos,Mavoko,0.0684719511619,2005.0,12.0,2005-12,0.2938974786813532
Machakos,Mwala,0.0827962943547,2005.0,12.0,2005-12,0.4177771574621512
Machakos,Yatta,0.0862109028544,2005.0,12.0,2005-12,0.42437984021227
Nairobi,Dagoretti,0.00198642271282,2005.0,12.0,2005-12,0.5390401400175274
Nairobi,Embakasi Central,0.000664901959297,2005.0,12.0,2005-12,0.2457100916475733
Nairobi,Embakasi East,0.00697580217167,2005.0,12.0,2005-12,0.2424429348072694
Nairobi,Embakasi North,0.000441181256097,2005.0,12.0,2005-12,0.2886782367724273
Nairobi,Embakasi South,0.00142609820487,2005.0,12.0,2005-12,0.2250415693238256
Nairobi,Embakasi West,0.000793166442342,2005.0,12.0,2005-12,0.2974601265348906
Nairobi,Kamukunji,0.000718135459802,2005.0,12.0,2005-12,0.318381651388774
Nairobi,Kasarani,0.0110736011415,2005.0,12.0,2005-12,0.2904859433116219
Nairobi,Kibra,0.00100197842996,2005.0,12.0,2005-12,0.4234237219863759
Nairobi,Kilimani,0.00238546350977,2005.0,12.0,2005-12,0.5119639624582153
Nairobi,Langata,0.0170497156745,2005.0,12.0,2005-12,0.4231198736772247
Nairobi,Makadara,0.000974908477702,2005.0,12.0,2005-12,0.2872571348805102
Nairobi,Mathare,0.000235884309461,2005.0,12.0,2005-12,0.3098481604367912
Nairobi,Roysambu,0.00390887981589,2005.0,12.0,2005-12,0.4657532703870918
Nairobi,Ruaraka,0.000583416833502,2005.0,12.0,2005-12,0.3671847157201983
Nairobi,Starehe,0.00136813789598,2005.0,12.0,2005-12,0.2898018917707606
Nairobi,Westlands,0.00590790301496,2005.0,12.0,2005-12,0.5875198626949423
Turkana,Loima,0.792863767753,2005.0,12.0,2005-12,0.1896070302203597
Turkana,Turkana Central,0.538281501213,2005.0,12.0,2005-12,0.1134004895083338
Turkana,Turkana East,0.909087463502,2005.0,12.0,2005-12,0.1549896819131503
Turkana,Turkana North,1.66897152383,2005.0,12.0,2005-12,0.1717573351322011
Turkana,Turkana South,0.603285539944,2005.0,12.0,2005-12,0.1548877878911132
Turkana,Turkana West,1.19593592043,2005.0,12.0,2005-12,0.210370776270245
Kiambu,Gatundu North,0.0190562071078,2006.0,1.0,2006-01,0.7232683061646473
Kiambu,Gatundu South,0.018013492523,2006.0,1.0,2006-01,0.6966413518045148
Kiambu,Githunguri,0.0140557399999,2006.0,1.0,2006-01,0.6551734845094437
Kiambu,Juja,0.0303444523402,2006.0,1.0,2006-01,0.408126892123829
Kiambu,Kabete,0.00456838148631,2006.0,1.0,2006-01,0.5271036712665784
Kiambu,Kiambaa,0.00720464174127,2006.0,1.0,2006-01,0.605962076791275
Kiambu,Kiambu,0.00796244668767,2006.0,1.0,2006-01,0.5743558087559323
Kiambu,Kikuyu,0.0141641490709,2006.0,1.0,2006-01,0.3921803927702568
Kiambu,Lari,0.037858207576,2006.0,1.0,2006-01,0.6698993350844262
Kiambu,Limuru,0.0231553754199,2006.0,1.0,2006-01,0.4660959055682462
Kiambu,Ruiru,0.0124421280679,2006.0,1.0,2006-01,0.2938862071021346
Kiambu,Thika Town,0.0178033031507,2006.0,1.0,2006-01,0.4457052481040086
Machakos,Kangundo,0.013896319438,2006.0,1.0,2006-01,0.4981439870440248
Machakos,Kathiani,0.0167415041685,2006.0,1.0,2006-01,0.4697827965965512
Machakos,Machakos Town,0.0615270519301,2006.0,1.0,2006-01,0.3444477389068761
Machakos,Masinga,0.11427469357,2006.0,1.0,2006-01,0.3612196588382754
Machakos,Matungulu,0.0472449879416,2006.0,1.0,2006-01,0.4171241977085581
Machakos,Mavoko,0.0684719511619,2006.0,1.0,2006-01,0.2611310664797419
Machakos,Mwala,0.0827962943547,2006.0,1.0,2006-01,0.3336389180891603
Machakos,Yatta,0.0862109028544,2006.0,1.0,2006-01,0.3431440976277908
Nairobi,Dagoretti,0.00198642271282,2006.0,1.0,2006-01,0.4705679159695665
Nairobi,Embakasi Central,0.000664901959297,2006.0,1.0,2006-01,0.2180391778498526
Nairobi,Embakasi East,0.00697580217167,2006.0,1.0,2006-01,0.2285087425131027
Nairobi,Embakasi North,0.000441181256097,2006.0,1.0,2006-01,0.2528661715208902
Nairobi,Embakasi South,0.00142609820487,2006.0,1.0,2006-01,0.2081033066507588
Nairobi,Embakasi West,0.000793166442342,2006.0,1.0,2006-01,0.2593863369771388
Nairobi,Kamukunji,0.000718135459802,2006.0,1.0,2006-01,0.2772073815619235
Nairobi,Kasarani,0.0110736011415,2006.0,1.0,2006-01,0.2645260971627226
Nairobi,Kibra,0.00100197842996,2006.0,1.0,2006-01,0.3585129538947577
Nairobi,Kilimani,0.00238546350977,2006.0,1.0,2006-01,0.462547387171426
Nairobi,Langata,0.0170497156745,2006.0,1.0,2006-01,0.3652092186156697
Nairobi,Makadara,0.000974908477702,2006.0,1.0,2006-01,0.2391515106292258
Nairobi,Mathare,0.000235884309461,2006.0,1.0,2006-01,0.2794281898362033
Nairobi,Roysambu,0.00390887981589,2006.0,1.0,2006-01,0.4073631812568332
Nairobi,Ruaraka,0.000583416833502,2006.0,1.0,2006-01,0.3250665207951695
Nairobi,Starehe,0.00136813789598,2006.0,1.0,2006-01,0.2554634122715707
Nairobi,Westlands,0.00590790301496,2006.0,1.0,2006-01,0.5366301749710385
Turkana,Loima,0.792863767753,2006.0,1.0,2006-01,0.1823336259005779
Turkana,Turkana Central,0.538281501213,2006.0,1.0,2006-01,0.111442547043874
Turkana,Turkana East,0.909087463502,2006.0,1.0,2006-01,0.149114245727837
Turkana,Turkana North,1.66897152383,2006.0,1.0,2006-01,0.1710521540654673
Turkana,Turkana South,0.603285539944,2006.0,1.0,2006-01,0.1483102560515481
Turkana,Turkana West,1.19593592043,2006.0,1.0,2006-01,0.2035990632900854
Kiambu,Gatundu North,0.0190562071078,2006.0,2.0,2006-02,0.6529381105168973
Kiambu,Gatundu South,0.018013492523,2006.0,2.0,2006-02,0.6124198223705298
Kiambu,Githunguri,0.0140557399999,2006.0,2.0,2006-02,0.5495212334039803
Kiambu,Juja,0.0303444523402,2006.0,2.0,2006-02,0.3421257609594784
Kiambu,Kabete,0.00456838148631,2006.0,2.0,2006-02,0.4318237607959321
Kiambu,Kiambaa,0.00720464174127,2006.0,2.0,2006-02,0.4960445032978018
Kiambu,Kiambu,0.00796244668767,2006.0,2.0,2006-02,0.4595762342534861
Kiambu,Kikuyu,0.0141641490709,2006.0,2.0,2006-02,0.3496465958002465
Kiambu,Lari,0.037858207576,2006.0,2.0,2006-02,0.6035728599703637
Kiambu,Limuru,0.0231553754199,2006.0,2.0,2006-02,0.419560979393509
Kiambu,Ruiru,0.0124421280679,2006.0,2.0,2006-02,0.2536260624902624
Kiambu,Thika Town,0.0178033031507,2006.0,2.0,2006-02,0.3574455247381723
Machakos,Kangundo,0.013896319438,2006.0,2.0,2006-02,0.3877528422152411
Machakos,Kathiani,0.0167415041685,2006.0,2.0,2006-02,0.3893312701608616
Machakos,Machakos Town,0.0615270519301,2006.0,2.0,2006-02,0.3081122680597311
Machakos,Masinga,0.11427469357,2006.0,2.0,2006-02,0.3190154317960023
Machakos,Matungulu,0.0472449879416,2006.0,2.0,2006-02,0.3240265324807935
Machakos,Mavoko,0.0684719511619,2006.0,2.0,2006-02,0.2365141658248211
Machakos,Mwala,0.0827962943547,2006.0,2.0,2006-02,0.2816289059745187
Machakos,Yatta,0.0862109028544,2006.0,2.0,2006-02,0.2904072683972705
Nairobi,Dagoretti,0.00198642271282,2006.0,2.0,2006-02,0.3731080589746657
Nairobi,Embakasi Central,0.000664901959297,2006.0,2.0,2006-02,0.1884944267563305
Nairobi,Embakasi East,0.00697580217167,2006.0,2.0,2006-02,0.2103709818896473
Nairobi,Embakasi North,0.000441181256097,2006.0,2.0,2006-02,0.2343375375847057
Nairobi,Embakasi South,0.00142609820487,2006.0,2.0,2006-02,0.1919418384617517
Nairobi,Embakasi West,0.000793166442342,2006.0,2.0,2006-02,0.2174448462613556
Nairobi,Kamukunji,0.000718135459802,2006.0,2.0,2006-02,0.2207396770996779
Nairobi,Kasarani,0.0110736011415,2006.0,2.0,2006-02,0.2517469068997181
Nairobi,Kibra,0.00100197842996,2006.0,2.0,2006-02,0.2988225747852703
Nairobi,Kilimani,0.00238546350977,2006.0,2.0,2006-02,0.3883622404797654
Nairobi,Langata,0.0170497156745,2006.0,2.0,2006-02,0.3185495028535161
Nairobi,Makadara,0.000974908477702,2006.0,2.0,2006-02,0.2086483401352257
Nairobi,Mathare,0.000235884309461,2006.0,2.0,2006-02,0.2402637967240655
Nairobi,Roysambu,0.00390887981589,2006.0,2.0,2006-02,0.3406489852006314
Nairobi,Ruaraka,0.000583416833502,2006.0,2.0,2006-02,0.2964176606282651
Nairobi,Starehe,0.00136813789598,2006.0,2.0,2006-02,0.2163322598600508
Nairobi,Westlands,0.00590790301496,2006.0,2.0,2006-02,0.4502706441385038
Turkana,Loima,0.792863767753,2006.0,2.0,2006-02,0.1763249236623559
Turkana,Turkana Central,0.538281501213,2006.0,2.0,2006-02,0.1005007172106743
Turkana,Turkana East,0.909087463502,2006.0,2.0,2006-02,0.1475449595894638
Turkana,Turkana North,1.66897152383,2006.0,2.0,2006-02,0.1562305032792734
Turkana,Turkana South,0.603285539944,2006.0,2.0,2006-02,0.1462397554119339
Turkana,Turkana West,1.19593592043,2006.0,2.0,2006-02,0.1947434680202676
Kiambu,Gatundu North,0.0190562071078,2006.0,3.0,2006-03,0.6984953360308247
Kiambu,Gatundu South,0.018013492523,2006.0,3.0,2006-03,0.6910423826417894
Kiambu,Githunguri,0.0140557399999,2006.0,3.0,2006-03,0.6659876075557088
Kiambu,Juja,0.0303444523402,2006.0,3.0,2006-03,0.4774830292102831
Kiambu,Kabete,0.00456838148631,2006.0,3.0,2006-03,0.5715927070609945
Kiambu,Kiambaa,0.00720464174127,2006.0,3.0,2006-03,0.6227809165472203
Kiambu,Kiambu,0.00796244668767,2006.0,3.0,2006-03,0.6220018502000156
Kiambu,Kikuyu,0.0141641490709,2006.0,3.0,2006-03,0.4768868712310177
Kiambu,Lari,0.037858207576,2006.0,3.0,2006-03,0.684359882059845
Kiambu,Limuru,0.0231553754199,2006.0,3.0,2006-03,0.5342738808322556
Kiambu,Ruiru,0.0124421280679,2006.0,3.0,2006-03,0.3586538288123577
Kiambu,Thika Town,0.0178033031507,2006.0,3.0,2006-03,0.5073919344389805
Machakos,Kangundo,0.013896319438,2006.0,3.0,2006-03,0.5638891798677071
Machakos,Kathiani,0.0167415041685,2006.0,3.0,2006-03,0.4993724279762462
Machakos,Machakos Town,0.0615270519301,2006.0,3.0,2006-03,0.4658024680659676
Machakos,Masinga,0.11427469357,2006.0,3.0,2006-03,0.3817315033931249
Machakos,Matungulu,0.0472449879416,2006.0,3.0,2006-03,0.4823344901066596
Machakos,Mavoko,0.0684719511619,2006.0,3.0,2006-03,0.3633027026054988
Machakos,Mwala,0.0827962943547,2006.0,3.0,2006-03,0.4025382874636522
Machakos,Yatta,0.0862109028544,2006.0,3.0,2006-03,0.3853323751002322
Nairobi,Dagoretti,0.00198642271282,2006.0,3.0,2006-03,0.5275245150175274
Nairobi,Embakasi Central,0.000664901959297,2006.0,3.0,2006-03,0.3133817642157883
Nairobi,Embakasi East,0.00697580217167,2006.0,3.0,2006-03,0.3560759036742527
Nairobi,Embakasi North,0.000441181256097,2006.0,3.0,2006-03,0.3327870394471121
Nairobi,Embakasi South,0.00142609820487,2006.0,3.0,2006-03,0.2990262021031599
Nairobi,Embakasi West,0.000793166442342,2006.0,3.0,2006-03,0.3626133098732153
Nairobi,Kamukunji,0.000718135459802,2006.0,3.0,2006-03,0.3843958584523905
Nairobi,Kasarani,0.0110736011415,2006.0,3.0,2006-03,0.3372968629524692
Nairobi,Kibra,0.00100197842996,2006.0,3.0,2006-03,0.4338416260242867
Nairobi,Kilimani,0.00238546350977,2006.0,3.0,2006-03,0.4935949174263221
Nairobi,Langata,0.0170497156745,2006.0,3.0,2006-03,0.5146917844368211
Nairobi,Makadara,0.000974908477702,2006.0,3.0,2006-03,0.3302555562323607
Nairobi,Mathare,0.000235884309461,2006.0,3.0,2006-03,0.3513521335573288
Nairobi,Roysambu,0.00390887981589,2006.0,3.0,2006-03,0.5031817849840061
Nairobi,Ruaraka,0.000583416833502,2006.0,3.0,2006-03,0.4262766860031212
Nairobi,Starehe,0.00136813789598,2006.0,3.0,2006-03,0.3115435186791581
Nairobi,Westlands,0.00590790301496,2006.0,3.0,2006-03,0.587323424892359
Turkana,Loima,0.792863767753,2006.0,3.0,2006-03,0.2048582803845382
Turkana,Turkana Central,0.538281501213,2006.0,3.0,2006-03,0.0982478746731176
Turkana,Turkana East,0.909087463502,2006.0,3.0,2006-03,0.1604365938447739
Turkana,Turkana North,1.66897152383,2006.0,3.0,2006-03,0.1783689096315976
Turkana,Turkana South,0.603285539944,2006.0,3.0,2006-03,0.1554483092764671
Turkana,Turkana West,1.19593592043,2006.0,3.0,2006-03,0.2131063815215763
Kiambu,Gatundu North,0.0190562071078,2006.0,4.0,2006-04,0.660076012338016
Kiambu,Gatundu South,0.018013492523,2006.0,4.0,2006-04,0.6493139937148364
Kiambu,Githunguri,0.0140557399999,2006.0,4.0,2006-04,0.6081762492928117
Kiambu,Juja,0.0303444523402,2006.0,4.0,2006-04,0.6237158518150583
Kiambu,Kabete,0.00456838148631,2006.0,4.0,2006-04,0.5392916372133717
Kiambu,Kiambaa,0.00720464174127,2006.0,4.0,2006-04,0.5435223352609414
Kiambu,Kiambu,0.00796244668767,2006.0,4.0,2006-04,0.6368925563396038
Kiambu,Kikuyu,0.0141641490709,2006.0,4.0,2006-04,0.5746502362291603
Kiambu,Lari,0.037858207576,2006.0,4.0,2006-04,0.6480019997105312
Kiambu,Limuru,0.0231553754199,2006.0,4.0,2006-04,0.5686030145173171
Kiambu,Ruiru,0.0124421280679,2006.0,4.0,2006-04,0.5555428963551319
Kiambu,Thika Town,0.0178033031507,2006.0,4.0,2006-04,0.6205804713170546
Machakos,Kangundo,0.013896319438,2006.0,4.0,2006-04,0.6351571156799748
Machakos,Kathiani,0.0167415041685,2006.0,4.0,2006-04,0.5755947166431532
Machakos,Machakos Town,0.0615270519301,2006.0,4.0,2006-04,0.5387394122041956
Machakos,Masinga,0.11427469357,2006.0,4.0,2006-04,0.513118771627924
Machakos,Matungulu,0.0472449879416,2006.0,4.0,2006-04,0.5854738820041808
Machakos,Mavoko,0.0684719511619,2006.0,4.0,2006-04,0.5380888581600465
Machakos,Mwala,0.0827962943547,2006.0,4.0,2006-04,0.5411763306038173
Machakos,Yatta,0.0862109028544,2006.0,4.0,2006-04,0.5185364769610394
Nairobi,Dagoretti,0.00198642271282,2006.0,4.0,2006-04,0.5280476522665712
Nairobi,Embakasi Central,0.000664901959297,2006.0,4.0,2006-04,0.4476562710149673
Nairobi,Embakasi East,0.00697580217167,2006.0,4.0,2006-04,0.5555293887685185
Nairobi,Embakasi North,0.000441181256097,2006.0,4.0,2006-04,0.3999793878741638
Nairobi,Embakasi South,0.00142609820487,2006.0,4.0,2006-04,0.3894948655697673
Nairobi,Embakasi West,0.000793166442342,2006.0,4.0,2006-04,0.4483263913846459
Nairobi,Kamukunji,0.000718135459802,2006.0,4.0,2006-04,0.4480664781016873
Nairobi,Kasarani,0.0110736011415,2006.0,4.0,2006-04,0.5459287214923487
Nairobi,Kibra,0.00100197842996,2006.0,4.0,2006-04,0.4293639618915984
Nairobi,Kilimani,0.00238546350977,2006.0,4.0,2006-04,0.4861897618593381
Nairobi,Langata,0.0170497156745,2006.0,4.0,2006-04,0.5884358227977335
Nairobi,Makadara,0.000974908477702,2006.0,4.0,2006-04,0.4036907504416153
Nairobi,Mathare,0.000235884309461,2006.0,4.0,2006-04,0.4102074506509869
Nairobi,Roysambu,0.00390887981589,2006.0,4.0,2006-04,0.6237977707312625
Nairobi,Ruaraka,0.000583416833502,2006.0,4.0,2006-04,0.4948274882963567
Nairobi,Starehe,0.00136813789598,2006.0,4.0,2006-04,0.3397658621038629
Nairobi,Westlands,0.00590790301496,2006.0,4.0,2006-04,0.5522761467198791
Turkana,Loima,0.792863767753,2006.0,4.0,2006-04,0.2392199343125686
Turkana,Turkana Central,0.538281501213,2006.0,4.0,2006-04,0.1240000885696958
Turkana,Turkana East,0.909087463502,2006.0,4.0,2006-04,0.2452363031683573
Turkana,Turkana North,1.66897152383,2006.0,4.0,2006-04,0.2087241730666992
Turkana,Turkana South,0.603285539944,2006.0,4.0,2006-04,0.2117344356510931
Turkana,Turkana West,1.19593592043,2006.0,4.0,2006-04,0.2941596602564221
Kiambu,Gatundu North,0.0190562071078,2006.0,5.0,2006-05,0.7372955143642487
Kiambu,Gatundu South,0.018013492523,2006.0,5.0,2006-05,0.7574084960624393
Kiambu,Githunguri,0.0140557399999,2006.0,5.0,2006-05,0.7404044625943969
Kiambu,Juja,0.0303444523402,2006.0,5.0,2006-05,0.6607765315501157
Kiambu,Kabete,0.00456838148631,2006.0,5.0,2006-05,0.6921398050451767
Kiambu,Kiambaa,0.00720464174127,2006.0,5.0,2006-05,0.7563465301689816
Kiambu,Kiambu,0.00796244668767,2006.0,5.0,2006-05,0.7365265530350092
Kiambu,Kikuyu,0.0141641490709,2006.0,5.0,2006-05,0.6932210857742975
Kiambu,Lari,0.037858207576,2006.0,5.0,2006-05,0.7271711469329911
Kiambu,Limuru,0.0231553754199,2006.0,5.0,2006-05,0.6837697129340297
Kiambu,Ruiru,0.0124421280679,2006.0,5.0,2006-05,0.622006410553996
Kiambu,Thika Town,0.0178033031507,2006.0,5.0,2006-05,0.6400207501180665
Machakos,Kangundo,0.013896319438,2006.0,5.0,2006-05,0.695884654243999
Machakos,Kathiani,0.0167415041685,2006.0,5.0,2006-05,0.6395224490085277
Machakos,Machakos Town,0.0615270519301,2006.0,5.0,2006-05,0.62408298415105
Machakos,Masinga,0.11427469357,2006.0,5.0,2006-05,0.4961406980959412
Machakos,Matungulu,0.0472449879416,2006.0,5.0,2006-05,0.6289909630930226
Machakos,Mavoko,0.0684719511619,2006.0,5.0,2006-05,0.6163735775604694
Machakos,Mwala,0.0827962943547,2006.0,5.0,2006-05,0.5437535276159355
Machakos,Yatta,0.0862109028544,2006.0,5.0,2006-05,0.534924719915477
Nairobi,Dagoretti,0.00198642271282,2006.0,5.0,2006-05,0.6357774816762267
Nairobi,Embakasi Central,0.000664901959297,2006.0,5.0,2006-05,0.444468662778588
Nairobi,Embakasi East,0.00697580217167,2006.0,5.0,2006-05,0.570331441709962
Nairobi,Embakasi North,0.000441181256097,2006.0,5.0,2006-05,0.4225152807072653
Nairobi,Embakasi South,0.00142609820487,2006.0,5.0,2006-05,0.4639289683971031
Nairobi,Embakasi West,0.000793166442342,2006.0,5.0,2006-05,0.4636468952780274
Nairobi,Kamukunji,0.000718135459802,2006.0,5.0,2006-05,0.4654401244253585
Nairobi,Kasarani,0.0110736011415,2006.0,5.0,2006-05,0.5889037420367945
Nairobi,Kibra,0.00100197842996,2006.0,5.0,2006-05,0.4888664211669467
Nairobi,Kilimani,0.00238546350977,2006.0,5.0,2006-05,0.5597452334541587
Nairobi,Langata,0.0170497156745,2006.0,5.0,2006-05,0.6769593702540502
Nairobi,Makadara,0.000974908477702,2006.0,5.0,2006-05,0.4239626555805973
Nairobi,Mathare,0.000235884309461,2006.0,5.0,2006-05,0.4105588492230156
Nairobi,Roysambu,0.00390887981589,2006.0,5.0,2006-05,0.6561888660566054
Nairobi,Ruaraka,0.000583416833502,2006.0,5.0,2006-05,0.5293404606825431
Nairobi,Starehe,0.00136813789598,2006.0,5.0,2006-05,0.3678176418285908
Nairobi,Westlands,0.00590790301496,2006.0,5.0,2006-05,0.692544064176136
Turkana,Loima,0.792863767753,2006.0,5.0,2006-05,0.2240596382619842
Turkana,Turkana Central,0.538281501213,2006.0,5.0,2006-05,0.1155080443066353
Turkana,Turkana East,0.909087463502,2006.0,5.0,2006-05,0.2126505233547291
Turkana,Turkana North,1.66897152383,2006.0,5.0,2006-05,0.2227539841311362
Turkana,Turkana South,0.603285539944,2006.0,5.0,2006-05,0.1926283315834573
Turkana,Turkana West,1.19593592043,2006.0,5.0,2006-05,0.3170480873963353
Kiambu,Gatundu North,0.0190562071078,2006.0,6.0,2006-06,0.7115352362658346
Kiambu,Gatundu South,0.018013492523,2006.0,6.0,2006-06,0.7064797044852611
Kiambu,Githunguri,0.0140557399999,2006.0,6.0,2006-06,0.7102087123994801
Kiambu,Juja,0.0303444523402,2006.0,6.0,2006-06,0.5446268478302677
Kiambu,Kabete,0.00456838148631,2006.0,6.0,2006-06,0.6628949959718291
Kiambu,Kiambaa,0.00720464174127,2006.0,6.0,2006-06,0.6944857374883978
Kiambu,Kiambu,0.00796244668767,2006.0,6.0,2006-06,0.6465278179740124
Kiambu,Kikuyu,0.0141641490709,2006.0,6.0,2006-06,0.6234904444152711
Kiambu,Lari,0.037858207576,2006.0,6.0,2006-06,0.701262986976004
Kiambu,Limuru,0.0231553754199,2006.0,6.0,2006-06,0.6531749279003457
Kiambu,Ruiru,0.0124421280679,2006.0,6.0,2006-06,0.4734705893855904
Kiambu,Thika Town,0.0178033031507,2006.0,6.0,2006-06,0.5450179073811701
Machakos,Kangundo,0.013896319438,2006.0,6.0,2006-06,0.6126161119833522
Machakos,Kathiani,0.0167415041685,2006.0,6.0,2006-06,0.5528853269692946
Machakos,Machakos Town,0.0615270519301,2006.0,6.0,2006-06,0.5340824080155521
Machakos,Masinga,0.11427469357,2006.0,6.0,2006-06,0.4023569278903111
Machakos,Matungulu,0.0472449879416,2006.0,6.0,2006-06,0.5133437608927639
Machakos,Mavoko,0.0684719511619,2006.0,6.0,2006-06,0.4522917664627846
Machakos,Mwala,0.0827962943547,2006.0,6.0,2006-06,0.4446279072392564
Machakos,Yatta,0.0862109028544,2006.0,6.0,2006-06,0.4456763397264477
Nairobi,Dagoretti,0.00198642271282,2006.0,6.0,2006-06,0.6042296018562779
Nairobi,Embakasi Central,0.000664901959297,2006.0,6.0,2006-06,0.3363181777605855
Nairobi,Embakasi East,0.00697580217167,2006.0,6.0,2006-06,0.4512257061506003
Nairobi,Embakasi North,0.000441181256097,2006.0,6.0,2006-06,0.3210603756226718
Nairobi,Embakasi South,0.00142609820487,2006.0,6.0,2006-06,0.3865047931522432
Nairobi,Embakasi West,0.000793166442342,2006.0,6.0,2006-06,0.3612294424478385
Nairobi,Kamukunji,0.000718135459802,2006.0,6.0,2006-06,0.3665318358245932
Nairobi,Kasarani,0.0110736011415,2006.0,6.0,2006-06,0.4420941507283448
Nairobi,Kibra,0.00100197842996,2006.0,6.0,2006-06,0.4461221858031396
Nairobi,Kilimani,0.00238546350977,2006.0,6.0,2006-06,0.5037587003044157
Nairobi,Langata,0.0170497156745,2006.0,6.0,2006-06,0.6120549858513386
Nairobi,Makadara,0.000974908477702,2006.0,6.0,2006-06,0.3422789902743089
Nairobi,Mathare,0.000235884309461,2006.0,6.0,2006-06,0.3298095590088198
Nairobi,Roysambu,0.00390887981589,2006.0,6.0,2006-06,0.5485410047272946
Nairobi,Ruaraka,0.000583416833502,2006.0,6.0,2006-06,0.4201589524391074
Nairobi,Starehe,0.00136813789598,2006.0,6.0,2006-06,0.3167211586282672
Nairobi,Westlands,0.00590790301496,2006.0,6.0,2006-06,0.6090182211277703
Turkana,Loima,0.792863767753,2006.0,6.0,2006-06,0.2097544972771707
Turkana,Turkana Central,0.538281501213,2006.0,6.0,2006-06,0.1115267885357572
Turkana,Turkana East,0.909087463502,2006.0,6.0,2006-06,0.1830879371909201
Turkana,Turkana North,1.66897152383,2006.0,6.0,2006-06,0.1907280042433145
Turkana,Turkana South,0.603285539944,2006.0,6.0,2006-06,0.1689082367688326
Turkana,Turkana West,1.19593592043,2006.0,6.0,2006-06,0.2623730638769372
Kiambu,Gatundu North,0.0190562071078,2006.0,7.0,2006-07,0.5289988659011551
Kiambu,Gatundu South,0.018013492523,2006.0,7.0,2006-07,0.4866468042177809
Kiambu,Githunguri,0.0140557399999,2006.0,7.0,2006-07,0.4908306147809762
Kiambu,Juja,0.0303444523402,2006.0,7.0,2006-07,0.3137473863865256
Kiambu,Kabete,0.00456838148631,2006.0,7.0,2006-07,0.4528401844729158
Kiambu,Kiambaa,0.00720464174127,2006.0,7.0,2006-07,0.4763306618668687
Kiambu,Kiambu,0.00796244668767,2006.0,7.0,2006-07,0.4474992782070714
Kiambu,Kikuyu,0.0141641490709,2006.0,7.0,2006-07,0.4408141697693711
Kiambu,Lari,0.037858207576,2006.0,7.0,2006-07,0.617767816189549
Kiambu,Limuru,0.0231553754199,2006.0,7.0,2006-07,0.4884588787649438
Kiambu,Ruiru,0.0124421280679,2006.0,7.0,2006-07,0.2360953682388069
Kiambu,Thika Town,0.0178033031507,2006.0,7.0,2006-07,0.3244016217462563
Machakos,Kangundo,0.013896319438,2006.0,7.0,2006-07,0.399517190651542
Machakos,Kathiani,0.0167415041685,2006.0,7.0,2006-07,0.3116511740267849
Machakos,Machakos Town,0.0615270519301,2006.0,7.0,2006-07,0.3061121382275104
Machakos,Masinga,0.11427469357,2006.0,7.0,2006-07,0.2782862801737729
Machakos,Matungulu,0.0472449879416,2006.0,7.0,2006-07,0.2826592683997962
Machakos,Mavoko,0.0684719511619,2006.0,7.0,2006-07,0.2565674122042117
Machakos,Mwala,0.0827962943547,2006.0,7.0,2006-07,0.3238912265722278
Machakos,Yatta,0.0862109028544,2006.0,7.0,2006-07,0.3119061863972217
Nairobi,Dagoretti,0.00198642271282,2006.0,7.0,2006-07,0.3940955161528039
Nairobi,Embakasi Central,0.000664901959297,2006.0,7.0,2006-07,0.227962556907787
Nairobi,Embakasi East,0.00697580217167,2006.0,7.0,2006-07,0.2392697215951631
Nairobi,Embakasi North,0.000441181256097,2006.0,7.0,2006-07,0.3020818830498585
Nairobi,Embakasi South,0.00142609820487,2006.0,7.0,2006-07,0.1980712570405925
Nairobi,Embakasi West,0.000793166442342,2006.0,7.0,2006-07,0.3093221648198062
Nairobi,Kamukunji,0.000718135459802,2006.0,7.0,2006-07,0.3281747116469843
Nairobi,Kasarani,0.0110736011415,2006.0,7.0,2006-07,0.2701342290116159
Nairobi,Kibra,0.00100197842996,2006.0,7.0,2006-07,0.2828100029617931
Nairobi,Kilimani,0.00238546350977,2006.0,7.0,2006-07,0.3328564993073932
Nairobi,Langata,0.0170497156745,2006.0,7.0,2006-07,0.344298654687969
Nairobi,Makadara,0.000974908477702,2006.0,7.0,2006-07,0.2467642525024873
Nairobi,Mathare,0.000235884309461,2006.0,7.0,2006-07,0.3204446661066778
Nairobi,Roysambu,0.00390887981589,2006.0,7.0,2006-07,0.3707045903854719
Nairobi,Ruaraka,0.000583416833502,2006.0,7.0,2006-07,0.3435740738856099
Nairobi,Starehe,0.00136813789598,2006.0,7.0,2006-07,0.2162191266192459
Nairobi,Westlands,0.00590790301496,2006.0,7.0,2006-07,0.4887818677639461
Turkana,Loima,0.792863767753,2006.0,7.0,2006-07,0.2202460682935746
Turkana,Turkana Central,0.538281501213,2006.0,7.0,2006-07,0.1140525472257237
Turkana,Turkana East,0.909087463502,2006.0,7.0,2006-07,0.1883686807580142
Turkana,Turkana North,1.66897152383,2006.0,7.0,2006-07,0.2002578481538801
Turkana,Turkana South,0.603285539944,2006.0,7.0,2006-07,0.1702394668790426
Turkana,Turkana West,1.19593592043,2006.0,7.0,2006-07,0.260479421258922
Kiambu,Gatundu North,0.0190562071078,2006.0,8.0,2006-08,0.5561205923202447
Kiambu,Gatundu South,0.018013492523,2006.0,8.0,2006-08,0.5497205822671385
Kiambu,Githunguri,0.0140557399999,2006.0,8.0,2006-08,0.5258848059704844
Kiambu,Juja,0.0303444523402,2006.0,8.0,2006-08,0.3633974946922692
Kiambu,Kabete,0.00456838148631,2006.0,8.0,2006-08,0.5067872315635372
Kiambu,Kiambaa,0.00720464174127,2006.0,8.0,2006-08,0.4922611728476419
Kiambu,Kiambu,0.00796244668767,2006.0,8.0,2006-08,0.4928364568787727
Kiambu,Kikuyu,0.0141641490709,2006.0,8.0,2006-08,0.4738465510403021
Kiambu,Lari,0.037858207576,2006.0,8.0,2006-08,0.6255152050158528
Kiambu,Limuru,0.0231553754199,2006.0,8.0,2006-08,0.4958533899651628
Kiambu,Ruiru,0.0124421280679,2006.0,8.0,2006-08,0.3041140662709026
Kiambu,Thika Town,0.0178033031507,2006.0,8.0,2006-08,0.3834362930799801
Machakos,Kangundo,0.013896319438,2006.0,8.0,2006-08,0.4439094771348823
Machakos,Kathiani,0.0167415041685,2006.0,8.0,2006-08,0.4011516825826693
Machakos,Machakos Town,0.0615270519301,2006.0,8.0,2006-08,0.354777631003233
Machakos,Masinga,0.11427469357,2006.0,8.0,2006-08,0.2835715132061121
Machakos,Matungulu,0.0472449879416,2006.0,8.0,2006-08,0.352238436034593
Machakos,Mavoko,0.0684719511619,2006.0,8.0,2006-08,0.2863037454923836
Machakos,Mwala,0.0827962943547,2006.0,8.0,2006-08,0.3008464378032244
Machakos,Yatta,0.0862109028544,2006.0,8.0,2006-08,0.2994813735504221
Nairobi,Dagoretti,0.00198642271282,2006.0,8.0,2006-08,0.4683769130417465
Nairobi,Embakasi Central,0.000664901959297,2006.0,8.0,2006-08,0.2344440101764513
Nairobi,Embakasi East,0.00697580217167,2006.0,8.0,2006-08,0.2549166969167598
Nairobi,Embakasi North,0.000441181256097,2006.0,8.0,2006-08,0.2588272023515682
Nairobi,Embakasi South,0.00142609820487,2006.0,8.0,2006-08,0.237182846619128
Nairobi,Embakasi West,0.000793166442342,2006.0,8.0,2006-08,0.2695715259059599
Nairobi,Kamukunji,0.000718135459802,2006.0,8.0,2006-08,0.2860020026426623
Nairobi,Kasarani,0.0110736011415,2006.0,8.0,2006-08,0.287413825429379
Nairobi,Kibra,0.00100197842996,2006.0,8.0,2006-08,0.3838733626221741
Nairobi,Kilimani,0.00238546350977,2006.0,8.0,2006-08,0.4314390236315827
Nairobi,Langata,0.0170497156745,2006.0,8.0,2006-08,0.4221236586616608
Nairobi,Makadara,0.000974908477702,2006.0,8.0,2006-08,0.2777568465614911
Nairobi,Mathare,0.000235884309461,2006.0,8.0,2006-08,0.28521452750945
Nairobi,Roysambu,0.00390887981589,2006.0,8.0,2006-08,0.3858144640543381
Nairobi,Ruaraka,0.000583416833502,2006.0,8.0,2006-08,0.3107996946875637
Nairobi,Starehe,0.00136813789598,2006.0,8.0,2006-08,0.24604416493176
Nairobi,Westlands,0.00590790301496,2006.0,8.0,2006-08,0.5164417293875012
Turkana,Loima,0.792863767753,2006.0,8.0,2006-08,0.248635557912845
Turkana,Turkana Central,0.538281501213,2006.0,8.0,2006-08,0.1275232240169029
Turkana,Turkana East,0.909087463502,2006.0,8.0,2006-08,0.2130936215670772
Turkana,Turkana North,1.66897152383,2006.0,8.0,2006-08,0.2432498800297045
Turkana,Turkana South,0.603285539944,2006.0,8.0,2006-08,0.2012722126000148
Turkana,Turkana West,1.19593592043,2006.0,8.0,2006-08,0.2981251273869519
Kiambu,Gatundu North,0.0190562071078,2006.0,9.0,2006-09,0.6741412624926822
Kiambu,Gatundu South,0.018013492523,2006.0,9.0,2006-09,0.6307935456827375
Kiambu,Githunguri,0.0140557399999,2006.0,9.0,2006-09,0.5984298665704041
Kiambu,Juja,0.0303444523402,2006.0,9.0,2006-09,0.3886420459975104
Kiambu,Kabete,0.00456838148631,2006.0,9.0,2006-09,0.5019657077020364
Kiambu,Kiambaa,0.00720464174127,2006.0,9.0,2006-09,0.5541386651454491
Kiambu,Kiambu,0.00796244668767,2006.0,9.0,2006-09,0.5451393316272025
Kiambu,Kikuyu,0.0141641490709,2006.0,9.0,2006-09,0.4403434029707757
Kiambu,Lari,0.037858207576,2006.0,9.0,2006-09,0.6943952866522601
Kiambu,Limuru,0.0231553754199,2006.0,9.0,2006-09,0.4981998881344813
Kiambu,Ruiru,0.0124421280679,2006.0,9.0,2006-09,0.2856085118459002
Kiambu,Thika Town,0.0178033031507,2006.0,9.0,2006-09,0.382556753340557
Machakos,Kangundo,0.013896319438,2006.0,9.0,2006-09,0.3741638660390332
Machakos,Kathiani,0.0167415041685,2006.0,9.0,2006-09,0.3397706728440138
Machakos,Machakos Town,0.0615270519301,2006.0,9.0,2006-09,0.3058415929257589
Machakos,Masinga,0.11427469357,2006.0,9.0,2006-09,0.2760654405597701
Machakos,Matungulu,0.0472449879416,2006.0,9.0,2006-09,0.3120340665579016
Machakos,Mavoko,0.0684719511619,2006.0,9.0,2006-09,0.261032847253658
Machakos,Mwala,0.0827962943547,2006.0,9.0,2006-09,0.2745588652013792
Machakos,Yatta,0.0862109028544,2006.0,9.0,2006-09,0.2774853960737349
Nairobi,Dagoretti,0.00198642271282,2006.0,9.0,2006-09,0.4756961848709372
Nairobi,Embakasi Central,0.000664901959297,2006.0,9.0,2006-09,0.2157734742761924
Nairobi,Embakasi East,0.00697580217167,2006.0,9.0,2006-09,0.2315671654150694
Nairobi,Embakasi North,0.000441181256097,2006.0,9.0,2006-09,0.2654745456177353
Nairobi,Embakasi South,0.00142609820487,2006.0,9.0,2006-09,0.2298501720263036
Nairobi,Embakasi West,0.000793166442342,2006.0,9.0,2006-09,0.2534075621443545
Nairobi,Kamukunji,0.000718135459802,2006.0,9.0,2006-09,0.2660066754755414
Nairobi,Kasarani,0.0110736011415,2006.0,9.0,2006-09,0.2640801773789571
Nairobi,Kibra,0.00100197842996,2006.0,9.0,2006-09,0.3727250853983614
Nairobi,Kilimani,0.00238546350977,2006.0,9.0,2006-09,0.4494003794822453
Nairobi,Langata,0.0170497156745,2006.0,9.0,2006-09,0.4249228421696236
Nairobi,Makadara,0.000974908477702,2006.0,9.0,2006-09,0.2607664494121947
Nairobi,Mathare,0.000235884309461,2006.0,9.0,2006-09,0.2592681940361194
Nairobi,Roysambu,0.00390887981589,2006.0,9.0,2006-09,0.4123737541503012
Nairobi,Ruaraka,0.000583416833502,2006.0,9.0,2006-09,0.3390790521745033
Nairobi,Starehe,0.00136813789598,2006.0,9.0,2006-09,0.2443962822403422
Nairobi,Westlands,0.00590790301496,2006.0,9.0,2006-09,0.5205722229290406
Turkana,Loima,0.792863767753,2006.0,9.0,2006-09,0.2090803734291136
Turkana,Turkana Central,0.538281501213,2006.0,9.0,2006-09,0.1173777046033225
Turkana,Turkana East,0.909087463502,2006.0,9.0,2006-09,0.1722378323036971
Turkana,Turkana North,1.66897152383,2006.0,9.0,2006-09,0.1867163200393987
Turkana,Turkana South,0.603285539944,2006.0,9.0,2006-09,0.1670438613370058
Turkana,Turkana West,1.19593592043,2006.0,9.0,2006-09,0.2354779305085075
Kiambu,Gatundu North,0.0190562071078,2006.0,10.0,2006-10,0.6779434966430131
Kiambu,Gatundu South,0.018013492523,2006.0,10.0,2006-10,0.6440115606841211
Kiambu,Githunguri,0.0140557399999,2006.0,10.0,2006-10,0.5952744809038473
Kiambu,Juja,0.0303444523402,2006.0,10.0,2006-10,0.3889417658627347
Kiambu,Kabete,0.00456838148631,2006.0,10.0,2006-10,0.3579027673103082
Kiambu,Kiambaa,0.00720464174127,2006.0,10.0,2006-10,0.5444073949289093
Kiambu,Kiambu,0.00796244668767,2006.0,10.0,2006-10,0.5862378477898967
Kiambu,Kikuyu,0.0141641490709,2006.0,10.0,2006-10,0.3772703169646471
Kiambu,Lari,0.037858207576,2006.0,10.0,2006-10,0.6079583596850757
Kiambu,Limuru,0.0231553754199,2006.0,10.0,2006-10,0.436067719488322
Kiambu,Ruiru,0.0124421280679,2006.0,10.0,2006-10,0.2793203434372981
Kiambu,Thika Town,0.0178033031507,2006.0,10.0,2006-10,0.3809512033780605
Machakos,Kangundo,0.013896319438,2006.0,10.0,2006-10,0.373360312753992
Machakos,Kathiani,0.0167415041685,2006.0,10.0,2006-10,0.3355037415014212
Machakos,Machakos Town,0.0615270519301,2006.0,10.0,2006-10,0.2990351629115464
Machakos,Masinga,0.11427469357,2006.0,10.0,2006-10,0.2751040965598944
Machakos,Matungulu,0.0472449879416,2006.0,10.0,2006-10,0.3055911035921481
Machakos,Mavoko,0.0684719511619,2006.0,10.0,2006-10,0.2480544720841929
Machakos,Mwala,0.0827962943547,2006.0,10.0,2006-10,0.2680646391504324
Machakos,Yatta,0.0862109028544,2006.0,10.0,2006-10,0.27737749701452
Nairobi,Dagoretti,0.00198642271282,2006.0,10.0,2006-10,0.3489450983906948
Nairobi,Embakasi Central,0.000664901959297,2006.0,10.0,2006-10,0.2142264409200463
Nairobi,Embakasi East,0.00697580217167,2006.0,10.0,2006-10,0.225746183667219
Nairobi,Embakasi North,0.000441181256097,2006.0,10.0,2006-10,0.2657477179912935
Nairobi,Embakasi South,0.00142609820487,2006.0,10.0,2006-10,0.2229172428622954
Nairobi,Embakasi West,0.000793166442342,2006.0,10.0,2006-10,0.2350288359788357
Nairobi,Kamukunji,0.000718135459802,2006.0,10.0,2006-10,0.2694862223690367
Nairobi,Kasarani,0.0110736011415,2006.0,10.0,2006-10,0.2560853930777721
Nairobi,Kibra,0.00100197842996,2006.0,10.0,2006-10,0.4042528857735213
Nairobi,Kilimani,0.00238546350977,2006.0,10.0,2006-10,0.4915080632719251
Nairobi,Langata,0.0170497156745,2006.0,10.0,2006-10,0.3643071994004074
Nairobi,Makadara,0.000974908477702,2006.0,10.0,2006-10,0.2698695173702055
Nairobi,Mathare,0.000235884309461,2006.0,10.0,2006-10,0.301444796304074
Nairobi,Roysambu,0.00390887981589,2006.0,10.0,2006-10,0.4153990520103658
Nairobi,Ruaraka,0.000583416833502,2006.0,10.0,2006-10,0.3300347343781802
Nairobi,Starehe,0.00136813789598,2006.0,10.0,2006-10,0.248199005320379
Nairobi,Westlands,0.00590790301496,2006.0,10.0,2006-10,0.519434438425327
Turkana,Loima,0.792863767753,2006.0,10.0,2006-10,0.1889822609383741
Turkana,Turkana Central,0.538281501213,2006.0,10.0,2006-10,0.1136853697096584
Turkana,Turkana East,0.909087463502,2006.0,10.0,2006-10,0.1635967482183683
Turkana,Turkana North,1.66897152383,2006.0,10.0,2006-10,0.1915443039832478
Turkana,Turkana South,0.603285539944,2006.0,10.0,2006-10,0.1555815410684471
Turkana,Turkana West,1.19593592043,2006.0,10.0,2006-10,0.2391278184411657
Kiambu,Gatundu North,0.0190562071078,2006.0,11.0,2006-11,0.7060128352834449
Kiambu,Gatundu South,0.018013492523,2006.0,11.0,2006-11,0.6401119311618549
Kiambu,Githunguri,0.0140557399999,2006.0,11.0,2006-11,0.6135628555988081
Kiambu,Juja,0.0303444523402,2006.0,11.0,2006-11,0.541563903126493
Kiambu,Kabete,0.00456838148631,2006.0,11.0,2006-11,0.4744519497648071
Kiambu,Kiambaa,0.00720464174127,2006.0,11.0,2006-11,0.56756804509833
Kiambu,Kiambu,0.00796244668767,2006.0,11.0,2006-11,0.6237581218475915
Kiambu,Kikuyu,0.0141641490709,2006.0,11.0,2006-11,0.4905724612522733
Kiambu,Lari,0.037858207576,2006.0,11.0,2006-11,0.5690999892886186
Kiambu,Limuru,0.0231553754199,2006.0,11.0,2006-11,0.4606295069545416
Kiambu,Ruiru,0.0124421280679,2006.0,11.0,2006-11,0.4907074509454779
Kiambu,Thika Town,0.0178033031507,2006.0,11.0,2006-11,0.5351133297774816
Machakos,Kangundo,0.013896319438,2006.0,11.0,2006-11,0.4911259650436342
Machakos,Kathiani,0.0167415041685,2006.0,11.0,2006-11,0.4955421707325139
Machakos,Machakos Town,0.0615270519301,2006.0,11.0,2006-11,0.4918256117320614
Machakos,Masinga,0.11427469357,2006.0,11.0,2006-11,0.476306733127073
Machakos,Matungulu,0.0472449879416,2006.0,11.0,2006-11,0.4885125004238841
Machakos,Mavoko,0.0684719511619,2006.0,11.0,2006-11,0.4611410881428769
Machakos,Mwala,0.0827962943547,2006.0,11.0,2006-11,0.4592396070661006
Machakos,Yatta,0.0862109028544,2006.0,11.0,2006-11,0.4526809312634008
Nairobi,Dagoretti,0.00198642271282,2006.0,11.0,2006-11,0.43726247112014
Nairobi,Embakasi Central,0.000664901959297,2006.0,11.0,2006-11,0.3326657779629247
Nairobi,Embakasi East,0.00697580217167,2006.0,11.0,2006-11,0.3789359986500895
Nairobi,Embakasi North,0.000441181256097,2006.0,11.0,2006-11,0.3701131445496566
Nairobi,Embakasi South,0.00142609820487,2006.0,11.0,2006-11,0.3185545649399294
Nairobi,Embakasi West,0.000793166442342,2006.0,11.0,2006-11,0.3454737346510929
Nairobi,Kamukunji,0.000718135459802,2006.0,11.0,2006-11,0.3522083519145536
Nairobi,Kasarani,0.0110736011415,2006.0,11.0,2006-11,0.4165342415169306
Nairobi,Kibra,0.00100197842996,2006.0,11.0,2006-11,0.4180196801263698
Nairobi,Kilimani,0.00238546350977,2006.0,11.0,2006-11,0.4288428839821165
Nairobi,Langata,0.0170497156745,2006.0,11.0,2006-11,0.4725774497951664
Nairobi,Makadara,0.000974908477702,2006.0,11.0,2006-11,0.3126277375078679
Nairobi,Mathare,0.000235884309461,2006.0,11.0,2006-11,0.2955396850062999
Nairobi,Roysambu,0.00390887981589,2006.0,11.0,2006-11,0.5434869647629266
Nairobi,Ruaraka,0.000583416833502,2006.0,11.0,2006-11,0.4228098989076601
Nairobi,Starehe,0.00136813789598,2006.0,11.0,2006-11,0.2896543589521166
Nairobi,Westlands,0.00590790301496,2006.0,11.0,2006-11,0.5123442396159072
Turkana,Loima,0.792863767753,2006.0,11.0,2006-11,0.2634506651153378
Turkana,Turkana Central,0.538281501213,2006.0,11.0,2006-11,0.1180458040342694
Turkana,Turkana East,0.909087463502,2006.0,11.0,2006-11,0.1995701240623414
Turkana,Turkana North,1.66897152383,2006.0,11.0,2006-11,0.285802462154977
Turkana,Turkana South,0.603285539944,2006.0,11.0,2006-11,0.2021134959943542
Turkana,Turkana West,1.19593592043,2006.0,11.0,2006-11,0.3633412363790585
Kiambu,Gatundu North,0.0190562071078,2006.0,12.0,2006-12,0.7856262124700523
Kiambu,Gatundu South,0.018013492523,2006.0,12.0,2006-12,0.7832381633242419
Kiambu,Githunguri,0.0140557399999,2006.0,12.0,2006-12,0.7627775111812899
Kiambu,Juja,0.0303444523402,2006.0,12.0,2006-12,0.6832876546119083
Kiambu,Kabete,0.00456838148631,2006.0,12.0,2006-12,0.728056913727834
Kiambu,Kiambaa,0.00720464174127,2006.0,12.0,2006-12,0.731227723226299
Kiambu,Kiambu,0.00796244668767,2006.0,12.0,2006-12,0.7254448438392941
Kiambu,Kikuyu,0.0141641490709,2006.0,12.0,2006-12,0.6617041009465938
Kiambu,Lari,0.037858207576,2006.0,12.0,2006-12,0.765767838056443
Kiambu,Limuru,0.0231553754199,2006.0,12.0,2006-12,0.6821657232347107
Kiambu,Ruiru,0.0124421280679,2006.0,12.0,2006-12,0.6605471421031045
Kiambu,Thika Town,0.0178033031507,2006.0,12.0,2006-12,0.7005909904158676
Machakos,Kangundo,0.013896319438,2006.0,12.0,2006-12,0.6885567500032038
Machakos,Kathiani,0.0167415041685,2006.0,12.0,2006-12,0.6337556390742021
Machakos,Machakos Town,0.0615270519301,2006.0,12.0,2006-12,0.6515036753111105
Machakos,Masinga,0.11427469357,2006.0,12.0,2006-12,0.6088014396633901
Machakos,Matungulu,0.0472449879416,2006.0,12.0,2006-12,0.6697616997756447
Machakos,Mavoko,0.0684719511619,2006.0,12.0,2006-12,0.6564356401342609
Machakos,Mwala,0.0827962943547,2006.0,12.0,2006-12,0.6466410565945602
Machakos,Yatta,0.0862109028544,2006.0,12.0,2006-12,0.6475567239901868
Nairobi,Dagoretti,0.00198642271282,2006.0,12.0,2006-12,0.6636198324968128
Nairobi,Embakasi Central,0.000664901959297,2006.0,12.0,2006-12,0.4442326271312524
Nairobi,Embakasi East,0.00697580217167,2006.0,12.0,2006-12,0.5988791790502981
Nairobi,Embakasi North,0.000441181256097,2006.0,12.0,2006-12,0.4387513126598747
Nairobi,Embakasi South,0.00142609820487,2006.0,12.0,2006-12,0.455521773813157
Nairobi,Embakasi West,0.000793166442342,2006.0,12.0,2006-12,0.4844583033842464
Nairobi,Kamukunji,0.000718135459802,2006.0,12.0,2006-12,0.4843954386544442
Nairobi,Kasarani,0.0110736011415,2006.0,12.0,2006-12,0.6359940046841343
Nairobi,Kibra,0.00100197842996,2006.0,12.0,2006-12,0.5092182683384341
Nairobi,Kilimani,0.00238546350977,2006.0,12.0,2006-12,0.5698231956967127
Nairobi,Langata,0.0170497156745,2006.0,12.0,2006-12,0.6741145502651646
Nairobi,Makadara,0.000974908477702,2006.0,12.0,2006-12,0.4604346429514122
Nairobi,Mathare,0.000235884309461,2006.0,12.0,2006-12,0.404512662746745
Nairobi,Roysambu,0.00390887981589,2006.0,12.0,2006-12,0.6522112571871074
Nairobi,Ruaraka,0.000583416833502,2006.0,12.0,2006-12,0.5398481392903183
Nairobi,Starehe,0.00136813789598,2006.0,12.0,2006-12,0.3810904992192917
Nairobi,Westlands,0.00590790301496,2006.0,12.0,2006-12,0.6724732551443363
Turkana,Loima,0.792863767753,2006.0,12.0,2006-12,0.3359095222453293
Turkana,Turkana Central,0.538281501213,2006.0,12.0,2006-12,0.1400357772374569
Turkana,Turkana East,0.909087463502,2006.0,12.0,2006-12,0.2661572535614502
Turkana,Turkana North,1.66897152383,2006.0,12.0,2006-12,0.4300896938893808
Turkana,Turkana South,0.603285539944,2006.0,12.0,2006-12,0.2548070469911319
Turkana,Turkana West,1.19593592043,2006.0,12.0,2006-12,0.5203914286428762
Kiambu,Gatundu North,0.0190562071078,2007.0,1.0,2007-01,0.7883997301123983
Kiambu,Gatundu South,0.018013492523,2007.0,1.0,2007-01,0.788022891274557
Kiambu,Githunguri,0.0140557399999,2007.0,1.0,2007-01,0.7748861480771565
Kiambu,Juja,0.0303444523402,2007.0,1.0,2007-01,0.6772297966928769
Kiambu,Kabete,0.00456838148631,2007.0,1.0,2007-01,0.731684352287395
Kiambu,Kiambaa,0.00720464174127,2007.0,1.0,2007-01,0.755832173199115
Kiambu,Kiambu,0.00796244668767,2007.0,1.0,2007-01,0.7339837059905089
Kiambu,Kikuyu,0.0141641490709,2007.0,1.0,2007-01,0.6687088223176856
Kiambu,Lari,0.037858207576,2007.0,1.0,2007-01,0.8013031358485392
Kiambu,Limuru,0.0231553754199,2007.0,1.0,2007-01,0.7082017728057886
Kiambu,Ruiru,0.0124421280679,2007.0,1.0,2007-01,0.6897529437482717
Kiambu,Thika Town,0.0178033031507,2007.0,1.0,2007-01,0.6759493199988877
Machakos,Kangundo,0.013896319438,2007.0,1.0,2007-01,0.7048384897933623
Machakos,Kathiani,0.0167415041685,2007.0,1.0,2007-01,0.6856169204719745
Machakos,Machakos Town,0.0615270519301,2007.0,1.0,2007-01,0.6501414044223018
Machakos,Masinga,0.11427469357,2007.0,1.0,2007-01,0.6076972707066347
Machakos,Matungulu,0.0472449879416,2007.0,1.0,2007-01,0.6710464196377256
Machakos,Mavoko,0.0684719511619,2007.0,1.0,2007-01,0.6560144992938317
Machakos,Mwala,0.0827962943547,2007.0,1.0,2007-01,0.6693230120735526
Machakos,Yatta,0.0862109028544,2007.0,1.0,2007-01,0.6497650504118868
Nairobi,Dagoretti,0.00198642271282,2007.0,1.0,2007-01,0.6578751722833015
Nairobi,Embakasi Central,0.000664901959297,2007.0,1.0,2007-01,0.4430725444103906
Nairobi,Embakasi East,0.00697580217167,2007.0,1.0,2007-01,0.6394668734544111
Nairobi,Embakasi North,0.000441181256097,2007.0,1.0,2007-01,0.4546276623434901
Nairobi,Embakasi South,0.00142609820487,2007.0,1.0,2007-01,0.4845763103132541
Nairobi,Embakasi West,0.000793166442342,2007.0,1.0,2007-01,0.4700348657282617
Nairobi,Kamukunji,0.000718135459802,2007.0,1.0,2007-01,0.4630169488259421
Nairobi,Kasarani,0.0110736011415,2007.0,1.0,2007-01,0.660406643984408
Nairobi,Kibra,0.00100197842996,2007.0,1.0,2007-01,0.5165828709645572
Nairobi,Kilimani,0.00238546350977,2007.0,1.0,2007-01,0.5851346755530494
Nairobi,Langata,0.0170497156745,2007.0,1.0,2007-01,0.6773553783476177
Nairobi,Makadara,0.000974908477702,2007.0,1.0,2007-01,0.4406518354957258
Nairobi,Mathare,0.000235884309461,2007.0,1.0,2007-01,0.436702293154137
Nairobi,Roysambu,0.00390887981589,2007.0,1.0,2007-01,0.6585368941571847
Nairobi,Ruaraka,0.000583416833502,2007.0,1.0,2007-01,0.5574940650654725
Nairobi,Starehe,0.00136813789598,2007.0,1.0,2007-01,0.3768744657934304
Nairobi,Westlands,0.00590790301496,2007.0,1.0,2007-01,0.6966448785983569
Turkana,Loima,0.792863767753,2007.0,1.0,2007-01,0.2834982001733525
Turkana,Turkana Central,0.538281501213,2007.0,1.0,2007-01,0.1351601208809582
Turkana,Turkana East,0.909087463502,2007.0,1.0,2007-01,0.2427468009090673
Turkana,Turkana North,1.66897152383,2007.0,1.0,2007-01,0.3425959409931345
Turkana,Turkana South,0.603285539944,2007.0,1.0,2007-01,0.2316816568622439
Turkana,Turkana West,1.19593592043,2007.0,1.0,2007-01,0.4185279874590646
Kiambu,Gatundu North,0.0190562071078,2007.0,2.0,2007-02,0.7421259163722126
Kiambu,Gatundu South,0.018013492523,2007.0,2.0,2007-02,0.7367815225602697
Kiambu,Githunguri,0.0140557399999,2007.0,2.0,2007-02,0.7180458534934323
Kiambu,Juja,0.0303444523402,2007.0,2.0,2007-02,0.5267052251084191
Kiambu,Kabete,0.00456838148631,2007.0,2.0,2007-02,0.7009067603974457
Kiambu,Kiambaa,0.00720464174127,2007.0,2.0,2007-02,0.7028460703714081
Kiambu,Kiambu,0.00796244668767,2007.0,2.0,2007-02,0.6400194520088464
Kiambu,Kikuyu,0.0141641490709,2007.0,2.0,2007-02,0.6215353843070665
Kiambu,Lari,0.037858207576,2007.0,2.0,2007-02,0.785698519033864
Kiambu,Limuru,0.0231553754199,2007.0,2.0,2007-02,0.6617907148202365
Kiambu,Ruiru,0.0124421280679,2007.0,2.0,2007-02,0.4789620383501273
Kiambu,Thika Town,0.0178033031507,2007.0,2.0,2007-02,0.5243366304969859
Machakos,Kangundo,0.013896319438,2007.0,2.0,2007-02,0.5901741234219615
Machakos,Kathiani,0.0167415041685,2007.0,2.0,2007-02,0.5569730852941805
Machakos,Machakos Town,0.0615270519301,2007.0,2.0,2007-02,0.5608072413972692
Machakos,Masinga,0.11427469357,2007.0,2.0,2007-02,0.4852435164196615
Machakos,Matungulu,0.0472449879416,2007.0,2.0,2007-02,0.5123235326821632
Machakos,Mavoko,0.0684719511619,2007.0,2.0,2007-02,0.4715034369537449
Machakos,Mwala,0.0827962943547,2007.0,2.0,2007-02,0.5347802415355184
Machakos,Yatta,0.0862109028544,2007.0,2.0,2007-02,0.5130039991212769
Nairobi,Dagoretti,0.00198642271282,2007.0,2.0,2007-02,0.6309344471996494
Nairobi,Embakasi Central,0.000664901959297,2007.0,2.0,2007-02,0.3228184247329425
Nairobi,Embakasi East,0.00697580217167,2007.0,2.0,2007-02,0.4529159351816139
Nairobi,Embakasi North,0.000441181256097,2007.0,2.0,2007-02,0.3640009715926936
Nairobi,Embakasi South,0.00142609820487,2007.0,2.0,2007-02,0.4032383403623649
Nairobi,Embakasi West,0.000793166442342,2007.0,2.0,2007-02,0.3851285527103922
Nairobi,Kamukunji,0.000718135459802,2007.0,2.0,2007-02,0.3847945921766176
Nairobi,Kasarani,0.0110736011415,2007.0,2.0,2007-02,0.4767322932782143
Nairobi,Kibra,0.00100197842996,2007.0,2.0,2007-02,0.4806329943725936
Nairobi,Kilimani,0.00238546350977,2007.0,2.0,2007-02,0.5606674603306268
Nairobi,Langata,0.0170497156745,2007.0,2.0,2007-02,0.6186159216237256
Nairobi,Makadara,0.000974908477702,2007.0,2.0,2007-02,0.3873290796125967
Nairobi,Mathare,0.000235884309461,2007.0,2.0,2007-02,0.3600338975220496
Nairobi,Roysambu,0.00390887981589,2007.0,2.0,2007-02,0.5448149706948208
Nairobi,Ruaraka,0.000583416833502,2007.0,2.0,2007-02,0.4484230358233259
Nairobi,Starehe,0.00136813789598,2007.0,2.0,2007-02,0.3442442842065695
Nairobi,Westlands,0.00590790301496,2007.0,2.0,2007-02,0.6701693616536865
Turkana,Loima,0.792863767753,2007.0,2.0,2007-02,0.2465855306327852
Turkana,Turkana Central,0.538281501213,2007.0,2.0,2007-02,0.124830143225782
Turkana,Turkana East,0.909087463502,2007.0,2.0,2007-02,0.1979342176806459
Turkana,Turkana North,1.66897152383,2007.0,2.0,2007-02,0.2746662339391293
Turkana,Turkana South,0.603285539944,2007.0,2.0,2007-02,0.1925874979090987
Turkana,Turkana West,1.19593592043,2007.0,2.0,2007-02,0.3146928335840547
Kiambu,Gatundu North,0.0190562071078,2007.0,3.0,2007-03,0.6856421986912523
Kiambu,Gatundu South,0.018013492523,2007.0,3.0,2007-03,0.6622752614426443
Kiambu,Githunguri,0.0140557399999,2007.0,3.0,2007-03,0.6281680260835791
Kiambu,Juja,0.0303444523402,2007.0,3.0,2007-03,0.4568438577638889
Kiambu,Kabete,0.00456838148631,2007.0,3.0,2007-03,0.6275484705943506
Kiambu,Kiambaa,0.00720464174127,2007.0,3.0,2007-03,0.6335385146712358
Kiambu,Kiambu,0.00796244668767,2007.0,3.0,2007-03,0.5935656391780766
Kiambu,Kikuyu,0.0141641490709,2007.0,3.0,2007-03,0.5556178326131718
Kiambu,Lari,0.037858207576,2007.0,3.0,2007-03,0.7091357218060748
Kiambu,Limuru,0.0231553754199,2007.0,3.0,2007-03,0.5952119402666309
Kiambu,Ruiru,0.0124421280679,2007.0,3.0,2007-03,0.3704962307271614
Kiambu,Thika Town,0.0178033031507,2007.0,3.0,2007-03,0.4597703039142159
Machakos,Kangundo,0.013896319438,2007.0,3.0,2007-03,0.5173774230534378
Machakos,Kathiani,0.0167415041685,2007.0,3.0,2007-03,0.479237497075567
Machakos,Machakos Town,0.0615270519301,2007.0,3.0,2007-03,0.4508757500193697
Machakos,Masinga,0.11427469357,2007.0,3.0,2007-03,0.3921257402549851
Machakos,Matungulu,0.0472449879416,2007.0,3.0,2007-03,0.4545396346729731
Machakos,Mavoko,0.0684719511619,2007.0,3.0,2007-03,0.3586584421377026
Machakos,Mwala,0.0827962943547,2007.0,3.0,2007-03,0.4564518653227399
Machakos,Yatta,0.0862109028544,2007.0,3.0,2007-03,0.4118615464960608
Nairobi,Dagoretti,0.00198642271282,2007.0,3.0,2007-03,0.543779308078394
Nairobi,Embakasi Central,0.000664901959297,2007.0,3.0,2007-03,0.2669677314250008
Nairobi,Embakasi East,0.00697580217167,2007.0,3.0,2007-03,0.3215048110409061
Nairobi,Embakasi North,0.000441181256097,2007.0,3.0,2007-03,0.3432392092626661
Nairobi,Embakasi South,0.00142609820487,2007.0,3.0,2007-03,0.3227867345523152
Nairobi,Embakasi West,0.000793166442342,2007.0,3.0,2007-03,0.3233436670160726
Nairobi,Kamukunji,0.000718135459802,2007.0,3.0,2007-03,0.3520106408456518
Nairobi,Kasarani,0.0110736011415,2007.0,3.0,2007-03,0.3520410026940021
Nairobi,Kibra,0.00100197842996,2007.0,3.0,2007-03,0.4243000128344359
Nairobi,Kilimani,0.00238546350977,2007.0,3.0,2007-03,0.5138959248168942
Nairobi,Langata,0.0170497156745,2007.0,3.0,2007-03,0.4997976254149167
Nairobi,Makadara,0.000974908477702,2007.0,3.0,2007-03,0.3297355942011328
Nairobi,Mathare,0.000235884309461,2007.0,3.0,2007-03,0.385010130197396
Nairobi,Roysambu,0.00390887981589,2007.0,3.0,2007-03,0.5006990864275013
Nairobi,Ruaraka,0.000583416833502,2007.0,3.0,2007-03,0.4230944925028836
Nairobi,Starehe,0.00136813789598,2007.0,3.0,2007-03,0.3008320285392087
Nairobi,Westlands,0.00590790301496,2007.0,3.0,2007-03,0.6133446639859648
Turkana,Loima,0.792863767753,2007.0,3.0,2007-03,0.2134400194556438
Turkana,Turkana Central,0.538281501213,2007.0,3.0,2007-03,0.1162538082666653
Turkana,Turkana East,0.909087463502,2007.0,3.0,2007-03,0.1664182183021247
Turkana,Turkana North,1.66897152383,2007.0,3.0,2007-03,0.2504460864647794
Turkana,Turkana South,0.603285539944,2007.0,3.0,2007-03,0.165700856485918
Turkana,Turkana West,1.19593592043,2007.0,3.0,2007-03,0.2770562319854412
Kiambu,Gatundu North,0.0190562071078,2007.0,4.0,2007-04,0.6893633864769709
Kiambu,Gatundu South,0.018013492523,2007.0,4.0,2007-04,0.6598057105617982
Kiambu,Githunguri,0.0140557399999,2007.0,4.0,2007-04,0.6593482635575789
Kiambu,Juja,0.0303444523402,2007.0,4.0,2007-04,0.5297994337333772
Kiambu,Kabete,0.00456838148631,2007.0,4.0,2007-04,0.6557323717698831
Kiambu,Kiambaa,0.00720464174127,2007.0,4.0,2007-04,0.6416214064670966
Kiambu,Kiambu,0.00796244668767,2007.0,4.0,2007-04,0.6167407578204583
Kiambu,Kikuyu,0.0141641490709,2007.0,4.0,2007-04,0.5510548231109351
Kiambu,Lari,0.037858207576,2007.0,4.0,2007-04,0.7285184990532166
Kiambu,Limuru,0.0231553754199,2007.0,4.0,2007-04,0.6029647054677867
Kiambu,Ruiru,0.0124421280679,2007.0,4.0,2007-04,0.4598957231706505
Kiambu,Thika Town,0.0178033031507,2007.0,4.0,2007-04,0.5402313867266706
Machakos,Kangundo,0.013896319438,2007.0,4.0,2007-04,0.5928749297186044
Machakos,Kathiani,0.0167415041685,2007.0,4.0,2007-04,0.5718448447273958
Machakos,Machakos Town,0.0615270519301,2007.0,4.0,2007-04,0.4757260522646614
Machakos,Masinga,0.11427469357,2007.0,4.0,2007-04,0.4881639440138777
Machakos,Matungulu,0.0472449879416,2007.0,4.0,2007-04,0.529349445455486
Machakos,Mavoko,0.0684719511619,2007.0,4.0,2007-04,0.4357881427479045
Machakos,Mwala,0.0827962943547,2007.0,4.0,2007-04,0.5330532416998833
Machakos,Yatta,0.0862109028544,2007.0,4.0,2007-04,0.5198271527407344
Nairobi,Dagoretti,0.00198642271282,2007.0,4.0,2007-04,0.582225443156469
Nairobi,Embakasi Central,0.000664901959297,2007.0,4.0,2007-04,0.352374145267355
Nairobi,Embakasi East,0.00697580217167,2007.0,4.0,2007-04,0.4350614811863328
Nairobi,Embakasi North,0.000441181256097,2007.0,4.0,2007-04,0.3767653121213479
Nairobi,Embakasi South,0.00142609820487,2007.0,4.0,2007-04,0.3522881454454649
Nairobi,Embakasi West,0.000793166442342,2007.0,4.0,2007-04,0.3793601989118496
Nairobi,Kamukunji,0.000718135459802,2007.0,4.0,2007-04,0.3970867674181737
Nairobi,Kasarani,0.0110736011415,2007.0,4.0,2007-04,0.4614681195758198
Nairobi,Kibra,0.00100197842996,2007.0,4.0,2007-04,0.4396729726527796
Nairobi,Kilimani,0.00238546350977,2007.0,4.0,2007-04,0.5151645211058484
Nairobi,Langata,0.0170497156745,2007.0,4.0,2007-04,0.5013970210657842
Nairobi,Makadara,0.000974908477702,2007.0,4.0,2007-04,0.3709280542527057
Nairobi,Mathare,0.000235884309461,2007.0,4.0,2007-04,0.3938214741705167
Nairobi,Roysambu,0.00390887981589,2007.0,4.0,2007-04,0.5350097721889299
Nairobi,Ruaraka,0.000583416833502,2007.0,4.0,2007-04,0.4472390647262366
Nairobi,Starehe,0.00136813789598,2007.0,4.0,2007-04,0.3236242344725883
Nairobi,Westlands,0.00590790301496,2007.0,4.0,2007-04,0.62487948074515
Turkana,Loima,0.792863767753,2007.0,4.0,2007-04,0.2538408356409731
Turkana,Turkana Central,0.538281501213,2007.0,4.0,2007-04,0.1197845859586781
Turkana,Turkana East,0.909087463502,2007.0,4.0,2007-04,0.2153547652639448
Turkana,Turkana North,1.66897152383,2007.0,4.0,2007-04,0.2927470998684247
Turkana,Turkana South,0.603285539944,2007.0,4.0,2007-04,0.2093035321362092
Turkana,Turkana West,1.19593592043,2007.0,4.0,2007-04,0.3112458695350023
Kiambu,Gatundu North,0.0190562071078,2007.0,5.0,2007-05,0.7248296409249251
Kiambu,Gatundu South,0.018013492523,2007.0,5.0,2007-05,0.7328506213243196
Kiambu,Githunguri,0.0140557399999,2007.0,5.0,2007-05,0.7387061727196204
Kiambu,Juja,0.0303444523402,2007.0,5.0,2007-05,0.637543078666539
Kiambu,Kabete,0.00456838148631,2007.0,5.0,2007-05,0.7079659519911293
Kiambu,Kiambaa,0.00720464174127,2007.0,5.0,2007-05,0.7352034356448157
Kiambu,Kiambu,0.00796244668767,2007.0,5.0,2007-05,0.6822214722836499
Kiambu,Kikuyu,0.0141641490709,2007.0,5.0,2007-05,0.6284911888548442
Kiambu,Lari,0.037858207576,2007.0,5.0,2007-05,0.7070196254464804
Kiambu,Limuru,0.0231553754199,2007.0,5.0,2007-05,0.6482639668307413
Kiambu,Ruiru,0.0124421280679,2007.0,5.0,2007-05,0.6267624370025787
Kiambu,Thika Town,0.0178033031507,2007.0,5.0,2007-05,0.6567453373336664
Machakos,Kangundo,0.013896319438,2007.0,5.0,2007-05,0.6671662990920004
Machakos,Kathiani,0.0167415041685,2007.0,5.0,2007-05,0.6492682549585388
Machakos,Machakos Town,0.0615270519301,2007.0,5.0,2007-05,0.621421995477973
Machakos,Masinga,0.11427469357,2007.0,5.0,2007-05,0.595629400836316
Machakos,Matungulu,0.0472449879416,2007.0,5.0,2007-05,0.6438771223803467
Machakos,Mavoko,0.0684719511619,2007.0,5.0,2007-05,0.6149558232930573
Machakos,Mwala,0.0827962943547,2007.0,5.0,2007-05,0.5812322583211398
Machakos,Yatta,0.0862109028544,2007.0,5.0,2007-05,0.6039235955164437
Nairobi,Dagoretti,0.00198642271282,2007.0,5.0,2007-05,0.6625720766610896
Nairobi,Embakasi Central,0.000664901959297,2007.0,5.0,2007-05,0.4127685006099921
Nairobi,Embakasi East,0.00697580217167,2007.0,5.0,2007-05,0.5732826252921037
Nairobi,Embakasi North,0.000441181256097,2007.0,5.0,2007-05,0.3905591975945787
Nairobi,Embakasi South,0.00142609820487,2007.0,5.0,2007-05,0.4077942412807633
Nairobi,Embakasi West,0.000793166442342,2007.0,5.0,2007-05,0.4188285364879703
Nairobi,Kamukunji,0.000718135459802,2007.0,5.0,2007-05,0.4018804484267896
Nairobi,Kasarani,0.0110736011415,2007.0,5.0,2007-05,0.575218665254161
Nairobi,Kibra,0.00100197842996,2007.0,5.0,2007-05,0.4875270006910854
Nairobi,Kilimani,0.00238546350977,2007.0,5.0,2007-05,0.5546183117809533
Nairobi,Langata,0.0170497156745,2007.0,5.0,2007-05,0.6103272205392845
Nairobi,Makadara,0.000974908477702,2007.0,5.0,2007-05,0.3675318978294857
Nairobi,Mathare,0.000235884309461,2007.0,5.0,2007-05,0.3766961486770265
Nairobi,Roysambu,0.00390887981589,2007.0,5.0,2007-05,0.5487881617706599
Nairobi,Ruaraka,0.000583416833502,2007.0,5.0,2007-05,0.4536711394938599
Nairobi,Starehe,0.00136813789598,2007.0,5.0,2007-05,0.3051982723224613
Nairobi,Westlands,0.00590790301496,2007.0,5.0,2007-05,0.6404777270170547
Turkana,Loima,0.792863767753,2007.0,5.0,2007-05,0.2798220404315167
Turkana,Turkana Central,0.538281501213,2007.0,5.0,2007-05,0.1170387241558653
Turkana,Turkana East,0.909087463502,2007.0,5.0,2007-05,0.2304908958286303
Turkana,Turkana North,1.66897152383,2007.0,5.0,2007-05,0.2835904671809847
Turkana,Turkana South,0.603285539944,2007.0,5.0,2007-05,0.2331369969075316
Turkana,Turkana West,1.19593592043,2007.0,5.0,2007-05,0.3168016357194436
Kiambu,Gatundu North,0.0190562071078,2007.0,6.0,2007-06,0.7548440042912129
Kiambu,Gatundu South,0.018013492523,2007.0,6.0,2007-06,0.765939166436079
Kiambu,Githunguri,0.0140557399999,2007.0,6.0,2007-06,0.7692736452976663
Kiambu,Juja,0.0303444523402,2007.0,6.0,2007-06,0.5946750982182842
Kiambu,Kabete,0.00456838148631,2007.0,6.0,2007-06,0.7289743862453109
Kiambu,Kiambaa,0.00720464174127,2007.0,6.0,2007-06,0.7469166475828015
Kiambu,Kiambu,0.00796244668767,2007.0,6.0,2007-06,0.7146508281362582
Kiambu,Kikuyu,0.0141641490709,2007.0,6.0,2007-06,0.6456849813977399
Kiambu,Lari,0.037858207576,2007.0,6.0,2007-06,0.7732486897889717
Kiambu,Limuru,0.0231553754199,2007.0,6.0,2007-06,0.6755047288916322
Kiambu,Ruiru,0.0124421280679,2007.0,6.0,2007-06,0.5060808707237268
Kiambu,Thika Town,0.0178033031507,2007.0,6.0,2007-06,0.5833028433480585
Machakos,Kangundo,0.013896319438,2007.0,6.0,2007-06,0.6056748715718698
Machakos,Kathiani,0.0167415041685,2007.0,6.0,2007-06,0.5651908362459499
Machakos,Machakos Town,0.0615270519301,2007.0,6.0,2007-06,0.5279622896475328
Machakos,Masinga,0.11427469357,2007.0,6.0,2007-06,0.4608179309343712
Machakos,Matungulu,0.0472449879416,2007.0,6.0,2007-06,0.5434604282292715
Machakos,Mavoko,0.0684719511619,2007.0,6.0,2007-06,0.490023544844772
Machakos,Mwala,0.0827962943547,2007.0,6.0,2007-06,0.4685861004375712
Machakos,Yatta,0.0862109028544,2007.0,6.0,2007-06,0.485695204578538
Nairobi,Dagoretti,0.00198642271282,2007.0,6.0,2007-06,0.6457780393562779
Nairobi,Embakasi Central,0.000664901959297,2007.0,6.0,2007-06,0.3595571354182163
Nairobi,Embakasi East,0.00697580217167,2007.0,6.0,2007-06,0.4685151148841807
Nairobi,Embakasi North,0.000441181256097,2007.0,6.0,2007-06,0.3881284903289503
Nairobi,Embakasi South,0.00142609820487,2007.0,6.0,2007-06,0.4113928484226296
Nairobi,Embakasi West,0.000793166442342,2007.0,6.0,2007-06,0.4170198125686332
Nairobi,Kamukunji,0.000718135459802,2007.0,6.0,2007-06,0.4211527087290443
Nairobi,Kasarani,0.0110736011415,2007.0,6.0,2007-06,0.4555588192839097
Nairobi,Kibra,0.00100197842996,2007.0,6.0,2007-06,0.4892656826932574
Nairobi,Kilimani,0.00238546350977,2007.0,6.0,2007-06,0.5545809379639843
Nairobi,Langata,0.0170497156745,2007.0,6.0,2007-06,0.5955231423718463
Nairobi,Makadara,0.000974908477702,2007.0,6.0,2007-06,0.3918604728837995
Nairobi,Mathare,0.000235884309461,2007.0,6.0,2007-06,0.3931962452750946
Nairobi,Roysambu,0.00390887981589,2007.0,6.0,2007-06,0.5892489042191362
Nairobi,Ruaraka,0.000583416833502,2007.0,6.0,2007-06,0.4781463023271595
Nairobi,Starehe,0.00136813789598,2007.0,6.0,2007-06,0.3546376351781167
Nairobi,Westlands,0.00590790301496,2007.0,6.0,2007-06,0.6653245347832786
Turkana,Loima,0.792863767753,2007.0,6.0,2007-06,0.3013833103494467
Turkana,Turkana Central,0.538281501213,2007.0,6.0,2007-06,0.1292018996958463
Turkana,Turkana East,0.909087463502,2007.0,6.0,2007-06,0.3001503238178586
Turkana,Turkana North,1.66897152383,2007.0,6.0,2007-06,0.3767663209931517
Turkana,Turkana South,0.603285539944,2007.0,6.0,2007-06,0.2716724388091327
Turkana,Turkana West,1.19593592043,2007.0,6.0,2007-06,0.4498187651170137
Kiambu,Gatundu North,0.0190562071078,2007.0,7.0,2007-07,0.4454053598639767
Kiambu,Gatundu South,0.018013492523,2007.0,7.0,2007-07,0.4509932302715663
Kiambu,Githunguri,0.0140557399999,2007.0,7.0,2007-07,0.465558794376845
Kiambu,Juja,0.0303444523402,2007.0,7.0,2007-07,0.3209161505928952
Kiambu,Kabete,0.00456838148631,2007.0,7.0,2007-07,0.4026186268267537
Kiambu,Kiambaa,0.00720464174127,2007.0,7.0,2007-07,0.4434072027173227
Kiambu,Kiambu,0.00796244668767,2007.0,7.0,2007-07,0.4023383901905743
Kiambu,Kikuyu,0.0141641490709,2007.0,7.0,2007-07,0.4618383648584859
Kiambu,Lari,0.037858207576,2007.0,7.0,2007-07,0.5271821783241345
Kiambu,Limuru,0.0231553754199,2007.0,7.0,2007-07,0.4877631874881463
Kiambu,Ruiru,0.0124421280679,2007.0,7.0,2007-07,0.2613511110598828
Kiambu,Thika Town,0.0178033031507,2007.0,7.0,2007-07,0.374064567713976
Machakos,Kangundo,0.013896319438,2007.0,7.0,2007-07,0.412343713747255
Machakos,Kathiani,0.0167415041685,2007.0,7.0,2007-07,0.3618902482282073
Machakos,Machakos Town,0.0615270519301,2007.0,7.0,2007-07,0.3202870437668163
Machakos,Masinga,0.11427469357,2007.0,7.0,2007-07,0.393523234479439
Machakos,Matungulu,0.0472449879416,2007.0,7.0,2007-07,0.3478556625207705
Machakos,Mavoko,0.0684719511619,2007.0,7.0,2007-07,0.2721847375421087
Machakos,Mwala,0.0827962943547,2007.0,7.0,2007-07,0.3789477058509586
Machakos,Yatta,0.0862109028544,2007.0,7.0,2007-07,0.3943489462315274
Nairobi,Dagoretti,0.00198642271282,2007.0,7.0,2007-07,0.3709238333532506
Nairobi,Embakasi Central,0.000664901959297,2007.0,7.0,2007-07,0.2168352872913378
Nairobi,Embakasi East,0.00697580217167,2007.0,7.0,2007-07,0.2364078792510835
Nairobi,Embakasi North,0.000441181256097,2007.0,7.0,2007-07,0.2286209531930169
Nairobi,Embakasi South,0.00142609820487,2007.0,7.0,2007-07,0.261262969950889
Nairobi,Embakasi West,0.000793166442342,2007.0,7.0,2007-07,0.2680191836378158
Nairobi,Kamukunji,0.000718135459802,2007.0,7.0,2007-07,0.2293400941448508
Nairobi,Kasarani,0.0110736011415,2007.0,7.0,2007-07,0.2656966002515354
Nairobi,Kibra,0.00100197842996,2007.0,7.0,2007-07,0.3036137575278904
Nairobi,Kilimani,0.00238546350977,2007.0,7.0,2007-07,0.3275976754120389
Nairobi,Langata,0.0170497156745,2007.0,7.0,2007-07,0.35556214986559
Nairobi,Makadara,0.000974908477702,2007.0,7.0,2007-07,0.2405148210188626
Nairobi,Mathare,0.000235884309461,2007.0,7.0,2007-07,0.2205508063838722
Nairobi,Roysambu,0.00390887981589,2007.0,7.0,2007-07,0.3383117061282749
Nairobi,Ruaraka,0.000583416833502,2007.0,7.0,2007-07,0.2823938649162089
Nairobi,Starehe,0.00136813789598,2007.0,7.0,2007-07,0.1995396852590794
Nairobi,Westlands,0.00590790301496,2007.0,7.0,2007-07,0.3796612386918354
Turkana,Loima,0.792863767753,2007.0,7.0,2007-07,0.3441495988093618
Turkana,Turkana Central,0.538281501213,2007.0,7.0,2007-07,0.1397747319848786
Turkana,Turkana East,0.909087463502,2007.0,7.0,2007-07,0.3041238298153197
Turkana,Turkana North,1.66897152383,2007.0,7.0,2007-07,0.3685125228860988
Turkana,Turkana South,0.603285539944,2007.0,7.0,2007-07,0.2836954367208217
Turkana,Turkana West,1.19593592043,2007.0,7.0,2007-07,0.4738123558372231
Kiambu,Gatundu North,0.0190562071078,2007.0,8.0,2007-08,0.7018945943589344
Kiambu,Gatundu South,0.018013492523,2007.0,8.0,2007-08,0.7034610658536793
Kiambu,Githunguri,0.0140557399999,2007.0,8.0,2007-08,0.7193785614063237
Kiambu,Juja,0.0303444523402,2007.0,8.0,2007-08,0.4849285963340977
Kiambu,Kabete,0.00456838148631,2007.0,8.0,2007-08,0.6744378433691105
Kiambu,Kiambaa,0.00720464174127,2007.0,8.0,2007-08,0.6999573909473842
Kiambu,Kiambu,0.00796244668767,2007.0,8.0,2007-08,0.6714667034810056
Kiambu,Kikuyu,0.0141641490709,2007.0,8.0,2007-08,0.5509483151128011
Kiambu,Lari,0.037858207576,2007.0,8.0,2007-08,0.7351844207389071
Kiambu,Limuru,0.0231553754199,2007.0,8.0,2007-08,0.606946276445794
Kiambu,Ruiru,0.0124421280679,2007.0,8.0,2007-08,0.3568857720423407
Kiambu,Thika Town,0.0178033031507,2007.0,8.0,2007-08,0.4458353536128017
Machakos,Kangundo,0.013896319438,2007.0,8.0,2007-08,0.4580780178297678
Machakos,Kathiani,0.0167415041685,2007.0,8.0,2007-08,0.4389875565094916
Machakos,Machakos Town,0.0615270519301,2007.0,8.0,2007-08,0.4061882167575985
Machakos,Masinga,0.11427469357,2007.0,8.0,2007-08,0.3561930054162122
Machakos,Matungulu,0.0472449879416,2007.0,8.0,2007-08,0.4176511952473118
Machakos,Mavoko,0.0684719511619,2007.0,8.0,2007-08,0.3345672401037539
Machakos,Mwala,0.0827962943547,2007.0,8.0,2007-08,0.3428890235875969
Machakos,Yatta,0.0862109028544,2007.0,8.0,2007-08,0.3471436726628648
Nairobi,Dagoretti,0.00198642271282,2007.0,8.0,2007-08,0.5868788440089228
Nairobi,Embakasi Central,0.000664901959297,2007.0,8.0,2007-08,0.3019259097807004
Nairobi,Embakasi East,0.00697580217167,2007.0,8.0,2007-08,0.2991312039158743
Nairobi,Embakasi North,0.000441181256097,2007.0,8.0,2007-08,0.3595268164071266
Nairobi,Embakasi South,0.00142609820487,2007.0,8.0,2007-08,0.3206277538081628
Nairobi,Embakasi West,0.000793166442342,2007.0,8.0,2007-08,0.3575033493061794
Nairobi,Kamukunji,0.000718135459802,2007.0,8.0,2007-08,0.3723237991025958
Nairobi,Kasarani,0.0110736011415,2007.0,8.0,2007-08,0.3390610530010969
Nairobi,Kibra,0.00100197842996,2007.0,8.0,2007-08,0.4523905469444169
Nairobi,Kilimani,0.00238546350977,2007.0,8.0,2007-08,0.5195526294179614
Nairobi,Langata,0.0170497156745,2007.0,8.0,2007-08,0.4781162571540952
Nairobi,Makadara,0.000974908477702,2007.0,8.0,2007-08,0.3745718543785914
Nairobi,Mathare,0.000235884309461,2007.0,8.0,2007-08,0.3599830491390171
Nairobi,Roysambu,0.00390887981589,2007.0,8.0,2007-08,0.5427887815321687
Nairobi,Ruaraka,0.000583416833502,2007.0,8.0,2007-08,0.4535176691091663
Nairobi,Starehe,0.00136813789598,2007.0,8.0,2007-08,0.3221317104730508
Nairobi,Westlands,0.00590790301496,2007.0,8.0,2007-08,0.6353483781865422
Turkana,Loima,0.792863767753,2007.0,8.0,2007-08,0.3170816865091866
Turkana,Turkana Central,0.538281501213,2007.0,8.0,2007-08,0.1467576004642374
Turkana,Turkana East,0.909087463502,2007.0,8.0,2007-08,0.2950452068925514
Turkana,Turkana North,1.66897152383,2007.0,8.0,2007-08,0.3647091387588884
Turkana,Turkana South,0.603285539944,2007.0,8.0,2007-08,0.2739254766894105
Turkana,Turkana West,1.19593592043,2007.0,8.0,2007-08,0.4389725751828537
Kiambu,Gatundu North,0.0190562071078,2007.0,9.0,2007-09,0.6920595129151598
Kiambu,Gatundu South,0.018013492523,2007.0,9.0,2007-09,0.686520832015689
Kiambu,Githunguri,0.0140557399999,2007.0,9.0,2007-09,0.6631394420191341
Kiambu,Juja,0.0303444523402,2007.0,9.0,2007-09,0.4388302187365344
Kiambu,Kabete,0.00456838148631,2007.0,9.0,2007-09,0.6861318580697695
Kiambu,Kiambaa,0.00720464174127,2007.0,9.0,2007-09,0.665289759241258
Kiambu,Kiambu,0.00796244668767,2007.0,9.0,2007-09,0.6154508716177608
Kiambu,Kikuyu,0.0141641490709,2007.0,9.0,2007-09,0.5823454347649994
Kiambu,Lari,0.037858207576,2007.0,9.0,2007-09,0.7073888239006987
Kiambu,Limuru,0.0231553754199,2007.0,9.0,2007-09,0.6151596712631626
Kiambu,Ruiru,0.0124421280679,2007.0,9.0,2007-09,0.3303062954495593
Kiambu,Thika Town,0.0178033031507,2007.0,9.0,2007-09,0.4050815407395065
Machakos,Kangundo,0.013896319438,2007.0,9.0,2007-09,0.4113531176471423
Machakos,Kathiani,0.0167415041685,2007.0,9.0,2007-09,0.3913501127826656
Machakos,Machakos Town,0.0615270519301,2007.0,9.0,2007-09,0.355282772822067
Machakos,Masinga,0.11427469357,2007.0,9.0,2007-09,0.3091764105318451
Machakos,Matungulu,0.0472449879416,2007.0,9.0,2007-09,0.3581977226038221
Machakos,Mavoko,0.0684719511619,2007.0,9.0,2007-09,0.2920687581987852
Machakos,Mwala,0.0827962943547,2007.0,9.0,2007-09,0.3129675411099888
Machakos,Yatta,0.0862109028544,2007.0,9.0,2007-09,0.3189914856392939
Nairobi,Dagoretti,0.00198642271282,2007.0,9.0,2007-09,0.5889281872410774
Nairobi,Embakasi Central,0.000664901959297,2007.0,9.0,2007-09,0.2708418484244354
Nairobi,Embakasi East,0.00697580217167,2007.0,9.0,2007-09,0.2703973651223999
Nairobi,Embakasi North,0.000441181256097,2007.0,9.0,2007-09,0.3251222793160705
Nairobi,Embakasi South,0.00142609820487,2007.0,9.0,2007-09,0.276622674870286
Nairobi,Embakasi West,0.000793166442342,2007.0,9.0,2007-09,0.3419611023759607
Nairobi,Kamukunji,0.000718135459802,2007.0,9.0,2007-09,0.3677213381231587
Nairobi,Kasarani,0.0110736011415,2007.0,9.0,2007-09,0.3102103218868019
Nairobi,Kibra,0.00100197842996,2007.0,9.0,2007-09,0.4422627268239709
Nairobi,Kilimani,0.00238546350977,2007.0,9.0,2007-09,0.5247367479823157
Nairobi,Langata,0.0170497156745,2007.0,9.0,2007-09,0.4518569805283333
Nairobi,Makadara,0.000974908477702,2007.0,9.0,2007-09,0.3328672057420153
Nairobi,Mathare,0.000235884309461,2007.0,9.0,2007-09,0.339192280554389
Nairobi,Roysambu,0.00390887981589,2007.0,9.0,2007-09,0.5203989783678177
Nairobi,Ruaraka,0.000583416833502,2007.0,9.0,2007-09,0.4231745691702288
Nairobi,Starehe,0.00136813789598,2007.0,9.0,2007-09,0.311409790654638
Nairobi,Westlands,0.00590790301496,2007.0,9.0,2007-09,0.6196184139775943
Turkana,Loima,0.792863767753,2007.0,9.0,2007-09,0.3137149792540081
Turkana,Turkana Central,0.538281501213,2007.0,9.0,2007-09,0.1454053290953864
Turkana,Turkana East,0.909087463502,2007.0,9.0,2007-09,0.2902102950329978
Turkana,Turkana North,1.66897152383,2007.0,9.0,2007-09,0.3100921517246632
Turkana,Turkana South,0.603285539944,2007.0,9.0,2007-09,0.2891237335744994
Turkana,Turkana West,1.19593592043,2007.0,9.0,2007-09,0.4013316581717774
Kiambu,Gatundu North,0.0190562071078,2007.0,10.0,2007-10,0.7343276329536976
Kiambu,Gatundu South,0.018013492523,2007.0,10.0,2007-10,0.736112425168769
Kiambu,Githunguri,0.0140557399999,2007.0,10.0,2007-10,0.7221817980696963
Kiambu,Juja,0.0303444523402,2007.0,10.0,2007-10,0.4147848310892755
Kiambu,Kabete,0.00456838148631,2007.0,10.0,2007-10,0.6059248598802809
Kiambu,Kiambaa,0.00720464174127,2007.0,10.0,2007-10,0.6271291919974088
Kiambu,Kiambu,0.00796244668767,2007.0,10.0,2007-10,0.5990815088944978
Kiambu,Kikuyu,0.0141641490709,2007.0,10.0,2007-10,0.5197161635769977
Kiambu,Lari,0.037858207576,2007.0,10.0,2007-10,0.7288141212600775
Kiambu,Limuru,0.0231553754199,2007.0,10.0,2007-10,0.5701115350904948
Kiambu,Ruiru,0.0124421280679,2007.0,10.0,2007-10,0.3601731701733248
Kiambu,Thika Town,0.0178033031507,2007.0,10.0,2007-10,0.4038109691363165
Machakos,Kangundo,0.013896319438,2007.0,10.0,2007-10,0.3828479022337737
Machakos,Kathiani,0.0167415041685,2007.0,10.0,2007-10,0.3573028938295068
Machakos,Machakos Town,0.0615270519301,2007.0,10.0,2007-10,0.3220667498351579
Machakos,Masinga,0.11427469357,2007.0,10.0,2007-10,0.3205158572838968
Machakos,Matungulu,0.0472449879416,2007.0,10.0,2007-10,0.3466046974684618
Machakos,Mavoko,0.0684719511619,2007.0,10.0,2007-10,0.2761012366433557
Machakos,Mwala,0.0827962943547,2007.0,10.0,2007-10,0.3008010732602553
Machakos,Yatta,0.0862109028544,2007.0,10.0,2007-10,0.3049364514952965
Nairobi,Dagoretti,0.00198642271282,2007.0,10.0,2007-10,0.4887436484225619
Nairobi,Embakasi Central,0.000664901959297,2007.0,10.0,2007-10,0.2834527181837116
Nairobi,Embakasi East,0.00697580217167,2007.0,10.0,2007-10,0.2668774808857224
Nairobi,Embakasi North,0.000441181256097,2007.0,10.0,2007-10,0.3040422205268588
Nairobi,Embakasi South,0.00142609820487,2007.0,10.0,2007-10,0.2989041813490188
Nairobi,Embakasi West,0.000793166442342,2007.0,10.0,2007-10,0.3315173005889985
Nairobi,Kamukunji,0.000718135459802,2007.0,10.0,2007-10,0.3352844495829547
Nairobi,Kasarani,0.0110736011415,2007.0,10.0,2007-10,0.333195411264073
Nairobi,Kibra,0.00100197842996,2007.0,10.0,2007-10,0.4239564340013823
Nairobi,Kilimani,0.00238546350977,2007.0,10.0,2007-10,0.484445522938975
Nairobi,Langata,0.0170497156745,2007.0,10.0,2007-10,0.4004209049806307
Nairobi,Makadara,0.000974908477702,2007.0,10.0,2007-10,0.3212153438508864
Nairobi,Mathare,0.000235884309461,2007.0,10.0,2007-10,0.3218636119277614
Nairobi,Roysambu,0.00390887981589,2007.0,10.0,2007-10,0.5098433488885297
Nairobi,Ruaraka,0.000583416833502,2007.0,10.0,2007-10,0.4152308603025987
Nairobi,Starehe,0.00136813789598,2007.0,10.0,2007-10,0.2822533498149432
Nairobi,Westlands,0.00590790301496,2007.0,10.0,2007-10,0.5564439711416347
Turkana,Loima,0.792863767753,2007.0,10.0,2007-10,0.2791044386308408
Turkana,Turkana Central,0.538281501213,2007.0,10.0,2007-10,0.1348793185270026
Turkana,Turkana East,0.909087463502,2007.0,10.0,2007-10,0.2518739536706897
Turkana,Turkana North,1.66897152383,2007.0,10.0,2007-10,0.2678131496244074
Turkana,Turkana South,0.603285539944,2007.0,10.0,2007-10,0.250357620755405
Turkana,Turkana West,1.19593592043,2007.0,10.0,2007-10,0.3387428156203592
Kiambu,Gatundu North,0.0190562071078,2007.0,11.0,2007-11,0.7900891554490308
Kiambu,Gatundu South,0.018013492523,2007.0,11.0,2007-11,0.7802238417355126
Kiambu,Githunguri,0.0140557399999,2007.0,11.0,2007-11,0.7626860205020808
Kiambu,Juja,0.0303444523402,2007.0,11.0,2007-11,0.5109648413742937
Kiambu,Kabete,0.00456838148631,2007.0,11.0,2007-11,0.6821207964084309
Kiambu,Kiambaa,0.00720464174127,2007.0,11.0,2007-11,0.7097427750410519
Kiambu,Kiambu,0.00796244668767,2007.0,11.0,2007-11,0.6941995151191391
Kiambu,Kikuyu,0.0141641490709,2007.0,11.0,2007-11,0.5279328804734916
Kiambu,Lari,0.037858207576,2007.0,11.0,2007-11,0.766959789889709
Kiambu,Limuru,0.0231553754199,2007.0,11.0,2007-11,0.5890253886461828
Kiambu,Ruiru,0.0124421280679,2007.0,11.0,2007-11,0.4492915748798878
Kiambu,Thika Town,0.0178033031507,2007.0,11.0,2007-11,0.5266208465705483
Machakos,Kangundo,0.013896319438,2007.0,11.0,2007-11,0.5119734203944872
Machakos,Kathiani,0.0167415041685,2007.0,11.0,2007-11,0.4778755362050677
Machakos,Machakos Town,0.0615270519301,2007.0,11.0,2007-11,0.4086802969118346
Machakos,Masinga,0.11427469357,2007.0,11.0,2007-11,0.4390072710368913
Machakos,Matungulu,0.0472449879416,2007.0,11.0,2007-11,0.4697471506225127
Machakos,Mavoko,0.0684719511619,2007.0,11.0,2007-11,0.3501645369638275
Machakos,Mwala,0.0827962943547,2007.0,11.0,2007-11,0.4131847328041846
Machakos,Yatta,0.0862109028544,2007.0,11.0,2007-11,0.4138398936813338
Nairobi,Dagoretti,0.00198642271282,2007.0,11.0,2007-11,0.5830366913639252
Nairobi,Embakasi Central,0.000664901959297,2007.0,11.0,2007-11,0.3257114871901687
Nairobi,Embakasi East,0.00697580217167,2007.0,11.0,2007-11,0.3552426120765934
Nairobi,Embakasi North,0.000441181256097,2007.0,11.0,2007-11,0.3757947717991292
Nairobi,Embakasi South,0.00142609820487,2007.0,11.0,2007-11,0.3102526754252097
Nairobi,Embakasi West,0.000793166442342,2007.0,11.0,2007-11,0.360939014924628
Nairobi,Kamukunji,0.000718135459802,2007.0,11.0,2007-11,0.3781138960002201
Nairobi,Kasarani,0.0110736011415,2007.0,11.0,2007-11,0.4094528070858688
Nairobi,Kibra,0.00100197842996,2007.0,11.0,2007-11,0.4539305814986673
Nairobi,Kilimani,0.00238546350977,2007.0,11.0,2007-11,0.5357232521006311
Nairobi,Langata,0.0170497156745,2007.0,11.0,2007-11,0.486421069033169
Nairobi,Makadara,0.000974908477702,2007.0,11.0,2007-11,0.3427809151083228
Nairobi,Mathare,0.000235884309461,2007.0,11.0,2007-11,0.3767858504829904
Nairobi,Roysambu,0.00390887981589,2007.0,11.0,2007-11,0.580824954194841
Nairobi,Ruaraka,0.000583416833502,2007.0,11.0,2007-11,0.4767050139086777
Nairobi,Starehe,0.00136813789598,2007.0,11.0,2007-11,0.3217896324890124
Nairobi,Westlands,0.00590790301496,2007.0,11.0,2007-11,0.6569747410254513
Turkana,Loima,0.792863767753,2007.0,11.0,2007-11,0.2464442029291733
Turkana,Turkana Central,0.538281501213,2007.0,11.0,2007-11,0.1257788975282898
Turkana,Turkana East,0.909087463502,2007.0,11.0,2007-11,0.2081533993463464
Turkana,Turkana North,1.66897152383,2007.0,11.0,2007-11,0.2408515993188432
Turkana,Turkana South,0.603285539944,2007.0,11.0,2007-11,0.2091458235940994
Turkana,Turkana West,1.19593592043,2007.0,11.0,2007-11,0.3040401819828481
Kiambu,Gatundu North,0.0190562071078,2007.0,12.0,2007-12,0.7721287685651529
Kiambu,Gatundu South,0.018013492523,2007.0,12.0,2007-12,0.758101812090706
Kiambu,Githunguri,0.0140557399999,2007.0,12.0,2007-12,0.7411754651951548
Kiambu,Juja,0.0303444523402,2007.0,12.0,2007-12,0.5483234073058618
Kiambu,Kabete,0.00456838148631,2007.0,12.0,2007-12,0.6369655476580296
Kiambu,Kiambaa,0.00720464174127,2007.0,12.0,2007-12,0.69937074223877
Kiambu,Kiambu,0.00796244668767,2007.0,12.0,2007-12,0.6754294739980614
Kiambu,Kikuyu,0.0141641490709,2007.0,12.0,2007-12,0.4769078388558213
Kiambu,Lari,0.037858207576,2007.0,12.0,2007-12,0.7482378273241603
Kiambu,Limuru,0.0231553754199,2007.0,12.0,2007-12,0.5579113911047492
Kiambu,Ruiru,0.0124421280679,2007.0,12.0,2007-12,0.5075003943598829
Kiambu,Thika Town,0.0178033031507,2007.0,12.0,2007-12,0.609522210795344
Machakos,Kangundo,0.013896319438,2007.0,12.0,2007-12,0.6799562504537169
Machakos,Kathiani,0.0167415041685,2007.0,12.0,2007-12,0.6516824459600282
Machakos,Machakos Town,0.0615270519301,2007.0,12.0,2007-12,0.5419882885133276
Machakos,Masinga,0.11427469357,2007.0,12.0,2007-12,0.5065579932923572
Machakos,Matungulu,0.0472449879416,2007.0,12.0,2007-12,0.6089118558067027
Machakos,Mavoko,0.0684719511619,2007.0,12.0,2007-12,0.4143835682700781
Machakos,Mwala,0.0827962943547,2007.0,12.0,2007-12,0.5741345251877533
Machakos,Yatta,0.0862109028544,2007.0,12.0,2007-12,0.5267293295545918
Nairobi,Dagoretti,0.00198642271282,2007.0,12.0,2007-12,0.5416144185189606
Nairobi,Embakasi Central,0.000664901959297,2007.0,12.0,2007-12,0.3368367780521915
Nairobi,Embakasi East,0.00697580217167,2007.0,12.0,2007-12,0.3747742581164783
Nairobi,Embakasi North,0.000441181256097,2007.0,12.0,2007-12,0.3956207826594266
Nairobi,Embakasi South,0.00142609820487,2007.0,12.0,2007-12,0.313905597791404
Nairobi,Embakasi West,0.000793166442342,2007.0,12.0,2007-12,0.3712549241289806
Nairobi,Kamukunji,0.000718135459802,2007.0,12.0,2007-12,0.4048943003826351
Nairobi,Kasarani,0.0110736011415,2007.0,12.0,2007-12,0.4681001800765326
Nairobi,Kibra,0.00100197842996,2007.0,12.0,2007-12,0.4368273679534016
Nairobi,Kilimani,0.00238546350977,2007.0,12.0,2007-12,0.536443567879627
Nairobi,Langata,0.0170497156745,2007.0,12.0,2007-12,0.4774777140311335
Nairobi,Makadara,0.000974908477702,2007.0,12.0,2007-12,0.3594364266715398
Nairobi,Mathare,0.000235884309461,2007.0,12.0,2007-12,0.383587412851743
Nairobi,Roysambu,0.00390887981589,2007.0,12.0,2007-12,0.572195184131676
Nairobi,Ruaraka,0.000583416833502,2007.0,12.0,2007-12,0.5035267487617886
Nairobi,Starehe,0.00136813789598,2007.0,12.0,2007-12,0.3364068731205181
Nairobi,Westlands,0.00590790301496,2007.0,12.0,2007-12,0.6335761698216812
Turkana,Loima,0.792863767753,2007.0,12.0,2007-12,0.2218072953512135
Turkana,Turkana Central,0.538281501213,2007.0,12.0,2007-12,0.1204784029874821
Turkana,Turkana East,0.909087463502,2007.0,12.0,2007-12,0.184001498992183
Turkana,Turkana North,1.66897152383,2007.0,12.0,2007-12,0.2181707696854231
Turkana,Turkana South,0.603285539944,2007.0,12.0,2007-12,0.1869732556375977
Turkana,Turkana West,1.19593592043,2007.0,12.0,2007-12,0.260256105682588
Kiambu,Gatundu North,0.0190562071078,2008.0,1.0,2008-01,0.7561364957586123
Kiambu,Gatundu South,0.018013492523,2008.0,1.0,2008-01,0.7313691088110894
Kiambu,Githunguri,0.0140557399999,2008.0,1.0,2008-01,0.7226724295698334
Kiambu,Juja,0.0303444523402,2008.0,1.0,2008-01,0.4939382667039528
Kiambu,Kabete,0.00456838148631,2008.0,1.0,2008-01,0.6384413976887819
Kiambu,Kiambaa,0.00720464174127,2008.0,1.0,2008-01,0.6920348362906457
Kiambu,Kiambu,0.00796244668767,2008.0,1.0,2008-01,0.6267520613958807
Kiambu,Kikuyu,0.0141641490709,2008.0,1.0,2008-01,0.4902235853483452
Kiambu,Lari,0.037858207576,2008.0,1.0,2008-01,0.732255852072156
Kiambu,Limuru,0.0231553754199,2008.0,1.0,2008-01,0.5731023564798282
Kiambu,Ruiru,0.0124421280679,2008.0,1.0,2008-01,0.4136680220320066
Kiambu,Thika Town,0.0178033031507,2008.0,1.0,2008-01,0.5554073361669027
Machakos,Kangundo,0.013896319438,2008.0,1.0,2008-01,0.665332857175391
Machakos,Kathiani,0.0167415041685,2008.0,1.0,2008-01,0.6269284358834402
Machakos,Machakos Town,0.0615270519301,2008.0,1.0,2008-01,0.5206110816147481
Machakos,Masinga,0.11427469357,2008.0,1.0,2008-01,0.4804399871995981
Machakos,Matungulu,0.0472449879416,2008.0,1.0,2008-01,0.5429844049112738
Machakos,Mavoko,0.0684719511619,2008.0,1.0,2008-01,0.3897443259858543
Machakos,Mwala,0.0827962943547,2008.0,1.0,2008-01,0.549605910086471
Machakos,Yatta,0.0862109028544,2008.0,1.0,2008-01,0.4900117496808026
Nairobi,Dagoretti,0.00198642271282,2008.0,1.0,2008-01,0.5230956296805291
Nairobi,Embakasi Central,0.000664901959297,2008.0,1.0,2008-01,0.3247242434611836
Nairobi,Embakasi East,0.00697580217167,2008.0,1.0,2008-01,0.3410006894185182
Nairobi,Embakasi North,0.000441181256097,2008.0,1.0,2008-01,0.3860485482206164
Nairobi,Embakasi South,0.00142609820487,2008.0,1.0,2008-01,0.3072307413778749
Nairobi,Embakasi West,0.000793166442342,2008.0,1.0,2008-01,0.3747635869022662
Nairobi,Kamukunji,0.000718135459802,2008.0,1.0,2008-01,0.4174128692157345
Nairobi,Kasarani,0.0110736011415,2008.0,1.0,2008-01,0.3903281769752146
Nairobi,Kibra,0.00100197842996,2008.0,1.0,2008-01,0.425308398657321
Nairobi,Kilimani,0.00238546350977,2008.0,1.0,2008-01,0.5206181247356062
Nairobi,Langata,0.0170497156745,2008.0,1.0,2008-01,0.4532227947753792
Nairobi,Makadara,0.000974908477702,2008.0,1.0,2008-01,0.3437058902357313
Nairobi,Mathare,0.000235884309461,2008.0,1.0,2008-01,0.3821360268794624
Nairobi,Roysambu,0.00390887981589,2008.0,1.0,2008-01,0.5304270452889015
Nairobi,Ruaraka,0.000583416833502,2008.0,1.0,2008-01,0.4862398466653101
Nairobi,Starehe,0.00136813789598,2008.0,1.0,2008-01,0.3342769062283133
Nairobi,Westlands,0.00590790301496,2008.0,1.0,2008-01,0.620243464198903
Turkana,Loima,0.792863767753,2008.0,1.0,2008-01,0.2081618504115709
Turkana,Turkana Central,0.538281501213,2008.0,1.0,2008-01,0.1169168357375698
Turkana,Turkana East,0.909087463502,2008.0,1.0,2008-01,0.1723773877036119
Turkana,Turkana North,1.66897152383,2008.0,1.0,2008-01,0.2056334883096384
Turkana,Turkana South,0.603285539944,2008.0,1.0,2008-01,0.1748105639181045
Turkana,Turkana West,1.19593592043,2008.0,1.0,2008-01,0.2350764796348909
Kiambu,Gatundu North,0.0190562071078,2008.0,2.0,2008-02,0.714215547965255
Kiambu,Gatundu South,0.018013492523,2008.0,2.0,2008-02,0.6960559895730399
Kiambu,Githunguri,0.0140557399999,2008.0,2.0,2008-02,0.6862574222939015
Kiambu,Juja,0.0303444523402,2008.0,2.0,2008-02,0.4670819581795771
Kiambu,Kabete,0.00456838148631,2008.0,2.0,2008-02,0.5798188488093069
Kiambu,Kiambaa,0.00720464174127,2008.0,2.0,2008-02,0.6534327259447202
Kiambu,Kiambu,0.00796244668767,2008.0,2.0,2008-02,0.5743107970780447
Kiambu,Kikuyu,0.0141641490709,2008.0,2.0,2008-02,0.4893960122450927
Kiambu,Lari,0.037858207576,2008.0,2.0,2008-02,0.7354059044534278
Kiambu,Limuru,0.0231553754199,2008.0,2.0,2008-02,0.6102037020268227
Kiambu,Ruiru,0.0124421280679,2008.0,2.0,2008-02,0.3498592565270891
Kiambu,Thika Town,0.0178033031507,2008.0,2.0,2008-02,0.5112445879378834
Machakos,Kangundo,0.013896319438,2008.0,2.0,2008-02,0.5939787653391371
Machakos,Kathiani,0.0167415041685,2008.0,2.0,2008-02,0.554445315590594
Machakos,Machakos Town,0.0615270519301,2008.0,2.0,2008-02,0.4748837244695706
Machakos,Masinga,0.11427469357,2008.0,2.0,2008-02,0.452156891731737
Machakos,Matungulu,0.0472449879416,2008.0,2.0,2008-02,0.4911565508553667
Machakos,Mavoko,0.0684719511619,2008.0,2.0,2008-02,0.3808997532817533
Machakos,Mwala,0.0827962943547,2008.0,2.0,2008-02,0.4541314407918678
Machakos,Yatta,0.0862109028544,2008.0,2.0,2008-02,0.4326499947689564
Nairobi,Dagoretti,0.00198642271282,2008.0,2.0,2008-02,0.499414897028362
Nairobi,Embakasi Central,0.000664901959297,2008.0,2.0,2008-02,0.2630230859642338
Nairobi,Embakasi East,0.00697580217167,2008.0,2.0,2008-02,0.2818660469178937
Nairobi,Embakasi North,0.000441181256097,2008.0,2.0,2008-02,0.3354537382758154
Nairobi,Embakasi South,0.00142609820487,2008.0,2.0,2008-02,0.2649556491218334
Nairobi,Embakasi West,0.000793166442342,2008.0,2.0,2008-02,0.3246566536887288
Nairobi,Kamukunji,0.000718135459802,2008.0,2.0,2008-02,0.3411169694717428
Nairobi,Kasarani,0.0110736011415,2008.0,2.0,2008-02,0.3258093002025858
Nairobi,Kibra,0.00100197842996,2008.0,2.0,2008-02,0.3822668595122917
Nairobi,Kilimani,0.00238546350977,2008.0,2.0,2008-02,0.4862240529533253
Nairobi,Langata,0.0170497156745,2008.0,2.0,2008-02,0.4249559014246123
Nairobi,Makadara,0.000974908477702,2008.0,2.0,2008-02,0.29296302105541
Nairobi,Mathare,0.000235884309461,2008.0,2.0,2008-02,0.3452346577068459
Nairobi,Roysambu,0.00390887981589,2008.0,2.0,2008-02,0.482949395675588
Nairobi,Ruaraka,0.000583416833502,2008.0,2.0,2008-02,0.399477138883235
Nairobi,Starehe,0.00136813789598,2008.0,2.0,2008-02,0.2824993472414988
Nairobi,Westlands,0.00590790301496,2008.0,2.0,2008-02,0.5728447619175164
Turkana,Loima,0.792863767753,2008.0,2.0,2008-02,0.1945741763463629
Turkana,Turkana Central,0.538281501213,2008.0,2.0,2008-02,0.1117573875312877
Turkana,Turkana East,0.909087463502,2008.0,2.0,2008-02,0.1606615576500437
Turkana,Turkana North,1.66897152383,2008.0,2.0,2008-02,0.1863748111883238
Turkana,Turkana South,0.603285539944,2008.0,2.0,2008-02,0.1664484176197386
Turkana,Turkana West,1.19593592043,2008.0,2.0,2008-02,0.2155079204155585
Kiambu,Gatundu North,0.0190562071078,2008.0,3.0,2008-03,0.7007117860434897
Kiambu,Gatundu South,0.018013492523,2008.0,3.0,2008-03,0.6740650557912679
Kiambu,Githunguri,0.0140557399999,2008.0,3.0,2008-03,0.660463921515644
Kiambu,Juja,0.0303444523402,2008.0,3.0,2008-03,0.4175089683217918
Kiambu,Kabete,0.00456838148631,2008.0,3.0,2008-03,0.5498035746770966
Kiambu,Kiambaa,0.00720464174127,2008.0,3.0,2008-03,0.6226343434052203
Kiambu,Kiambu,0.00796244668767,2008.0,3.0,2008-03,0.5474112737595347
Kiambu,Kikuyu,0.0141641490709,2008.0,3.0,2008-03,0.4595398489893066
Kiambu,Lari,0.037858207576,2008.0,3.0,2008-03,0.6880519554281102
Kiambu,Limuru,0.0231553754199,2008.0,3.0,2008-03,0.568833245116616
Kiambu,Ruiru,0.0124421280679,2008.0,3.0,2008-03,0.3137124252377608
Kiambu,Thika Town,0.0178033031507,2008.0,3.0,2008-03,0.4409283453621133
Machakos,Kangundo,0.013896319438,2008.0,3.0,2008-03,0.5568758968617857
Machakos,Kathiani,0.0167415041685,2008.0,3.0,2008-03,0.5314660964318383
Machakos,Machakos Town,0.0615270519301,2008.0,3.0,2008-03,0.4317437134490224
Machakos,Masinga,0.11427469357,2008.0,3.0,2008-03,0.4044648977892476
Machakos,Matungulu,0.0472449879416,2008.0,3.0,2008-03,0.4391138991772256
Machakos,Mavoko,0.0684719511619,2008.0,3.0,2008-03,0.342501610565625
Machakos,Mwala,0.0827962943547,2008.0,3.0,2008-03,0.42910549652591
Machakos,Yatta,0.0862109028544,2008.0,3.0,2008-03,0.4016826423423146
Nairobi,Dagoretti,0.00198642271282,2008.0,3.0,2008-03,0.4762687241077121
Nairobi,Embakasi Central,0.000664901959297,2008.0,3.0,2008-03,0.2570547252060582
Nairobi,Embakasi East,0.00697580217167,2008.0,3.0,2008-03,0.2931498661433398
Nairobi,Embakasi North,0.000441181256097,2008.0,3.0,2008-03,0.3222491204056902
Nairobi,Embakasi South,0.00142609820487,2008.0,3.0,2008-03,0.2641218619072723
Nairobi,Embakasi West,0.000793166442342,2008.0,3.0,2008-03,0.3003986111111112
Nairobi,Kamukunji,0.000718135459802,2008.0,3.0,2008-03,0.3230058014699807
Nairobi,Kasarani,0.0110736011415,2008.0,3.0,2008-03,0.2997991690218342
Nairobi,Kibra,0.00100197842996,2008.0,3.0,2008-03,0.3705595725145623
Nairobi,Kilimani,0.00238546350977,2008.0,3.0,2008-03,0.445230146235453
Nairobi,Langata,0.0170497156745,2008.0,3.0,2008-03,0.4025113241499489
Nairobi,Makadara,0.000974908477702,2008.0,3.0,2008-03,0.2878045410245474
Nairobi,Mathare,0.000235884309461,2008.0,3.0,2008-03,0.3280337673246536
Nairobi,Roysambu,0.00390887981589,2008.0,3.0,2008-03,0.4486527961392069
Nairobi,Ruaraka,0.000583416833502,2008.0,3.0,2008-03,0.37934605638103
Nairobi,Starehe,0.00136813789598,2008.0,3.0,2008-03,0.2732269177943557
Nairobi,Westlands,0.00590790301496,2008.0,3.0,2008-03,0.544959185142528
Turkana,Loima,0.792863767753,2008.0,3.0,2008-03,0.2085863199671306
Turkana,Turkana Central,0.538281501213,2008.0,3.0,2008-03,0.1054818215806485
Turkana,Turkana East,0.909087463502,2008.0,3.0,2008-03,0.1745244074030091
Turkana,Turkana North,1.66897152383,2008.0,3.0,2008-03,0.1880917875594602
Turkana,Turkana South,0.603285539944,2008.0,3.0,2008-03,0.1777641377215233
Turkana,Turkana West,1.19593592043,2008.0,3.0,2008-03,0.2253496741676142
Kiambu,Gatundu North,0.0190562071078,2008.0,4.0,2008-04,0.6956818798501916
Kiambu,Gatundu South,0.018013492523,2008.0,4.0,2008-04,0.6690211526425358
Kiambu,Githunguri,0.0140557399999,2008.0,4.0,2008-04,0.6339858901123326
Kiambu,Juja,0.0303444523402,2008.0,4.0,2008-04,0.5066916762652345
Kiambu,Kabete,0.00456838148631,2008.0,4.0,2008-04,0.5517154367750375
Kiambu,Kiambaa,0.00720464174127,2008.0,4.0,2008-04,0.5727582278915494
Kiambu,Kiambu,0.00796244668767,2008.0,4.0,2008-04,0.5434711944989689
Kiambu,Kikuyu,0.0141641490709,2008.0,4.0,2008-04,0.5357769225827543
Kiambu,Lari,0.037858207576,2008.0,4.0,2008-04,0.7140320487686614
Kiambu,Limuru,0.0231553754199,2008.0,4.0,2008-04,0.5999086270141348
Kiambu,Ruiru,0.0124421280679,2008.0,4.0,2008-04,0.4905763396789164
Kiambu,Thika Town,0.0178033031507,2008.0,4.0,2008-04,0.5529211557629798
Machakos,Kangundo,0.013896319438,2008.0,4.0,2008-04,0.6173934305577123
Machakos,Kathiani,0.0167415041685,2008.0,4.0,2008-04,0.5738201553671323
Machakos,Machakos Town,0.0615270519301,2008.0,4.0,2008-04,0.5274956077745656
Machakos,Masinga,0.11427469357,2008.0,4.0,2008-04,0.5155940755311866
Machakos,Matungulu,0.0472449879416,2008.0,4.0,2008-04,0.517098125261918
Machakos,Mavoko,0.0684719511619,2008.0,4.0,2008-04,0.4911505389495911
Machakos,Mwala,0.0827962943547,2008.0,4.0,2008-04,0.5830173582794764
Machakos,Yatta,0.0862109028544,2008.0,4.0,2008-04,0.5578577312643166
Nairobi,Dagoretti,0.00198642271282,2008.0,4.0,2008-04,0.4283373884639895
Nairobi,Embakasi Central,0.000664901959297,2008.0,4.0,2008-04,0.3446903844437172
Nairobi,Embakasi East,0.00697580217167,2008.0,4.0,2008-04,0.4881670173786769
Nairobi,Embakasi North,0.000441181256097,2008.0,4.0,2008-04,0.3814020486469503
Nairobi,Embakasi South,0.00142609820487,2008.0,4.0,2008-04,0.3534940949196745
Nairobi,Embakasi West,0.000793166442342,2008.0,4.0,2008-04,0.3865112171807923
Nairobi,Kamukunji,0.000718135459802,2008.0,4.0,2008-04,0.3457580105706497
Nairobi,Kasarani,0.0110736011415,2008.0,4.0,2008-04,0.5104855144686492
Nairobi,Kibra,0.00100197842996,2008.0,4.0,2008-04,0.3721092674498967
Nairobi,Kilimani,0.00238546350977,2008.0,4.0,2008-04,0.4227079579293122
Nairobi,Langata,0.0170497156745,2008.0,4.0,2008-04,0.4695058170199279
Nairobi,Makadara,0.000974908477702,2008.0,4.0,2008-04,0.3501015492071225
Nairobi,Mathare,0.000235884309461,2008.0,4.0,2008-04,0.3302418731625368
Nairobi,Roysambu,0.00390887981589,2008.0,4.0,2008-04,0.5448578835486085
Nairobi,Ruaraka,0.000583416833502,2008.0,4.0,2008-04,0.4458579754393106
Nairobi,Starehe,0.00136813789598,2008.0,4.0,2008-04,0.2717493457957434
Nairobi,Westlands,0.00590790301496,2008.0,4.0,2008-04,0.5337213385317965
Turkana,Loima,0.792863767753,2008.0,4.0,2008-04,0.2439773177617501
Turkana,Turkana Central,0.538281501213,2008.0,4.0,2008-04,0.1019891304657708
Turkana,Turkana East,0.909087463502,2008.0,4.0,2008-04,0.2286139440580569
Turkana,Turkana North,1.66897152383,2008.0,4.0,2008-04,0.2373096856982298
Turkana,Turkana South,0.603285539944,2008.0,4.0,2008-04,0.2193122145841988
Turkana,Turkana West,1.19593592043,2008.0,4.0,2008-04,0.2765964032959971
Kiambu,Gatundu North,0.0190562071078,2008.0,5.0,2008-05,0.6300768232983592
Kiambu,Gatundu South,0.018013492523,2008.0,5.0,2008-05,0.597450095309624
Kiambu,Githunguri,0.0140557399999,2008.0,5.0,2008-05,0.5450897897016733
Kiambu,Juja,0.0303444523402,2008.0,5.0,2008-05,0.4847395289237936
Kiambu,Kabete,0.00456838148631,2008.0,5.0,2008-05,0.5591889517658983
Kiambu,Kiambaa,0.00720464174127,2008.0,5.0,2008-05,0.5543464777226773
Kiambu,Kiambu,0.00796244668767,2008.0,5.0,2008-05,0.5497579895395942
Kiambu,Kikuyu,0.0141641490709,2008.0,5.0,2008-05,0.5781465580929619
Kiambu,Lari,0.037858207576,2008.0,5.0,2008-05,0.6946382325279071
Kiambu,Limuru,0.0231553754199,2008.0,5.0,2008-05,0.5776222590171551
Kiambu,Ruiru,0.0124421280679,2008.0,5.0,2008-05,0.4684613123495613
Kiambu,Thika Town,0.0178033031507,2008.0,5.0,2008-05,0.5500554639553293
Machakos,Kangundo,0.013896319438,2008.0,5.0,2008-05,0.6138835063975641
Machakos,Kathiani,0.0167415041685,2008.0,5.0,2008-05,0.5539871451392977
Machakos,Machakos Town,0.0615270519301,2008.0,5.0,2008-05,0.4978880308581781
Machakos,Masinga,0.11427469357,2008.0,5.0,2008-05,0.4662275940738011
Machakos,Matungulu,0.0472449879416,2008.0,5.0,2008-05,0.5254059617093827
Machakos,Mavoko,0.0684719511619,2008.0,5.0,2008-05,0.3880285436589179
Machakos,Mwala,0.0827962943547,2008.0,5.0,2008-05,0.5084605246158237
Machakos,Yatta,0.0862109028544,2008.0,5.0,2008-05,0.5058173465646596
Nairobi,Dagoretti,0.00198642271282,2008.0,5.0,2008-05,0.5067699803816125
Nairobi,Embakasi Central,0.000664901959297,2008.0,5.0,2008-05,0.31812819650668
Nairobi,Embakasi East,0.00697580217167,2008.0,5.0,2008-05,0.425513705986115
Nairobi,Embakasi North,0.000441181256097,2008.0,5.0,2008-05,0.3304766952385226
Nairobi,Embakasi South,0.00142609820487,2008.0,5.0,2008-05,0.3309872402264087
Nairobi,Embakasi West,0.000793166442342,2008.0,5.0,2008-05,0.3621687019566733
Nairobi,Kamukunji,0.000718135459802,2008.0,5.0,2008-05,0.3876448770886665
Nairobi,Kasarani,0.0110736011415,2008.0,5.0,2008-05,0.4485336144647189
Nairobi,Kibra,0.00100197842996,2008.0,5.0,2008-05,0.4242341080067135
Nairobi,Kilimani,0.00238546350977,2008.0,5.0,2008-05,0.4575497258603672
Nairobi,Langata,0.0170497156745,2008.0,5.0,2008-05,0.5364983342402249
Nairobi,Makadara,0.000974908477702,2008.0,5.0,2008-05,0.3689224980203445
Nairobi,Mathare,0.000235884309461,2008.0,5.0,2008-05,0.3111769046619068
Nairobi,Roysambu,0.00390887981589,2008.0,5.0,2008-05,0.4940214656638462
Nairobi,Ruaraka,0.000583416833502,2008.0,5.0,2008-05,0.3653933374041658
Nairobi,Starehe,0.00136813789598,2008.0,5.0,2008-05,0.3298706352648623
Nairobi,Westlands,0.00590790301496,2008.0,5.0,2008-05,0.5367493645330427
Turkana,Loima,0.792863767753,2008.0,5.0,2008-05,0.2395599691825499
Turkana,Turkana Central,0.538281501213,2008.0,5.0,2008-05,0.1139119465706228
Turkana,Turkana East,0.909087463502,2008.0,5.0,2008-05,0.2103989666185588
Turkana,Turkana North,1.66897152383,2008.0,5.0,2008-05,0.2186945779174933
Turkana,Turkana South,0.603285539944,2008.0,5.0,2008-05,0.1990916980304577
Turkana,Turkana West,1.19593592043,2008.0,5.0,2008-05,0.2613212092266491
Kiambu,Gatundu North,0.0190562071078,2008.0,6.0,2008-06,0.700664129809708
Kiambu,Gatundu South,0.018013492523,2008.0,6.0,2008-06,0.7110812616117441
Kiambu,Githunguri,0.0140557399999,2008.0,6.0,2008-06,0.7096989358423331
Kiambu,Juja,0.0303444523402,2008.0,6.0,2008-06,0.4805397002639357
Kiambu,Kabete,0.00456838148631,2008.0,6.0,2008-06,0.6480206142744528
Kiambu,Kiambaa,0.00720464174127,2008.0,6.0,2008-06,0.6814575088829209
Kiambu,Kiambu,0.00796244668767,2008.0,6.0,2008-06,0.639646626456632
Kiambu,Kikuyu,0.0141641490709,2008.0,6.0,2008-06,0.5363553813882431
Kiambu,Lari,0.037858207576,2008.0,6.0,2008-06,0.6691926302817566
Kiambu,Limuru,0.0231553754199,2008.0,6.0,2008-06,0.5848941999928238
Kiambu,Ruiru,0.0124421280679,2008.0,6.0,2008-06,0.3822590031860396
Kiambu,Thika Town,0.0178033031507,2008.0,6.0,2008-06,0.5024162790232516
Machakos,Kangundo,0.013896319438,2008.0,6.0,2008-06,0.5501027948865032
Machakos,Kathiani,0.0167415041685,2008.0,6.0,2008-06,0.4710298934324932
Machakos,Machakos Town,0.0615270519301,2008.0,6.0,2008-06,0.4101582607658509
Machakos,Masinga,0.11427469357,2008.0,6.0,2008-06,0.3821774758687558
Machakos,Matungulu,0.0472449879416,2008.0,6.0,2008-06,0.4391064725049153
Machakos,Mavoko,0.0684719511619,2008.0,6.0,2008-06,0.3102859017876198
Machakos,Mwala,0.0827962943547,2008.0,6.0,2008-06,0.4075945743558523
Machakos,Yatta,0.0862109028544,2008.0,6.0,2008-06,0.4084725338669923
Nairobi,Dagoretti,0.00198642271282,2008.0,6.0,2008-06,0.5776423314013706
Nairobi,Embakasi Central,0.000664901959297,2008.0,6.0,2008-06,0.284451141131312
Nairobi,Embakasi East,0.00697580217167,2008.0,6.0,2008-06,0.3293612639528552
Nairobi,Embakasi North,0.000441181256097,2008.0,6.0,2008-06,0.3247388345375397
Nairobi,Embakasi South,0.00142609820487,2008.0,6.0,2008-06,0.2752537644626951
Nairobi,Embakasi West,0.000793166442342,2008.0,6.0,2008-06,0.3162597184785863
Nairobi,Kamukunji,0.000718135459802,2008.0,6.0,2008-06,0.3195513502353618
Nairobi,Kasarani,0.0110736011415,2008.0,6.0,2008-06,0.3500940512217694
Nairobi,Kibra,0.00100197842996,2008.0,6.0,2008-06,0.4168537930694052
Nairobi,Kilimani,0.00238546350977,2008.0,6.0,2008-06,0.487831410346801
Nairobi,Langata,0.0170497156745,2008.0,6.0,2008-06,0.4848731419657761
Nairobi,Makadara,0.000974908477702,2008.0,6.0,2008-06,0.293394505695316
Nairobi,Mathare,0.000235884309461,2008.0,6.0,2008-06,0.322017383452331
Nairobi,Roysambu,0.00390887981589,2008.0,6.0,2008-06,0.5131567490484676
Nairobi,Ruaraka,0.000583416833502,2008.0,6.0,2008-06,0.4023038367596173
Nairobi,Starehe,0.00136813789598,2008.0,6.0,2008-06,0.275507257691418
Nairobi,Westlands,0.00590790301496,2008.0,6.0,2008-06,0.6050050735239951
Turkana,Loima,0.792863767753,2008.0,6.0,2008-06,0.2306601516113275
Turkana,Turkana Central,0.538281501213,2008.0,6.0,2008-06,0.1135233210500377
Turkana,Turkana East,0.909087463502,2008.0,6.0,2008-06,0.1775700484034862
Turkana,Turkana North,1.66897152383,2008.0,6.0,2008-06,0.1838986845775523
Turkana,Turkana South,0.603285539944,2008.0,6.0,2008-06,0.1757472694502337
Turkana,Turkana West,1.19593592043,2008.0,6.0,2008-06,0.2549579821537703
Kiambu,Gatundu North,0.0190562071078,2008.0,7.0,2008-07,0.5778898414825547
Kiambu,Gatundu South,0.018013492523,2008.0,7.0,2008-07,0.57556868376091
Kiambu,Githunguri,0.0140557399999,2008.0,7.0,2008-07,0.6283925572293472
Kiambu,Juja,0.0303444523402,2008.0,7.0,2008-07,0.4526730544240427
Kiambu,Kabete,0.00456838148631,2008.0,7.0,2008-07,0.62490523315748
Kiambu,Kiambaa,0.00720464174127,2008.0,7.0,2008-07,0.6648577831963133
Kiambu,Kiambu,0.00796244668767,2008.0,7.0,2008-07,0.6069176224314863
Kiambu,Kikuyu,0.0141641490709,2008.0,7.0,2008-07,0.4919423159535347
Kiambu,Lari,0.037858207576,2008.0,7.0,2008-07,0.6182608093520293
Kiambu,Limuru,0.0231553754199,2008.0,7.0,2008-07,0.5199404083539932
Kiambu,Ruiru,0.0124421280679,2008.0,7.0,2008-07,0.3669220630085502
Kiambu,Thika Town,0.0178033031507,2008.0,7.0,2008-07,0.4432780703947551
Machakos,Kangundo,0.013896319438,2008.0,7.0,2008-07,0.4817535843867845
Machakos,Kathiani,0.0167415041685,2008.0,7.0,2008-07,0.4173679770488162
Machakos,Machakos Town,0.0615270519301,2008.0,7.0,2008-07,0.3600004937546461
Machakos,Masinga,0.11427469357,2008.0,7.0,2008-07,0.3172676166361787
Machakos,Matungulu,0.0472449879416,2008.0,7.0,2008-07,0.3815386963096372
Machakos,Mavoko,0.0684719511619,2008.0,7.0,2008-07,0.2775980256618172
Machakos,Mwala,0.0827962943547,2008.0,7.0,2008-07,0.3422924017115798
Machakos,Yatta,0.0862109028544,2008.0,7.0,2008-07,0.3369020185862646
Nairobi,Dagoretti,0.00198642271282,2008.0,7.0,2008-07,0.5151252156030912
Nairobi,Embakasi Central,0.000664901959297,2008.0,7.0,2008-07,0.2681591543428454
Nairobi,Embakasi East,0.00697580217167,2008.0,7.0,2008-07,0.3067167475383983
Nairobi,Embakasi North,0.000441181256097,2008.0,7.0,2008-07,0.3279471839518912
Nairobi,Embakasi South,0.00142609820487,2008.0,7.0,2008-07,0.2449035189090201
Nairobi,Embakasi West,0.000793166442342,2008.0,7.0,2008-07,0.3095739842268142
Nairobi,Kamukunji,0.000718135459802,2008.0,7.0,2008-07,0.334888913205054
Nairobi,Kasarani,0.0110736011415,2008.0,7.0,2008-07,0.3294511891661094
Nairobi,Kibra,0.00100197842996,2008.0,7.0,2008-07,0.4024681715865336
Nairobi,Kilimani,0.00238546350977,2008.0,7.0,2008-07,0.472076426065246
Nairobi,Langata,0.0170497156745,2008.0,7.0,2008-07,0.4131561137415465
Nairobi,Makadara,0.000974908477702,2008.0,7.0,2008-07,0.3055731568902156
Nairobi,Mathare,0.000235884309461,2008.0,7.0,2008-07,0.3536698362032759
Nairobi,Roysambu,0.00390887981589,2008.0,7.0,2008-07,0.5322517578045918
Nairobi,Ruaraka,0.000583416833502,2008.0,7.0,2008-07,0.3973547085962415
Nairobi,Starehe,0.00136813789598,2008.0,7.0,2008-07,0.2886378484270183
Nairobi,Westlands,0.00590790301496,2008.0,7.0,2008-07,0.5854595741902651
Turkana,Loima,0.792863767753,2008.0,7.0,2008-07,0.2408102257593068
Turkana,Turkana Central,0.538281501213,2008.0,7.0,2008-07,0.1103961324008531
Turkana,Turkana East,0.909087463502,2008.0,7.0,2008-07,0.214461978706807
Turkana,Turkana North,1.66897152383,2008.0,7.0,2008-07,0.1822383521443703
Turkana,Turkana South,0.603285539944,2008.0,7.0,2008-07,0.1935621277630303
Turkana,Turkana West,1.19593592043,2008.0,7.0,2008-07,0.2816850656761941
Kiambu,Gatundu North,0.0190562071078,2008.0,8.0,2008-08,0.4475218296510975
Kiambu,Gatundu South,0.018013492523,2008.0,8.0,2008-08,0.4567894876668459
Kiambu,Githunguri,0.0140557399999,2008.0,8.0,2008-08,0.4775515887424323
Kiambu,Juja,0.0303444523402,2008.0,8.0,2008-08,0.3220623527540555
Kiambu,Kabete,0.00456838148631,2008.0,8.0,2008-08,0.4610784653100825
Kiambu,Kiambaa,0.00720464174127,2008.0,8.0,2008-08,0.4263026847839816
Kiambu,Kiambu,0.00796244668767,2008.0,8.0,2008-08,0.4129821995428239
Kiambu,Kikuyu,0.0141641490709,2008.0,8.0,2008-08,0.3876482592501565
Kiambu,Lari,0.037858207576,2008.0,8.0,2008-08,0.5677190831109205
Kiambu,Limuru,0.0231553754199,2008.0,8.0,2008-08,0.4294417610340658
Kiambu,Ruiru,0.0124421280679,2008.0,8.0,2008-08,0.293879080802043
Kiambu,Thika Town,0.0178033031507,2008.0,8.0,2008-08,0.3134641981831825
Machakos,Kangundo,0.013896319438,2008.0,8.0,2008-08,0.3702194052806059
Machakos,Kathiani,0.0167415041685,2008.0,8.0,2008-08,0.3246018500729043
Machakos,Machakos Town,0.0615270519301,2008.0,8.0,2008-08,0.2918179024758613
Machakos,Masinga,0.11427469357,2008.0,8.0,2008-08,0.2793801137757708
Machakos,Matungulu,0.0472449879416,2008.0,8.0,2008-08,0.3032040287788761
Machakos,Mavoko,0.0684719511619,2008.0,8.0,2008-08,0.2337724044318865
Machakos,Mwala,0.0827962943547,2008.0,8.0,2008-08,0.2862195835415751
Machakos,Yatta,0.0862109028544,2008.0,8.0,2008-08,0.2904490610506368
Nairobi,Dagoretti,0.00198642271282,2008.0,8.0,2008-08,0.4044525907225942
Nairobi,Embakasi Central,0.000664901959297,2008.0,8.0,2008-08,0.204725176302556
Nairobi,Embakasi East,0.00697580217167,2008.0,8.0,2008-08,0.2446094400140668
Nairobi,Embakasi North,0.000441181256097,2008.0,8.0,2008-08,0.2922764349504105
Nairobi,Embakasi South,0.00142609820487,2008.0,8.0,2008-08,0.1929507144640824
Nairobi,Embakasi West,0.000793166442342,2008.0,8.0,2008-08,0.2354780410801636
Nairobi,Kamukunji,0.000718135459802,2008.0,8.0,2008-08,0.2434141795358823
Nairobi,Kasarani,0.0110736011415,2008.0,8.0,2008-08,0.2527614537964348
Nairobi,Kibra,0.00100197842996,2008.0,8.0,2008-08,0.3013592871951824
Nairobi,Kilimani,0.00238546350977,2008.0,8.0,2008-08,0.3501523424215527
Nairobi,Langata,0.0170497156745,2008.0,8.0,2008-08,0.319952131116729
Nairobi,Makadara,0.000974908477702,2008.0,8.0,2008-08,0.222573664494122
Nairobi,Mathare,0.000235884309461,2008.0,8.0,2008-08,0.2417951532969341
Nairobi,Roysambu,0.00390887981589,2008.0,8.0,2008-08,0.3882248494250315
Nairobi,Ruaraka,0.000583416833502,2008.0,8.0,2008-08,0.3032823987380421
Nairobi,Starehe,0.00136813789598,2008.0,8.0,2008-08,0.1823794507575756
Nairobi,Westlands,0.00590790301496,2008.0,8.0,2008-08,0.3988881621679534
Turkana,Loima,0.792863767753,2008.0,8.0,2008-08,0.2321826140424642
Turkana,Turkana Central,0.538281501213,2008.0,8.0,2008-08,0.1104834934245133
Turkana,Turkana East,0.909087463502,2008.0,8.0,2008-08,0.2070751671709893
Turkana,Turkana North,1.66897152383,2008.0,8.0,2008-08,0.1785234721623905
Turkana,Turkana South,0.603285539944,2008.0,8.0,2008-08,0.188329538212953
Turkana,Turkana West,1.19593592043,2008.0,8.0,2008-08,0.2893257704235889
Kiambu,Gatundu North,0.0190562071078,2008.0,9.0,2008-09,0.6967233849303073
Kiambu,Gatundu South,0.018013492523,2008.0,9.0,2008-09,0.6616535714756295
Kiambu,Githunguri,0.0140557399999,2008.0,9.0,2008-09,0.6622100622465035
Kiambu,Juja,0.0303444523402,2008.0,9.0,2008-09,0.3765293335171568
Kiambu,Kabete,0.00456838148631,2008.0,9.0,2008-09,0.6104062217919729
Kiambu,Kiambaa,0.00720464174127,2008.0,9.0,2008-09,0.6060980506999242
Kiambu,Kiambu,0.00796244668767,2008.0,9.0,2008-09,0.5741593813203478
Kiambu,Kikuyu,0.0141641490709,2008.0,9.0,2008-09,0.4747659909614248
Kiambu,Lari,0.037858207576,2008.0,9.0,2008-09,0.6922637666601174
Kiambu,Limuru,0.0231553754199,2008.0,9.0,2008-09,0.5503202495382711
Kiambu,Ruiru,0.0124421280679,2008.0,9.0,2008-09,0.3133317929900762
Kiambu,Thika Town,0.0178033031507,2008.0,9.0,2008-09,0.3665860436703057
Machakos,Kangundo,0.013896319438,2008.0,9.0,2008-09,0.3512357887102814
Machakos,Kathiani,0.0167415041685,2008.0,9.0,2008-09,0.3193210292703216
Machakos,Machakos Town,0.0615270519301,2008.0,9.0,2008-09,0.2875709792117353
Machakos,Masinga,0.11427469357,2008.0,9.0,2008-09,0.2744480149142476
Machakos,Matungulu,0.0472449879416,2008.0,9.0,2008-09,0.3046519215222811
Machakos,Mavoko,0.0684719511619,2008.0,9.0,2008-09,0.2455014395484683
Machakos,Mwala,0.0827962943547,2008.0,9.0,2008-09,0.2730564394898613
Machakos,Yatta,0.0862109028544,2008.0,9.0,2008-09,0.2756032101858509
Nairobi,Dagoretti,0.00198642271282,2008.0,9.0,2008-09,0.5042301625239007
Nairobi,Embakasi Central,0.000664901959297,2008.0,9.0,2008-09,0.21025636474544
Nairobi,Embakasi East,0.00697580217167,2008.0,9.0,2008-09,0.2382307467613492
Nairobi,Embakasi North,0.000441181256097,2008.0,9.0,2008-09,0.2833254207243189
Nairobi,Embakasi South,0.00142609820487,2008.0,9.0,2008-09,0.2211027753114506
Nairobi,Embakasi West,0.000793166442342,2008.0,9.0,2008-09,0.242167188279924
Nairobi,Kamukunji,0.000718135459802,2008.0,9.0,2008-09,0.2648931414650259
Nairobi,Kasarani,0.0110736011415,2008.0,9.0,2008-09,0.2626452387800532
Nairobi,Kibra,0.00100197842996,2008.0,9.0,2008-09,0.4023713900681218
Nairobi,Kilimani,0.00238546350977,2008.0,9.0,2008-09,0.4513669614047897
Nairobi,Langata,0.0170497156745,2008.0,9.0,2008-09,0.3853544346394505
Nairobi,Makadara,0.000974908477702,2008.0,9.0,2008-09,0.2544588109886095
Nairobi,Mathare,0.000235884309461,2008.0,9.0,2008-09,0.2966833767324653
Nairobi,Roysambu,0.00390887981589,2008.0,9.0,2008-09,0.4595383136109651
Nairobi,Ruaraka,0.000583416833502,2008.0,9.0,2008-09,0.3378870157405523
Nairobi,Starehe,0.00136813789598,2008.0,9.0,2008-09,0.2596466031980107
Nairobi,Westlands,0.00590790301496,2008.0,9.0,2008-09,0.5541432179470868
Turkana,Loima,0.792863767753,2008.0,9.0,2008-09,0.2290727694506232
Turkana,Turkana Central,0.538281501213,2008.0,9.0,2008-09,0.1115006150643443
Turkana,Turkana East,0.909087463502,2008.0,9.0,2008-09,0.2054291253968229
Turkana,Turkana North,1.66897152383,2008.0,9.0,2008-09,0.1911844143880763
Turkana,Turkana South,0.603285539944,2008.0,9.0,2008-09,0.1776569424837747
Turkana,Turkana West,1.19593592043,2008.0,9.0,2008-09,0.2927766930675114
Kiambu,Gatundu North,0.0190562071078,2008.0,10.0,2008-10,0.7108778510511085
Kiambu,Gatundu South,0.018013492523,2008.0,10.0,2008-10,0.6845551696687002
Kiambu,Githunguri,0.0140557399999,2008.0,10.0,2008-10,0.6866348339764873
Kiambu,Juja,0.0303444523402,2008.0,10.0,2008-10,0.4480855325298568
Kiambu,Kabete,0.00456838148631,2008.0,10.0,2008-10,0.6686497871133174
Kiambu,Kiambaa,0.00720464174127,2008.0,10.0,2008-10,0.6470436042967536
Kiambu,Kiambu,0.00796244668767,2008.0,10.0,2008-10,0.6297011091509923
Kiambu,Kikuyu,0.0141641490709,2008.0,10.0,2008-10,0.5131838695914485
Kiambu,Lari,0.037858207576,2008.0,10.0,2008-10,0.727294510155434
Kiambu,Limuru,0.0231553754199,2008.0,10.0,2008-10,0.5858956494607043
Kiambu,Ruiru,0.0124421280679,2008.0,10.0,2008-10,0.3950582934813371
Kiambu,Thika Town,0.0178033031507,2008.0,10.0,2008-10,0.4049426919465503
Machakos,Kangundo,0.013896319438,2008.0,10.0,2008-10,0.4178167528785123
Machakos,Kathiani,0.0167415041685,2008.0,10.0,2008-10,0.3821080742108763
Machakos,Machakos Town,0.0615270519301,2008.0,10.0,2008-10,0.3242908469812278
Machakos,Masinga,0.11427469357,2008.0,10.0,2008-10,0.3758880591663713
Machakos,Matungulu,0.0472449879416,2008.0,10.0,2008-10,0.3447434580828236
Machakos,Mavoko,0.0684719511619,2008.0,10.0,2008-10,0.3061730601035753
Machakos,Mwala,0.0827962943547,2008.0,10.0,2008-10,0.315865393884723
Machakos,Yatta,0.0862109028544,2008.0,10.0,2008-10,0.3380182049605426
Nairobi,Dagoretti,0.00198642271282,2008.0,10.0,2008-10,0.5620616580027095
Nairobi,Embakasi Central,0.000664901959297,2008.0,10.0,2008-10,0.2883478754426162
Nairobi,Embakasi East,0.00697580217167,2008.0,10.0,2008-10,0.3470872735496967
Nairobi,Embakasi North,0.000441181256097,2008.0,10.0,2008-10,0.3318335390207781
Nairobi,Embakasi South,0.00142609820487,2008.0,10.0,2008-10,0.2970721005244026
Nairobi,Embakasi West,0.000793166442342,2008.0,10.0,2008-10,0.3465932452331035
Nairobi,Kamukunji,0.000718135459802,2008.0,10.0,2008-10,0.3720073967021774
Nairobi,Kasarani,0.0110736011415,2008.0,10.0,2008-10,0.32194835158452
Nairobi,Kibra,0.00100197842996,2008.0,10.0,2008-10,0.430209482673512
Nairobi,Kilimani,0.00238546350977,2008.0,10.0,2008-10,0.4967389597624396
Nairobi,Langata,0.0170497156745,2008.0,10.0,2008-10,0.4751476885298972
Nairobi,Makadara,0.000974908477702,2008.0,10.0,2008-10,0.3371624484782035
Nairobi,Mathare,0.000235884309461,2008.0,10.0,2008-10,0.3524232927341452
Nairobi,Roysambu,0.00390887981589,2008.0,10.0,2008-10,0.54891563626149
Nairobi,Ruaraka,0.000583416833502,2008.0,10.0,2008-10,0.4192905743266166
Nairobi,Starehe,0.00136813789598,2008.0,10.0,2008-10,0.298866550283368
Nairobi,Westlands,0.00590790301496,2008.0,10.0,2008-10,0.5957362093960719
Turkana,Loima,0.792863767753,2008.0,10.0,2008-10,0.2807223458257492
Turkana,Turkana Central,0.538281501213,2008.0,10.0,2008-10,0.1335407139812392
Turkana,Turkana East,0.909087463502,2008.0,10.0,2008-10,0.2660706487547393
Turkana,Turkana North,1.66897152383,2008.0,10.0,2008-10,0.2705705709146482
Turkana,Turkana South,0.603285539944,2008.0,10.0,2008-10,0.2587167087431512
Turkana,Turkana West,1.19593592043,2008.0,10.0,2008-10,0.3807988348983933
Kiambu,Gatundu North,0.0190562071078,2008.0,11.0,2008-11,0.7623716864030627
Kiambu,Gatundu South,0.018013492523,2008.0,11.0,2008-11,0.7494366801505619
Kiambu,Githunguri,0.0140557399999,2008.0,11.0,2008-11,0.7411292389685897
Kiambu,Juja,0.0303444523402,2008.0,11.0,2008-11,0.5635077746771185
Kiambu,Kabete,0.00456838148631,2008.0,11.0,2008-11,0.6959292878366551
Kiambu,Kiambaa,0.00720464174127,2008.0,11.0,2008-11,0.7124529801033539
Kiambu,Kiambu,0.00796244668767,2008.0,11.0,2008-11,0.6961621927100164
Kiambu,Kikuyu,0.0141641490709,2008.0,11.0,2008-11,0.5986089383025037
Kiambu,Lari,0.037858207576,2008.0,11.0,2008-11,0.7583025107479598
Kiambu,Limuru,0.0231553754199,2008.0,11.0,2008-11,0.6349228129629028
Kiambu,Ruiru,0.0124421280679,2008.0,11.0,2008-11,0.5164802196841302
Kiambu,Thika Town,0.0178033031507,2008.0,11.0,2008-11,0.5588392734002465
Machakos,Kangundo,0.013896319438,2008.0,11.0,2008-11,0.5658880983526741
Machakos,Kathiani,0.0167415041685,2008.0,11.0,2008-11,0.5357279627752216
Machakos,Machakos Town,0.0615270519301,2008.0,11.0,2008-11,0.4394285136115664
Machakos,Masinga,0.11427469357,2008.0,11.0,2008-11,0.4810500064048383
Machakos,Matungulu,0.0472449879416,2008.0,11.0,2008-11,0.5039469017975599
Machakos,Mavoko,0.0684719511619,2008.0,11.0,2008-11,0.413182538743908
Machakos,Mwala,0.0827962943547,2008.0,11.0,2008-11,0.4835031667209741
Machakos,Yatta,0.0862109028544,2008.0,11.0,2008-11,0.4879441187584518
Nairobi,Dagoretti,0.00198642271282,2008.0,11.0,2008-11,0.6097847803138936
Nairobi,Embakasi Central,0.000664901959297,2008.0,11.0,2008-11,0.3670230487696017
Nairobi,Embakasi East,0.00697580217167,2008.0,11.0,2008-11,0.4532647670553807
Nairobi,Embakasi North,0.000441181256097,2008.0,11.0,2008-11,0.3904308755553557
Nairobi,Embakasi South,0.00142609820487,2008.0,11.0,2008-11,0.3591418731444743
Nairobi,Embakasi West,0.000793166442342,2008.0,11.0,2008-11,0.4161016347209743
Nairobi,Kamukunji,0.000718135459802,2008.0,11.0,2008-11,0.4524502298565802
Nairobi,Kasarani,0.0110736011415,2008.0,11.0,2008-11,0.4612549435295713
Nairobi,Kibra,0.00100197842996,2008.0,11.0,2008-11,0.4730430684174155
Nairobi,Kilimani,0.00238546350977,2008.0,11.0,2008-11,0.5491518965817569
Nairobi,Langata,0.0170497156745,2008.0,11.0,2008-11,0.5971830759038844
Nairobi,Makadara,0.000974908477702,2008.0,11.0,2008-11,0.3994239264177381
Nairobi,Mathare,0.000235884309461,2008.0,11.0,2008-11,0.3902043847123059
Nairobi,Roysambu,0.00390887981589,2008.0,11.0,2008-11,0.5966823020002436
Nairobi,Ruaraka,0.000583416833502,2008.0,11.0,2008-11,0.4953753986023479
Nairobi,Starehe,0.00136813789598,2008.0,11.0,2008-11,0.3515570321535968
Nairobi,Westlands,0.00590790301496,2008.0,11.0,2008-11,0.6588219510643574
Turkana,Loima,0.792863767753,2008.0,11.0,2008-11,0.2971029628083883
Turkana,Turkana Central,0.538281501213,2008.0,11.0,2008-11,0.1511838933341825
Turkana,Turkana East,0.909087463502,2008.0,11.0,2008-11,0.2953454578765069
Turkana,Turkana North,1.66897152383,2008.0,11.0,2008-11,0.2899594982569055
Turkana,Turkana South,0.603285539944,2008.0,11.0,2008-11,0.2796638226683656
Turkana,Turkana West,1.19593592043,2008.0,11.0,2008-11,0.3674760248030499
Kiambu,Gatundu North,0.0190562071078,2008.0,12.0,2008-12,0.7549755627675522
Kiambu,Gatundu South,0.018013492523,2008.0,12.0,2008-12,0.7392284356484351
Kiambu,Githunguri,0.0140557399999,2008.0,12.0,2008-12,0.729994011782222
Kiambu,Juja,0.0303444523402,2008.0,12.0,2008-12,0.4928344628028597
Kiambu,Kabete,0.00456838148631,2008.0,12.0,2008-12,0.6740953836291654
Kiambu,Kiambaa,0.00720464174127,2008.0,12.0,2008-12,0.7119124185160165
Kiambu,Kiambu,0.00796244668767,2008.0,12.0,2008-12,0.6695037010211937
Kiambu,Kikuyu,0.0141641490709,2008.0,12.0,2008-12,0.543268069400958
Kiambu,Lari,0.037858207576,2008.0,12.0,2008-12,0.7402989380579066
Kiambu,Limuru,0.0231553754199,2008.0,12.0,2008-12,0.5770576558471627
Kiambu,Ruiru,0.0124421280679,2008.0,12.0,2008-12,0.3965003926110581
Kiambu,Thika Town,0.0178033031507,2008.0,12.0,2008-12,0.5223916180792836
Machakos,Kangundo,0.013896319438,2008.0,12.0,2008-12,0.5972010319799907
Machakos,Kathiani,0.0167415041685,2008.0,12.0,2008-12,0.5506663613440806
Machakos,Machakos Town,0.0615270519301,2008.0,12.0,2008-12,0.4226610211271113
Machakos,Masinga,0.11427469357,2008.0,12.0,2008-12,0.3893963141933942
Machakos,Matungulu,0.0472449879416,2008.0,12.0,2008-12,0.4687816522001968
Machakos,Mavoko,0.0684719511619,2008.0,12.0,2008-12,0.3100626081242969
Machakos,Mwala,0.0827962943547,2008.0,12.0,2008-12,0.4678385965769387
Machakos,Yatta,0.0862109028544,2008.0,12.0,2008-12,0.4392097203227176
Nairobi,Dagoretti,0.00198642271282,2008.0,12.0,2008-12,0.5795804060109934
Nairobi,Embakasi Central,0.000664901959297,2008.0,12.0,2008-12,0.2863574195852053
Nairobi,Embakasi East,0.00697580217167,2008.0,12.0,2008-12,0.3258994752081589
Nairobi,Embakasi North,0.000441181256097,2008.0,12.0,2008-12,0.3352126060225282
Nairobi,Embakasi South,0.00142609820487,2008.0,12.0,2008-12,0.2724917031991344
Nairobi,Embakasi West,0.000793166442342,2008.0,12.0,2008-12,0.3467095038434658
Nairobi,Kamukunji,0.000718135459802,2008.0,12.0,2008-12,0.3638099966966718
Nairobi,Kasarani,0.0110736011415,2008.0,12.0,2008-12,0.3393006646574792
Nairobi,Kibra,0.00100197842996,2008.0,12.0,2008-12,0.4328706515944323
Nairobi,Kilimani,0.00238546350977,2008.0,12.0,2008-12,0.5348512408862047
Nairobi,Langata,0.0170497156745,2008.0,12.0,2008-12,0.4994957394488349
Nairobi,Makadara,0.000974908477702,2008.0,12.0,2008-12,0.3311501949199
Nairobi,Mathare,0.000235884309461,2008.0,12.0,2008-12,0.3601639731205378
Nairobi,Roysambu,0.00390887981589,2008.0,12.0,2008-12,0.540014260335263
Nairobi,Ruaraka,0.000583416833502,2008.0,12.0,2008-12,0.4247675656421741
Nairobi,Starehe,0.00136813789598,2008.0,12.0,2008-12,0.3148300232766596
Nairobi,Westlands,0.00590790301496,2008.0,12.0,2008-12,0.6451838083153096
Turkana,Loima,0.792863767753,2008.0,12.0,2008-12,0.2416600986777064
Turkana,Turkana Central,0.538281501213,2008.0,12.0,2008-12,0.1338148926497049
Turkana,Turkana East,0.909087463502,2008.0,12.0,2008-12,0.2183643804566395
Turkana,Turkana North,1.66897152383,2008.0,12.0,2008-12,0.2197725628014852
Turkana,Turkana South,0.603285539944,2008.0,12.0,2008-12,0.2148472303878386
Turkana,Turkana West,1.19593592043,2008.0,12.0,2008-12,0.2814939415769963
Kiambu,Gatundu North,0.0190562071078,2009.0,1.0,2009-01,0.716186979687844
Kiambu,Gatundu South,0.018013492523,2009.0,1.0,2009-01,0.6968075337426815
Kiambu,Githunguri,0.0140557399999,2009.0,1.0,2009-01,0.6749449630714847
Kiambu,Juja,0.0303444523402,2009.0,1.0,2009-01,0.4324039407906875
Kiambu,Kabete,0.00456838148631,2009.0,1.0,2009-01,0.5857628435856789
Kiambu,Kiambaa,0.00720464174127,2009.0,1.0,2009-01,0.6420249743260237
Kiambu,Kiambu,0.00796244668767,2009.0,1.0,2009-01,0.5917108352175322
Kiambu,Kikuyu,0.0141641490709,2009.0,1.0,2009-01,0.4488477698933856
Kiambu,Lari,0.037858207576,2009.0,1.0,2009-01,0.6882702528460927
Kiambu,Limuru,0.0231553754199,2009.0,1.0,2009-01,0.5092820791780641
Kiambu,Ruiru,0.0124421280679,2009.0,1.0,2009-01,0.3438897995052419
Kiambu,Thika Town,0.0178033031507,2009.0,1.0,2009-01,0.4632562274078381
Machakos,Kangundo,0.013896319438,2009.0,1.0,2009-01,0.5442625798361086
Machakos,Kathiani,0.0167415041685,2009.0,1.0,2009-01,0.4841697802126385
Machakos,Machakos Town,0.0615270519301,2009.0,1.0,2009-01,0.3705679860301371
Machakos,Masinga,0.11427469357,2009.0,1.0,2009-01,0.3555402314709559
Machakos,Matungulu,0.0472449879416,2009.0,1.0,2009-01,0.4251595073445955
Machakos,Mavoko,0.0684719511619,2009.0,1.0,2009-01,0.2667913400898589
Machakos,Mwala,0.0827962943547,2009.0,1.0,2009-01,0.4085814819663615
Machakos,Yatta,0.0862109028544,2009.0,1.0,2009-01,0.3848955951516489
Nairobi,Dagoretti,0.00198642271282,2009.0,1.0,2009-01,0.4949018776888149
Nairobi,Embakasi Central,0.000664901959297,2009.0,1.0,2009-01,0.2422885916624511
Nairobi,Embakasi East,0.00697580217167,2009.0,1.0,2009-01,0.2744837138700455
Nairobi,Embakasi North,0.000441181256097,2009.0,1.0,2009-01,0.2982599133868867
Nairobi,Embakasi South,0.00142609820487,2009.0,1.0,2009-01,0.229484052884215
Nairobi,Embakasi West,0.000793166442342,2009.0,1.0,2009-01,0.2942552423380252
Nairobi,Kamukunji,0.000718135459802,2009.0,1.0,2009-01,0.3060650934566576
Nairobi,Kasarani,0.0110736011415,2009.0,1.0,2009-01,0.2985350657958203
Nairobi,Kibra,0.00100197842996,2009.0,1.0,2009-01,0.3980161980452169
Nairobi,Kilimani,0.00238546350977,2009.0,1.0,2009-01,0.504824636070306
Nairobi,Langata,0.0170497156745,2009.0,1.0,2009-01,0.4257542231346562
Nairobi,Makadara,0.000974908477702,2009.0,1.0,2009-01,0.2790871484842948
Nairobi,Mathare,0.000235884309461,2009.0,1.0,2009-01,0.3190818479630406
Nairobi,Roysambu,0.00390887981589,2009.0,1.0,2009-01,0.4680134527979109
Nairobi,Ruaraka,0.000583416833502,2009.0,1.0,2009-01,0.376237826514689
Nairobi,Starehe,0.00136813789598,2009.0,1.0,2009-01,0.283312599757113
Nairobi,Westlands,0.00590790301496,2009.0,1.0,2009-01,0.593131136876502
Turkana,Loima,0.792863767753,2009.0,1.0,2009-01,0.2121530990515277
Turkana,Turkana Central,0.538281501213,2009.0,1.0,2009-01,0.1224998063310962
Turkana,Turkana East,0.909087463502,2009.0,1.0,2009-01,0.1753029346987371
Turkana,Turkana North,1.66897152383,2009.0,1.0,2009-01,0.1989602767311675
Turkana,Turkana South,0.603285539944,2009.0,1.0,2009-01,0.1786052819852802
Turkana,Turkana West,1.19593592043,2009.0,1.0,2009-01,0.2425945156175022
Kiambu,Gatundu North,0.0190562071078,2009.0,2.0,2009-02,0.6724807029845417
Kiambu,Gatundu South,0.018013492523,2009.0,2.0,2009-02,0.6492349294401326
Kiambu,Githunguri,0.0140557399999,2009.0,2.0,2009-02,0.6231077328931184
Kiambu,Juja,0.0303444523402,2009.0,2.0,2009-02,0.4140186603332412
Kiambu,Kabete,0.00456838148631,2009.0,2.0,2009-02,0.5235875193828672
Kiambu,Kiambaa,0.00720464174127,2009.0,2.0,2009-02,0.5840337467255384
Kiambu,Kiambu,0.00796244668767,2009.0,2.0,2009-02,0.5414815350212444
Kiambu,Kikuyu,0.0141641490709,2009.0,2.0,2009-02,0.4107169147899139
Kiambu,Lari,0.037858207576,2009.0,2.0,2009-02,0.6477199989602124
Kiambu,Limuru,0.0231553754199,2009.0,2.0,2009-02,0.4761446975146118
Kiambu,Ruiru,0.0124421280679,2009.0,2.0,2009-02,0.3730486114334954
Kiambu,Thika Town,0.0178033031507,2009.0,2.0,2009-02,0.4471514990693668
Machakos,Kangundo,0.013896319438,2009.0,2.0,2009-02,0.5061331050641046
Machakos,Kathiani,0.0167415041685,2009.0,2.0,2009-02,0.4509891191608834
Machakos,Machakos Town,0.0615270519301,2009.0,2.0,2009-02,0.3712052279449995
Machakos,Masinga,0.11427469357,2009.0,2.0,2009-02,0.3395933624536418
Machakos,Matungulu,0.0472449879416,2009.0,2.0,2009-02,0.4511300389093823
Machakos,Mavoko,0.0684719511619,2009.0,2.0,2009-02,0.2990011851171163
Machakos,Mwala,0.0827962943547,2009.0,2.0,2009-02,0.3472875392632887
Machakos,Yatta,0.0862109028544,2009.0,2.0,2009-02,0.3393321004016205
Nairobi,Dagoretti,0.00198642271282,2009.0,2.0,2009-02,0.4670606357552577
Nairobi,Embakasi Central,0.000664901959297,2009.0,2.0,2009-02,0.2474594489243312
Nairobi,Embakasi East,0.00697580217167,2009.0,2.0,2009-02,0.3015162204778008
Nairobi,Embakasi North,0.000441181256097,2009.0,2.0,2009-02,0.2962977942826368
Nairobi,Embakasi South,0.00142609820487,2009.0,2.0,2009-02,0.2411420632057933
Nairobi,Embakasi West,0.000793166442342,2009.0,2.0,2009-02,0.2948876484975541
Nairobi,Kamukunji,0.000718135459802,2009.0,2.0,2009-02,0.3175037121149557
Nairobi,Kasarani,0.0110736011415,2009.0,2.0,2009-02,0.3501201680357009
Nairobi,Kibra,0.00100197842996,2009.0,2.0,2009-02,0.3829602231217299
Nairobi,Kilimani,0.00238546350977,2009.0,2.0,2009-02,0.4653250474871221
Nairobi,Langata,0.0170497156745,2009.0,2.0,2009-02,0.3949023519611467
Nairobi,Makadara,0.000974908477702,2009.0,2.0,2009-02,0.2852142514872794
Nairobi,Mathare,0.000235884309461,2009.0,2.0,2009-02,0.3141380932381354
Nairobi,Roysambu,0.00390887981589,2009.0,2.0,2009-02,0.450376229653399
Nairobi,Ruaraka,0.000583416833502,2009.0,2.0,2009-02,0.3642849667548682
Nairobi,Starehe,0.00136813789598,2009.0,2.0,2009-02,0.2736365682107332
Nairobi,Westlands,0.00590790301496,2009.0,2.0,2009-02,0.5536801408205494
Turkana,Loima,0.792863767753,2009.0,2.0,2009-02,0.2066559250430107
Turkana,Turkana Central,0.538281501213,2009.0,2.0,2009-02,0.1134910378374935
Turkana,Turkana East,0.909087463502,2009.0,2.0,2009-02,0.1609522978071567
Turkana,Turkana North,1.66897152383,2009.0,2.0,2009-02,0.1865522331300236
Turkana,Turkana South,0.603285539944,2009.0,2.0,2009-02,0.1660592803555741
Turkana,Turkana West,1.19593592043,2009.0,2.0,2009-02,0.2344211354790069
Kiambu,Gatundu North,0.0190562071078,2009.0,3.0,2009-03,0.6564187550084905
Kiambu,Gatundu South,0.018013492523,2009.0,3.0,2009-03,0.6344878409405347
Kiambu,Githunguri,0.0140557399999,2009.0,3.0,2009-03,0.5936274209006395
Kiambu,Juja,0.0303444523402,2009.0,3.0,2009-03,0.3959327714667329
Kiambu,Kabete,0.00456838148631,2009.0,3.0,2009-03,0.4731085880177072
Kiambu,Kiambaa,0.00720464174127,2009.0,3.0,2009-03,0.5382857528653254
Kiambu,Kiambu,0.00796244668767,2009.0,3.0,2009-03,0.4987865787512106
Kiambu,Kikuyu,0.0141641490709,2009.0,3.0,2009-03,0.3638623498342277
Kiambu,Lari,0.037858207576,2009.0,3.0,2009-03,0.6322574043081693
Kiambu,Limuru,0.0231553754199,2009.0,3.0,2009-03,0.4382997260383967
Kiambu,Ruiru,0.0124421280679,2009.0,3.0,2009-03,0.3175835333087439
Kiambu,Thika Town,0.0178033031507,2009.0,3.0,2009-03,0.3972336604717058
Machakos,Kangundo,0.013896319438,2009.0,3.0,2009-03,0.4815161660021673
Machakos,Kathiani,0.0167415041685,2009.0,3.0,2009-03,0.4343930738209516
Machakos,Machakos Town,0.0615270519301,2009.0,3.0,2009-03,0.3323607722646093
Machakos,Masinga,0.11427469357,2009.0,3.0,2009-03,0.3127574901611286
Machakos,Matungulu,0.0472449879416,2009.0,3.0,2009-03,0.4017329351129334
Machakos,Mavoko,0.0684719511619,2009.0,3.0,2009-03,0.2679494016277245
Machakos,Mwala,0.0827962943547,2009.0,3.0,2009-03,0.3113381483041429
Machakos,Yatta,0.0862109028544,2009.0,3.0,2009-03,0.3002764433951765
Nairobi,Dagoretti,0.00198642271282,2009.0,3.0,2009-03,0.4139433312420331
Nairobi,Embakasi Central,0.000664901959297,2009.0,3.0,2009-03,0.2157182476864937
Nairobi,Embakasi East,0.00697580217167,2009.0,3.0,2009-03,0.2424464611645529
Nairobi,Embakasi North,0.000441181256097,2009.0,3.0,2009-03,0.2693381703540816
Nairobi,Embakasi South,0.00142609820487,2009.0,3.0,2009-03,0.211785212674454
Nairobi,Embakasi West,0.000793166442342,2009.0,3.0,2009-03,0.2556828241988619
Nairobi,Kamukunji,0.000718135459802,2009.0,3.0,2009-03,0.2622654692102291
Nairobi,Kasarani,0.0110736011415,2009.0,3.0,2009-03,0.2828916835190668
Nairobi,Kibra,0.00100197842996,2009.0,3.0,2009-03,0.3355455020238919
Nairobi,Kilimani,0.00238546350977,2009.0,3.0,2009-03,0.4265657852171962
Nairobi,Langata,0.0170497156745,2009.0,3.0,2009-03,0.3500387837488214
Nairobi,Makadara,0.000974908477702,2009.0,3.0,2009-03,0.2415402783699824
Nairobi,Mathare,0.000235884309461,2009.0,3.0,2009-03,0.2722863712725747
Nairobi,Roysambu,0.00390887981589,2009.0,3.0,2009-03,0.4095163182775234
Nairobi,Ruaraka,0.000583416833502,2009.0,3.0,2009-03,0.3176407100210326
Nairobi,Starehe,0.00136813789598,2009.0,3.0,2009-03,0.2460187456627339
Nairobi,Westlands,0.00590790301496,2009.0,3.0,2009-03,0.5063217173678677
Turkana,Loima,0.792863767753,2009.0,3.0,2009-03,0.1886736998739337
Turkana,Turkana Central,0.538281501213,2009.0,3.0,2009-03,0.1034756587021787
Turkana,Turkana East,0.909087463502,2009.0,3.0,2009-03,0.1563823747576968
Turkana,Turkana North,1.66897152383,2009.0,3.0,2009-03,0.1656950668397887
Turkana,Turkana South,0.603285539944,2009.0,3.0,2009-03,0.1592932083676569
Turkana,Turkana West,1.19593592043,2009.0,3.0,2009-03,0.2250261245731911
Kiambu,Gatundu North,0.0190562071078,2009.0,4.0,2009-04,0.6012380798950346
Kiambu,Gatundu South,0.018013492523,2009.0,4.0,2009-04,0.5842379864853587
Kiambu,Githunguri,0.0140557399999,2009.0,4.0,2009-04,0.5760973497034743
Kiambu,Juja,0.0303444523402,2009.0,4.0,2009-04,0.4300641632819085
Kiambu,Kabete,0.00456838148631,2009.0,4.0,2009-04,0.5899724483917635
Kiambu,Kiambaa,0.00720464174127,2009.0,4.0,2009-04,0.5154665204485672
Kiambu,Kiambu,0.00796244668767,2009.0,4.0,2009-04,0.525817062017045
Kiambu,Kikuyu,0.0141641490709,2009.0,4.0,2009-04,0.4180603271875117
Kiambu,Lari,0.037858207576,2009.0,4.0,2009-04,0.623998629491727
Kiambu,Limuru,0.0231553754199,2009.0,4.0,2009-04,0.4507666800928074
Kiambu,Ruiru,0.0124421280679,2009.0,4.0,2009-04,0.3441111881830356
Kiambu,Thika Town,0.0178033031507,2009.0,4.0,2009-04,0.4503548426813347
Machakos,Kangundo,0.013896319438,2009.0,4.0,2009-04,0.4918073965920462
Machakos,Kathiani,0.0167415041685,2009.0,4.0,2009-04,0.4412646823061781
Machakos,Machakos Town,0.0615270519301,2009.0,4.0,2009-04,0.3653631371817161
Machakos,Masinga,0.11427469357,2009.0,4.0,2009-04,0.3351294128367101
Machakos,Matungulu,0.0472449879416,2009.0,4.0,2009-04,0.4303326403201505
Machakos,Mavoko,0.0684719511619,2009.0,4.0,2009-04,0.3218350835918568
Machakos,Mwala,0.0827962943547,2009.0,4.0,2009-04,0.3269163723970594
Machakos,Yatta,0.0862109028544,2009.0,4.0,2009-04,0.3053760366930164
Nairobi,Dagoretti,0.00198642271282,2009.0,4.0,2009-04,0.4458817942359782
Nairobi,Embakasi Central,0.000664901959297,2009.0,4.0,2009-04,0.2441519266819411
Nairobi,Embakasi East,0.00697580217167,2009.0,4.0,2009-04,0.256611475514441
Nairobi,Embakasi North,0.000441181256097,2009.0,4.0,2009-04,0.2857238051429339
Nairobi,Embakasi South,0.00142609820487,2009.0,4.0,2009-04,0.2150690505257899
Nairobi,Embakasi West,0.000793166442342,2009.0,4.0,2009-04,0.2840318795547567
Nairobi,Kamukunji,0.000718135459802,2009.0,4.0,2009-04,0.3104477468549562
Nairobi,Kasarani,0.0110736011415,2009.0,4.0,2009-04,0.3057797455883035
Nairobi,Kibra,0.00100197842996,2009.0,4.0,2009-04,0.3723370589396783
Nairobi,Kilimani,0.00238546350977,2009.0,4.0,2009-04,0.3971063081146991
Nairobi,Langata,0.0170497156745,2009.0,4.0,2009-04,0.3562669996832649
Nairobi,Makadara,0.000974908477702,2009.0,4.0,2009-04,0.2783790156545044
Nairobi,Mathare,0.000235884309461,2009.0,4.0,2009-04,0.3007890214195715
Nairobi,Roysambu,0.00390887981589,2009.0,4.0,2009-04,0.4696936472547278
Nairobi,Ruaraka,0.000583416833502,2009.0,4.0,2009-04,0.3617232359725901
Nairobi,Starehe,0.00136813789598,2009.0,4.0,2009-04,0.2705375889139487
Nairobi,Westlands,0.00590790301496,2009.0,4.0,2009-04,0.5072507082878549
Turkana,Loima,0.792863767753,2009.0,4.0,2009-04,0.2396566556337364
Turkana,Turkana Central,0.538281501213,2009.0,4.0,2009-04,0.1084057410049001
Turkana,Turkana East,0.909087463502,2009.0,4.0,2009-04,0.180149234601917
Turkana,Turkana North,1.66897152383,2009.0,4.0,2009-04,0.2399459283357129
Turkana,Turkana South,0.603285539944,2009.0,4.0,2009-04,0.1784209358536101
Turkana,Turkana West,1.19593592043,2009.0,4.0,2009-04,0.298731329957021
Kiambu,Gatundu North,0.0190562071078,2009.0,5.0,2009-05,0.7726490580922682
Kiambu,Gatundu South,0.018013492523,2009.0,5.0,2009-05,0.7702905154296188
Kiambu,Githunguri,0.0140557399999,2009.0,5.0,2009-05,0.7693782952789479
Kiambu,Juja,0.0303444523402,2009.0,5.0,2009-05,0.5655122840485157
Kiambu,Kabete,0.00456838148631,2009.0,5.0,2009-05,0.7352820677079273
Kiambu,Kiambaa,0.00720464174127,2009.0,5.0,2009-05,0.7595314223382816
Kiambu,Kiambu,0.00796244668767,2009.0,5.0,2009-05,0.7377310158521134
Kiambu,Kikuyu,0.0141641490709,2009.0,5.0,2009-05,0.5725200754285367
Kiambu,Lari,0.037858207576,2009.0,5.0,2009-05,0.7281501192359706
Kiambu,Limuru,0.0231553754199,2009.0,5.0,2009-05,0.6112958558502384
Kiambu,Ruiru,0.0124421280679,2009.0,5.0,2009-05,0.4517872913732084
Kiambu,Thika Town,0.0178033031507,2009.0,5.0,2009-05,0.6091643369725257
Machakos,Kangundo,0.013896319438,2009.0,5.0,2009-05,0.5829410439794285
Machakos,Kathiani,0.0167415041685,2009.0,5.0,2009-05,0.5481597579160558
Machakos,Machakos Town,0.0615270519301,2009.0,5.0,2009-05,0.4619744837975755
Machakos,Masinga,0.11427469357,2009.0,5.0,2009-05,0.3928561311684589
Machakos,Matungulu,0.0472449879416,2009.0,5.0,2009-05,0.5467871394319836
Machakos,Mavoko,0.0684719511619,2009.0,5.0,2009-05,0.4881583945446677
Machakos,Mwala,0.0827962943547,2009.0,5.0,2009-05,0.3479057931805389
Machakos,Yatta,0.0862109028544,2009.0,5.0,2009-05,0.3565881619535659
Nairobi,Dagoretti,0.00198642271282,2009.0,5.0,2009-05,0.5898887268961122
Nairobi,Embakasi Central,0.000664901959297,2009.0,5.0,2009-05,0.3233150608504179
Nairobi,Embakasi East,0.00697580217167,2009.0,5.0,2009-05,0.3776610226138353
Nairobi,Embakasi North,0.000441181256097,2009.0,5.0,2009-05,0.3769231768612842
Nairobi,Embakasi South,0.00142609820487,2009.0,5.0,2009-05,0.3242089405121943
Nairobi,Embakasi West,0.000793166442342,2009.0,5.0,2009-05,0.3845690937905557
Nairobi,Kamukunji,0.000718135459802,2009.0,5.0,2009-05,0.4269727805764306
Nairobi,Kasarani,0.0110736011415,2009.0,5.0,2009-05,0.3992073239162359
Nairobi,Kibra,0.00100197842996,2009.0,5.0,2009-05,0.4610454378517131
Nairobi,Kilimani,0.00238546350977,2009.0,5.0,2009-05,0.5229916049403199
Nairobi,Langata,0.0170497156745,2009.0,5.0,2009-05,0.571448989580227
Nairobi,Makadara,0.000974908477702,2009.0,5.0,2009-05,0.3606987380966885
Nairobi,Mathare,0.000235884309461,2009.0,5.0,2009-05,0.3953005123897523
Nairobi,Roysambu,0.00390887981589,2009.0,5.0,2009-05,0.6046632946309269
Nairobi,Ruaraka,0.000583416833502,2009.0,5.0,2009-05,0.470355719519642
Nairobi,Starehe,0.00136813789598,2009.0,5.0,2009-05,0.3370300861670134
Nairobi,Westlands,0.00590790301496,2009.0,5.0,2009-05,0.6508834264659603
Turkana,Loima,0.792863767753,2009.0,5.0,2009-05,0.2760123472127652
Turkana,Turkana Central,0.538281501213,2009.0,5.0,2009-05,0.1087821192287708
Turkana,Turkana East,0.909087463502,2009.0,5.0,2009-05,0.22530540122169
Turkana,Turkana North,1.66897152383,2009.0,5.0,2009-05,0.2586097220539312
Turkana,Turkana South,0.603285539944,2009.0,5.0,2009-05,0.2059317749887371
Turkana,Turkana West,1.19593592043,2009.0,5.0,2009-05,0.3160330337480947
Kiambu,Gatundu North,0.0190562071078,2009.0,6.0,2009-06,0.6503441715177235
Kiambu,Gatundu South,0.018013492523,2009.0,6.0,2009-06,0.6387894338630262
Kiambu,Githunguri,0.0140557399999,2009.0,6.0,2009-06,0.6088548465158563
Kiambu,Juja,0.0303444523402,2009.0,6.0,2009-06,0.407860481082184
Kiambu,Kabete,0.00456838148631,2009.0,6.0,2009-06,0.5938375587983052
Kiambu,Kiambaa,0.00720464174127,2009.0,6.0,2009-06,0.6277896967724936
Kiambu,Kiambu,0.00796244668767,2009.0,6.0,2009-06,0.5977554020175421
Kiambu,Kikuyu,0.0141641490709,2009.0,6.0,2009-06,0.550998240326685
Kiambu,Lari,0.037858207576,2009.0,6.0,2009-06,0.6554151053477493
Kiambu,Limuru,0.0231553754199,2009.0,6.0,2009-06,0.558827072736935
Kiambu,Ruiru,0.0124421280679,2009.0,6.0,2009-06,0.3481449192679106
Kiambu,Thika Town,0.0178033031507,2009.0,6.0,2009-06,0.4458336105786601
Machakos,Kangundo,0.013896319438,2009.0,6.0,2009-06,0.4731545644830912
Machakos,Kathiani,0.0167415041685,2009.0,6.0,2009-06,0.4372488472418175
Machakos,Machakos Town,0.0615270519301,2009.0,6.0,2009-06,0.3843137134458094
Machakos,Masinga,0.11427469357,2009.0,6.0,2009-06,0.3007702118424616
Machakos,Matungulu,0.0472449879416,2009.0,6.0,2009-06,0.4006549441792294
Machakos,Mavoko,0.0684719511619,2009.0,6.0,2009-06,0.4030302389386995
Machakos,Mwala,0.0827962943547,2009.0,6.0,2009-06,0.2890118758486928
Machakos,Yatta,0.0862109028544,2009.0,6.0,2009-06,0.2951614375618745
Nairobi,Dagoretti,0.00198642271282,2009.0,6.0,2009-06,0.5552662867471316
Nairobi,Embakasi Central,0.000664901959297,2009.0,6.0,2009-06,0.2539353349004672
Nairobi,Embakasi East,0.00697580217167,2009.0,6.0,2009-06,0.3593629608412551
Nairobi,Embakasi North,0.000441181256097,2009.0,6.0,2009-06,0.316930301126419
Nairobi,Embakasi South,0.00142609820487,2009.0,6.0,2009-06,0.2989935219610995
Nairobi,Embakasi West,0.000793166442342,2009.0,6.0,2009-06,0.3240870869521813
Nairobi,Kamukunji,0.000718135459802,2009.0,6.0,2009-06,0.3798074944256336
Nairobi,Kasarani,0.0110736011415,2009.0,6.0,2009-06,0.3191817985143687
Nairobi,Kibra,0.00100197842996,2009.0,6.0,2009-06,0.4423117385724158
Nairobi,Kilimani,0.00238546350977,2009.0,6.0,2009-06,0.4829128787564594
Nairobi,Langata,0.0170497156745,2009.0,6.0,2009-06,0.5363479777682113
Nairobi,Makadara,0.000974908477702,2009.0,6.0,2009-06,0.325202709589653
Nairobi,Mathare,0.000235884309461,2009.0,6.0,2009-06,0.340477307853843
Nairobi,Roysambu,0.00390887981589,2009.0,6.0,2009-06,0.4799322807426004
Nairobi,Ruaraka,0.000583416833502,2009.0,6.0,2009-06,0.3912341746387137
Nairobi,Starehe,0.00136813789598,2009.0,6.0,2009-06,0.2992458969465646
Nairobi,Westlands,0.00590790301496,2009.0,6.0,2009-06,0.5705091601992778
Turkana,Loima,0.792863767753,2009.0,6.0,2009-06,0.2364745513807734
Turkana,Turkana Central,0.538281501213,2009.0,6.0,2009-06,0.1031851073010825
Turkana,Turkana East,0.909087463502,2009.0,6.0,2009-06,0.1981873924154832
Turkana,Turkana North,1.66897152383,2009.0,6.0,2009-06,0.1957873073502145
Turkana,Turkana South,0.603285539944,2009.0,6.0,2009-06,0.1807516139577059
Turkana,Turkana West,1.19593592043,2009.0,6.0,2009-06,0.2640811713933474
Kiambu,Gatundu North,0.0190562071078,2009.0,7.0,2009-07,0.6934268005136167
Kiambu,Gatundu South,0.018013492523,2009.0,7.0,2009-07,0.6704825243544646
Kiambu,Githunguri,0.0140557399999,2009.0,7.0,2009-07,0.6566746526692951
Kiambu,Juja,0.0303444523402,2009.0,7.0,2009-07,0.3784459288056772
Kiambu,Kabete,0.00456838148631,2009.0,7.0,2009-07,0.6443748447204964
Kiambu,Kiambaa,0.00720464174127,2009.0,7.0,2009-07,0.6637235917755403
Kiambu,Kiambu,0.00796244668767,2009.0,7.0,2009-07,0.5691260880314063
Kiambu,Kikuyu,0.0141641490709,2009.0,7.0,2009-07,0.5442502773580318
Kiambu,Lari,0.037858207576,2009.0,7.0,2009-07,0.6997163715898604
Kiambu,Limuru,0.0231553754199,2009.0,7.0,2009-07,0.5844561457267298
Kiambu,Ruiru,0.0124421280679,2009.0,7.0,2009-07,0.2948617919248834
Kiambu,Thika Town,0.0178033031507,2009.0,7.0,2009-07,0.3955578464316461
Machakos,Kangundo,0.013896319438,2009.0,7.0,2009-07,0.4138910333037739
Machakos,Kathiani,0.0167415041685,2009.0,7.0,2009-07,0.3893031631727088
Machakos,Machakos Town,0.0615270519301,2009.0,7.0,2009-07,0.335144577571898
Machakos,Masinga,0.11427469357,2009.0,7.0,2009-07,0.2840542958767261
Machakos,Matungulu,0.0472449879416,2009.0,7.0,2009-07,0.3479950130974817
Machakos,Mavoko,0.0684719511619,2009.0,7.0,2009-07,0.30030224432574
Machakos,Mwala,0.0827962943547,2009.0,7.0,2009-07,0.2695340371977548
Machakos,Yatta,0.0862109028544,2009.0,7.0,2009-07,0.2756142463798527
Nairobi,Dagoretti,0.00198642271282,2009.0,7.0,2009-07,0.578753698613767
Nairobi,Embakasi Central,0.000664901959297,2009.0,7.0,2009-07,0.2287911268485732
Nairobi,Embakasi East,0.00697580217167,2009.0,7.0,2009-07,0.2837294827801353
Nairobi,Embakasi North,0.000441181256097,2009.0,7.0,2009-07,0.2765842054480994
Nairobi,Embakasi South,0.00142609820487,2009.0,7.0,2009-07,0.2619694840598206
Nairobi,Embakasi West,0.000793166442342,2009.0,7.0,2009-07,0.2879025456723567
Nairobi,Kamukunji,0.000718135459802,2009.0,7.0,2009-07,0.2968809824648333
Nairobi,Kasarani,0.0110736011415,2009.0,7.0,2009-07,0.2700706968318679
Nairobi,Kibra,0.00100197842996,2009.0,7.0,2009-07,0.412058040280383
Nairobi,Kilimani,0.00238546350977,2009.0,7.0,2009-07,0.4810236589553661
Nairobi,Langata,0.0170497156745,2009.0,7.0,2009-07,0.4844762019400893
Nairobi,Makadara,0.000974908477702,2009.0,7.0,2009-07,0.2835478650179693
Nairobi,Mathare,0.000235884309461,2009.0,7.0,2009-07,0.3009514279714406
Nairobi,Roysambu,0.00390887981589,2009.0,7.0,2009-07,0.4211962930720329
Nairobi,Ruaraka,0.000583416833502,2009.0,7.0,2009-07,0.3319900519031143
Nairobi,Starehe,0.00136813789598,2009.0,7.0,2009-07,0.2663426794182282
Nairobi,Westlands,0.00590790301496,2009.0,7.0,2009-07,0.582569112221188
Turkana,Loima,0.792863767753,2009.0,7.0,2009-07,0.2058886545408372
Turkana,Turkana Central,0.538281501213,2009.0,7.0,2009-07,0.1101642981311429
Turkana,Turkana East,0.909087463502,2009.0,7.0,2009-07,0.1754073193999863
Turkana,Turkana North,1.66897152383,2009.0,7.0,2009-07,0.1703557400782889
Turkana,Turkana South,0.603285539944,2009.0,7.0,2009-07,0.1676165656996076
Turkana,Turkana West,1.19593592043,2009.0,7.0,2009-07,0.2458027285858543
Kiambu,Gatundu North,0.0190562071078,2009.0,8.0,2009-08,0.6229001116919461
Kiambu,Gatundu South,0.018013492523,2009.0,8.0,2009-08,0.5944601312593611
Kiambu,Githunguri,0.0140557399999,2009.0,8.0,2009-08,0.5514049313782603
Kiambu,Juja,0.0303444523402,2009.0,8.0,2009-08,0.334231916754177
Kiambu,Kabete,0.00456838148631,2009.0,8.0,2009-08,0.5246939399845798
Kiambu,Kiambaa,0.00720464174127,2009.0,8.0,2009-08,0.4875367864144852
Kiambu,Kiambu,0.00796244668767,2009.0,8.0,2009-08,0.4375433509329889
Kiambu,Kikuyu,0.0141641490709,2009.0,8.0,2009-08,0.4345304843151668
Kiambu,Lari,0.037858207576,2009.0,8.0,2009-08,0.610560824452465
Kiambu,Limuru,0.0231553754199,2009.0,8.0,2009-08,0.4844690862052157
Kiambu,Ruiru,0.0124421280679,2009.0,8.0,2009-08,0.2555299616530525
Kiambu,Thika Town,0.0178033031507,2009.0,8.0,2009-08,0.3401437179764982
Machakos,Kangundo,0.013896319438,2009.0,8.0,2009-08,0.3482130435865643
Machakos,Kathiani,0.0167415041685,2009.0,8.0,2009-08,0.3344558300189763
Machakos,Machakos Town,0.0615270519301,2009.0,8.0,2009-08,0.2841850647939453
Machakos,Masinga,0.11427469357,2009.0,8.0,2009-08,0.2508976338370727
Machakos,Matungulu,0.0472449879416,2009.0,8.0,2009-08,0.3023908793629147
Machakos,Mavoko,0.0684719511619,2009.0,8.0,2009-08,0.235759689912963
Machakos,Mwala,0.0827962943547,2009.0,8.0,2009-08,0.2422845326892257
Machakos,Yatta,0.0862109028544,2009.0,8.0,2009-08,0.2438189926455655
Nairobi,Dagoretti,0.00198642271282,2009.0,8.0,2009-08,0.4586388717933394
Nairobi,Embakasi Central,0.000664901959297,2009.0,8.0,2009-08,0.1963941172969917
Nairobi,Embakasi East,0.00697580217167,2009.0,8.0,2009-08,0.2124466568448399
Nairobi,Embakasi North,0.000441181256097,2009.0,8.0,2009-08,0.2348611385361036
Nairobi,Embakasi South,0.00142609820487,2009.0,8.0,2009-08,0.1942880268305541
Nairobi,Embakasi West,0.000793166442342,2009.0,8.0,2009-08,0.238116142557652
Nairobi,Kamukunji,0.000718135459802,2009.0,8.0,2009-08,0.252692600545049
Nairobi,Kasarani,0.0110736011415,2009.0,8.0,2009-08,0.2352107727927229
Nairobi,Kibra,0.00100197842996,2009.0,8.0,2009-08,0.3090746510020732
Nairobi,Kilimani,0.00238546350977,2009.0,8.0,2009-08,0.4102300628737794
Nairobi,Langata,0.0170497156745,2009.0,8.0,2009-08,0.3597134390818625
Nairobi,Makadara,0.000974908477702,2009.0,8.0,2009-08,0.2382006517634158
Nairobi,Mathare,0.000235884309461,2009.0,8.0,2009-08,0.2633297900042
Nairobi,Roysambu,0.00390887981589,2009.0,8.0,2009-08,0.3316214570595618
Nairobi,Ruaraka,0.000583416833502,2009.0,8.0,2009-08,0.2926295254087795
Nairobi,Starehe,0.00136813789598,2009.0,8.0,2009-08,0.2320785608952116
Nairobi,Westlands,0.00590790301496,2009.0,8.0,2009-08,0.4707418616369466
Turkana,Loima,0.792863767753,2009.0,8.0,2009-08,0.1865283561714916
Turkana,Turkana Central,0.538281501213,2009.0,8.0,2009-08,0.1085525355579175
Turkana,Turkana East,0.909087463502,2009.0,8.0,2009-08,0.1568758598914125
Turkana,Turkana North,1.66897152383,2009.0,8.0,2009-08,0.155552195863085
Turkana,Turkana South,0.603285539944,2009.0,8.0,2009-08,0.1555428861934691
Turkana,Turkana West,1.19593592043,2009.0,8.0,2009-08,0.2091121817860729
Kiambu,Gatundu North,0.0190562071078,2009.0,9.0,2009-09,0.6312913899107716
Kiambu,Gatundu South,0.018013492523,2009.0,9.0,2009-09,0.5888936380276623
Kiambu,Githunguri,0.0140557399999,2009.0,9.0,2009-09,0.5494289297063446
Kiambu,Juja,0.0303444523402,2009.0,9.0,2009-09,0.3140902866728848
Kiambu,Kabete,0.00456838148631,2009.0,9.0,2009-09,0.456022331877994
Kiambu,Kiambaa,0.00720464174127,2009.0,9.0,2009-09,0.5208345470122078
Kiambu,Kiambu,0.00796244668767,2009.0,9.0,2009-09,0.4427187102144255
Kiambu,Kikuyu,0.0141641490709,2009.0,9.0,2009-09,0.3627730814672886
Kiambu,Lari,0.037858207576,2009.0,9.0,2009-09,0.6359326984531717
Kiambu,Limuru,0.0231553754199,2009.0,9.0,2009-09,0.4606314174245396
Kiambu,Ruiru,0.0124421280679,2009.0,9.0,2009-09,0.2484021692575762
Kiambu,Thika Town,0.0178033031507,2009.0,9.0,2009-09,0.3146498519876658
Machakos,Kangundo,0.013896319438,2009.0,9.0,2009-09,0.3141055304163643
Machakos,Kathiani,0.0167415041685,2009.0,9.0,2009-09,0.2930610023064616
Machakos,Machakos Town,0.0615270519301,2009.0,9.0,2009-09,0.265640970222979
Machakos,Masinga,0.11427469357,2009.0,9.0,2009-09,0.2473528339984537
Machakos,Matungulu,0.0472449879416,2009.0,9.0,2009-09,0.2823953711064975
Machakos,Mavoko,0.0684719511619,2009.0,9.0,2009-09,0.2320759152090008
Machakos,Mwala,0.0827962943547,2009.0,9.0,2009-09,0.239086736235273
Machakos,Yatta,0.0862109028544,2009.0,9.0,2009-09,0.243485508655886
Nairobi,Dagoretti,0.00198642271282,2009.0,9.0,2009-09,0.3984107338471953
Nairobi,Embakasi Central,0.000664901959297,2009.0,9.0,2009-09,0.1859486014818341
Nairobi,Embakasi East,0.00697580217167,2009.0,9.0,2009-09,0.2121371138859271
Nairobi,Embakasi North,0.000441181256097,2009.0,9.0,2009-09,0.2377115177489565
Nairobi,Embakasi South,0.00142609820487,2009.0,9.0,2009-09,0.1894629886795591
Nairobi,Embakasi West,0.000793166442342,2009.0,9.0,2009-09,0.2213970936907257
Nairobi,Kamukunji,0.000718135459802,2009.0,9.0,2009-09,0.2369219244638972
Nairobi,Kasarani,0.0110736011415,2009.0,9.0,2009-09,0.2298385667480107
Nairobi,Kibra,0.00100197842996,2009.0,9.0,2009-09,0.3161556520880641
Nairobi,Kilimani,0.00238546350977,2009.0,9.0,2009-09,0.3906173699184631
Nairobi,Langata,0.0170497156745,2009.0,9.0,2009-09,0.3261263927932901
Nairobi,Makadara,0.000974908477702,2009.0,9.0,2009-09,0.2164592820450345
Nairobi,Mathare,0.000235884309461,2009.0,9.0,2009-09,0.2563503821923561
Nairobi,Roysambu,0.00390887981589,2009.0,9.0,2009-09,0.3350542935376762
Nairobi,Ruaraka,0.000583416833502,2009.0,9.0,2009-09,0.2762595240518353
Nairobi,Starehe,0.00136813789598,2009.0,9.0,2009-09,0.2231069136016653
Nairobi,Westlands,0.00590790301496,2009.0,9.0,2009-09,0.4489113945452958
Turkana,Loima,0.792863767753,2009.0,9.0,2009-09,0.1881495320542269
Turkana,Turkana Central,0.538281501213,2009.0,9.0,2009-09,0.1067363326495656
Turkana,Turkana East,0.909087463502,2009.0,9.0,2009-09,0.1522414372340791
Turkana,Turkana North,1.66897152383,2009.0,9.0,2009-09,0.1633910490056032
Turkana,Turkana South,0.603285539944,2009.0,9.0,2009-09,0.1515533387635019
Turkana,Turkana West,1.19593592043,2009.0,9.0,2009-09,0.2261453158608294
Kiambu,Gatundu North,0.0190562071078,2009.0,10.0,2009-10,0.3951276799182749
Kiambu,Gatundu South,0.018013492523,2009.0,10.0,2009-10,0.3540891036283543
Kiambu,Githunguri,0.0140557399999,2009.0,10.0,2009-10,0.3532973580067614
Kiambu,Juja,0.0303444523402,2009.0,10.0,2009-10,0.2457445268606714
Kiambu,Kabete,0.00456838148631,2009.0,10.0,2009-10,0.2137456053951508
Kiambu,Kiambaa,0.00720464174127,2009.0,10.0,2009-10,0.2766335708519365
Kiambu,Kiambu,0.00796244668767,2009.0,10.0,2009-10,0.2784329445672975
Kiambu,Kikuyu,0.0141641490709,2009.0,10.0,2009-10,0.3224531000974799
Kiambu,Lari,0.037858207576,2009.0,10.0,2009-10,0.2581753388513882
Kiambu,Limuru,0.0231553754199,2009.0,10.0,2009-10,0.2786669490330646
Kiambu,Ruiru,0.0124421280679,2009.0,10.0,2009-10,0.2458533372337416
Kiambu,Thika Town,0.0178033031507,2009.0,10.0,2009-10,0.2676546652214992
Machakos,Kangundo,0.013896319438,2009.0,10.0,2009-10,0.3815643635245602
Machakos,Kathiani,0.0167415041685,2009.0,10.0,2009-10,0.3299810802795169
Machakos,Machakos Town,0.0615270519301,2009.0,10.0,2009-10,0.2927681756909466
Machakos,Masinga,0.11427469357,2009.0,10.0,2009-10,0.2506792192439407
Machakos,Matungulu,0.0472449879416,2009.0,10.0,2009-10,0.2959933896753237
Machakos,Mavoko,0.0684719511619,2009.0,10.0,2009-10,0.2201992351026585
Machakos,Mwala,0.0827962943547,2009.0,10.0,2009-10,0.3659803847205005
Machakos,Yatta,0.0862109028544,2009.0,10.0,2009-10,0.2867499275569295
Nairobi,Dagoretti,0.00198642271282,2009.0,10.0,2009-10,0.2977349525971958
Nairobi,Embakasi Central,0.000664901959297,2009.0,10.0,2009-10,0.2083661856160917
Nairobi,Embakasi East,0.00697580217167,2009.0,10.0,2009-10,0.2019823465185924
Nairobi,Embakasi North,0.000441181256097,2009.0,10.0,2009-10,0.192076470852219
Nairobi,Embakasi South,0.00142609820487,2009.0,10.0,2009-10,0.1049786853860879
Nairobi,Embakasi West,0.000793166442342,2009.0,10.0,2009-10,0.2081541953678745
Nairobi,Kamukunji,0.000718135459802,2009.0,10.0,2009-10,0.2386195749717838
Nairobi,Kasarani,0.0110736011415,2009.0,10.0,2009-10,0.2476143879005718
Nairobi,Kibra,0.00100197842996,2009.0,10.0,2009-10,0.275846117089545
Nairobi,Kilimani,0.00238546350977,2009.0,10.0,2009-10,0.3066694124868321
Nairobi,Langata,0.0170497156745,2009.0,10.0,2009-10,0.3088731675482262
Nairobi,Makadara,0.000974908477702,2009.0,10.0,2009-10,0.1482009522649285
Nairobi,Mathare,0.000235884309461,2009.0,10.0,2009-10,0.1537803947921041
Nairobi,Roysambu,0.00390887981589,2009.0,10.0,2009-10,0.2691491527311005
Nairobi,Ruaraka,0.000583416833502,2009.0,10.0,2009-10,0.1903860404369359
Nairobi,Starehe,0.00136813789598,2009.0,10.0,2009-10,0.1350428811010872
Nairobi,Westlands,0.00590790301496,2009.0,10.0,2009-10,0.2802194225888749
Turkana,Loima,0.792863767753,2009.0,10.0,2009-10,0.1909380183333082
Turkana,Turkana Central,0.538281501213,2009.0,10.0,2009-10,0.1095495577270183
Turkana,Turkana East,0.909087463502,2009.0,10.0,2009-10,0.1641275480550324
Turkana,Turkana North,1.66897152383,2009.0,10.0,2009-10,0.2209496843029518
Turkana,Turkana South,0.603285539944,2009.0,10.0,2009-10,0.1816592523140563
Turkana,Turkana West,1.19593592043,2009.0,10.0,2009-10,0.2467111411523735
Kiambu,Gatundu North,0.0190562071078,2009.0,11.0,2009-11,0.7354618263709259
Kiambu,Gatundu South,0.018013492523,2009.0,11.0,2009-11,0.7167010412137256
Kiambu,Githunguri,0.0140557399999,2009.0,11.0,2009-11,0.7076989402754452
Kiambu,Juja,0.0303444523402,2009.0,11.0,2009-11,0.5214435556615907
Kiambu,Kabete,0.00456838148631,2009.0,11.0,2009-11,0.6596394126233357
Kiambu,Kiambaa,0.00720464174127,2009.0,11.0,2009-11,0.6825796063506706
Kiambu,Kiambu,0.00796244668767,2009.0,11.0,2009-11,0.6685780768752928
Kiambu,Kikuyu,0.0141641490709,2009.0,11.0,2009-11,0.4983215175227146
Kiambu,Lari,0.037858207576,2009.0,11.0,2009-11,0.7151950807324713
Kiambu,Limuru,0.0231553754199,2009.0,11.0,2009-11,0.5558107395596458
Kiambu,Ruiru,0.0124421280679,2009.0,11.0,2009-11,0.40958012572457
Kiambu,Thika Town,0.0178033031507,2009.0,11.0,2009-11,0.5496385458232627
Machakos,Kangundo,0.013896319438,2009.0,11.0,2009-11,0.5433830699056128
Machakos,Kathiani,0.0167415041685,2009.0,11.0,2009-11,0.5043810772073856
Machakos,Machakos Town,0.0615270519301,2009.0,11.0,2009-11,0.3827351259084798
Machakos,Masinga,0.11427469357,2009.0,11.0,2009-11,0.4718497164301162
Machakos,Matungulu,0.0472449879416,2009.0,11.0,2009-11,0.4902380692129829
Machakos,Mavoko,0.0684719511619,2009.0,11.0,2009-11,0.289087734328892
Machakos,Mwala,0.0827962943547,2009.0,11.0,2009-11,0.4902336958090175
Machakos,Yatta,0.0862109028544,2009.0,11.0,2009-11,0.4785185559566785
Nairobi,Dagoretti,0.00198642271282,2009.0,11.0,2009-11,0.5843925624402485
Nairobi,Embakasi Central,0.000664901959297,2009.0,11.0,2009-11,0.2584294834409499
Nairobi,Embakasi East,0.00697580217167,2009.0,11.0,2009-11,0.303605204812034
Nairobi,Embakasi North,0.000441181256097,2009.0,11.0,2009-11,0.2892000560965756
Nairobi,Embakasi South,0.00142609820487,2009.0,11.0,2009-11,0.2677753801226378
Nairobi,Embakasi West,0.000793166442342,2009.0,11.0,2009-11,0.2928521725566537
Nairobi,Kamukunji,0.000718135459802,2009.0,11.0,2009-11,0.3162017603986014
Nairobi,Kasarani,0.0110736011415,2009.0,11.0,2009-11,0.3719067401860076
Nairobi,Kibra,0.00100197842996,2009.0,11.0,2009-11,0.4450118372988452
Nairobi,Kilimani,0.00238546350977,2009.0,11.0,2009-11,0.4976385773770518
Nairobi,Langata,0.0170497156745,2009.0,11.0,2009-11,0.4745682713224801
Nairobi,Makadara,0.000974908477702,2009.0,11.0,2009-11,0.3086990741304745
Nairobi,Mathare,0.000235884309461,2009.0,11.0,2009-11,0.3186782654346912
Nairobi,Roysambu,0.00390887981589,2009.0,11.0,2009-11,0.5478663539599952
Nairobi,Ruaraka,0.000583416833502,2009.0,11.0,2009-11,0.3773049324920279
Nairobi,Starehe,0.00136813789598,2009.0,11.0,2009-11,0.2891178435114502
Nairobi,Westlands,0.00590790301496,2009.0,11.0,2009-11,0.623495887377041
Turkana,Loima,0.792863767753,2009.0,11.0,2009-11,0.2068085746452226
Turkana,Turkana Central,0.538281501213,2009.0,11.0,2009-11,0.1092650681836942
Turkana,Turkana East,0.909087463502,2009.0,11.0,2009-11,0.1682225186651473
Turkana,Turkana North,1.66897152383,2009.0,11.0,2009-11,0.2491285714779719
Turkana,Turkana South,0.603285539944,2009.0,11.0,2009-11,0.1790764804465736
Turkana,Turkana West,1.19593592043,2009.0,11.0,2009-11,0.2604966227494578
Kiambu,Gatundu North,0.0190562071078,2009.0,12.0,2009-12,0.7860242010807964
Kiambu,Gatundu South,0.018013492523,2009.0,12.0,2009-12,0.7857604086784458
Kiambu,Githunguri,0.0140557399999,2009.0,12.0,2009-12,0.7812163854104214
Kiambu,Juja,0.0303444523402,2009.0,12.0,2009-12,0.5871385030992449
Kiambu,Kabete,0.00456838148631,2009.0,12.0,2009-12,0.7054617200291072
Kiambu,Kiambaa,0.00720464174127,2009.0,12.0,2009-12,0.7558424123103274
Kiambu,Kiambu,0.00796244668767,2009.0,12.0,2009-12,0.7428930837081025
Kiambu,Kikuyu,0.0141641490709,2009.0,12.0,2009-12,0.4743852990467047
Kiambu,Lari,0.037858207576,2009.0,12.0,2009-12,0.74696302705225
Kiambu,Limuru,0.0231553754199,2009.0,12.0,2009-12,0.564507017201407
Kiambu,Ruiru,0.0124421280679,2009.0,12.0,2009-12,0.4348629815228764
Kiambu,Thika Town,0.0178033031507,2009.0,12.0,2009-12,0.6272583572519921
Machakos,Kangundo,0.013896319438,2009.0,12.0,2009-12,0.6780951952434973
Machakos,Kathiani,0.0167415041685,2009.0,12.0,2009-12,0.660267321207868
Machakos,Machakos Town,0.0615270519301,2009.0,12.0,2009-12,0.4842953630753115
Machakos,Masinga,0.11427469357,2009.0,12.0,2009-12,0.530874136694623
Machakos,Matungulu,0.0472449879416,2009.0,12.0,2009-12,0.6201401651869454
Machakos,Mavoko,0.0684719511619,2009.0,12.0,2009-12,0.3239888876402837
Machakos,Mwala,0.0827962943547,2009.0,12.0,2009-12,0.6222878544446488
Machakos,Yatta,0.0862109028544,2009.0,12.0,2009-12,0.5896335929009243
Nairobi,Dagoretti,0.00198642271282,2009.0,12.0,2009-12,0.6118393732074566
Nairobi,Embakasi Central,0.000664901959297,2009.0,12.0,2009-12,0.2868551507126493
Nairobi,Embakasi East,0.00697580217167,2009.0,12.0,2009-12,0.3179956825555282
Nairobi,Embakasi North,0.000441181256097,2009.0,12.0,2009-12,0.34126784993044
Nairobi,Embakasi South,0.00142609820487,2009.0,12.0,2009-12,0.257993361726922
Nairobi,Embakasi West,0.000793166442342,2009.0,12.0,2009-12,0.33387786512928
Nairobi,Kamukunji,0.000718135459802,2009.0,12.0,2009-12,0.4175999435681447
Nairobi,Kasarani,0.0110736011415,2009.0,12.0,2009-12,0.3752076628102659
Nairobi,Kibra,0.00100197842996,2009.0,12.0,2009-12,0.4873384934346926
Nairobi,Kilimani,0.00238546350977,2009.0,12.0,2009-12,0.5484457493841195
Nairobi,Langata,0.0170497156745,2009.0,12.0,2009-12,0.4774680438649106
Nairobi,Makadara,0.000974908477702,2009.0,12.0,2009-12,0.3391404682138433
Nairobi,Mathare,0.000235884309461,2009.0,12.0,2009-12,0.3646648425031499
Nairobi,Roysambu,0.00390887981589,2009.0,12.0,2009-12,0.5801713080029964
Nairobi,Ruaraka,0.000583416833502,2009.0,12.0,2009-12,0.4438178862202323
Nairobi,Starehe,0.00136813789598,2009.0,12.0,2009-12,0.3461608662965534
Nairobi,Westlands,0.00590790301496,2009.0,12.0,2009-12,0.6681025688199331
Turkana,Loima,0.792863767753,2009.0,12.0,2009-12,0.2340512977817352
Turkana,Turkana Central,0.538281501213,2009.0,12.0,2009-12,0.1128247726468886
Turkana,Turkana East,0.909087463502,2009.0,12.0,2009-12,0.1732411505822101
Turkana,Turkana North,1.66897152383,2009.0,12.0,2009-12,0.2438937562852631
Turkana,Turkana South,0.603285539944,2009.0,12.0,2009-12,0.1901575919827686
Turkana,Turkana West,1.19593592043,2009.0,12.0,2009-12,0.2904223782007448
Kiambu,Gatundu North,0.0190562071078,2010.0,1.0,2010-01,0.7192663970212709
Kiambu,Gatundu South,0.018013492523,2010.0,1.0,2010-01,0.7347232273837292
Kiambu,Githunguri,0.0140557399999,2010.0,1.0,2010-01,0.7201722729332544
Kiambu,Juja,0.0303444523402,2010.0,1.0,2010-01,0.5877590429592143
Kiambu,Kabete,0.00456838148631,2010.0,1.0,2010-01,0.6467440716581339
Kiambu,Kiambaa,0.00720464174127,2010.0,1.0,2010-01,0.6895514701440486
Kiambu,Kiambu,0.00796244668767,2010.0,1.0,2010-01,0.6754283972718478
Kiambu,Kikuyu,0.0141641490709,2010.0,1.0,2010-01,0.56579147843283
Kiambu,Lari,0.037858207576,2010.0,1.0,2010-01,0.765596045932497
Kiambu,Limuru,0.0231553754199,2010.0,1.0,2010-01,0.6379438710167933
Kiambu,Ruiru,0.0124421280679,2010.0,1.0,2010-01,0.5041588521512135
Kiambu,Thika Town,0.0178033031507,2010.0,1.0,2010-01,0.6220528690724226
Machakos,Kangundo,0.013896319438,2010.0,1.0,2010-01,0.6773066140665277
Machakos,Kathiani,0.0167415041685,2010.0,1.0,2010-01,0.6349989159512147
Machakos,Machakos Town,0.0615270519301,2010.0,1.0,2010-01,0.5351041048328055
Machakos,Masinga,0.11427469357,2010.0,1.0,2010-01,0.4784045512514172
Machakos,Matungulu,0.0472449879416,2010.0,1.0,2010-01,0.6122652042784418
Machakos,Mavoko,0.0684719511619,2010.0,1.0,2010-01,0.4323670869394029
Machakos,Mwala,0.0827962943547,2010.0,1.0,2010-01,0.5943293039826634
Machakos,Yatta,0.0862109028544,2010.0,1.0,2010-01,0.5610926288058427
Nairobi,Dagoretti,0.00198642271282,2010.0,1.0,2010-01,0.5957695506692154
Nairobi,Embakasi Central,0.000664901959297,2010.0,1.0,2010-01,0.3058577677269616
Nairobi,Embakasi East,0.00697580217167,2010.0,1.0,2010-01,0.3822068139278994
Nairobi,Embakasi North,0.000441181256097,2010.0,1.0,2010-01,0.351387564511062
Nairobi,Embakasi South,0.00142609820487,2010.0,1.0,2010-01,0.2780653477983408
Nairobi,Embakasi West,0.000793166442342,2010.0,1.0,2010-01,0.337753046071678
Nairobi,Kamukunji,0.000718135459802,2010.0,1.0,2010-01,0.3931104660445397
Nairobi,Kasarani,0.0110736011415,2010.0,1.0,2010-01,0.4114877154933702
Nairobi,Kibra,0.00100197842996,2010.0,1.0,2010-01,0.4521143587718434
Nairobi,Kilimani,0.00238546350977,2010.0,1.0,2010-01,0.4654392052853791
Nairobi,Langata,0.0170497156745,2010.0,1.0,2010-01,0.5282825222555722
Nairobi,Makadara,0.000974908477702,2010.0,1.0,2010-01,0.3345562658626222
Nairobi,Mathare,0.000235884309461,2010.0,1.0,2010-01,0.3041129105417892
Nairobi,Roysambu,0.00390887981589,2010.0,1.0,2010-01,0.5672041999028218
Nairobi,Ruaraka,0.000583416833502,2010.0,1.0,2010-01,0.4314374126467198
Nairobi,Starehe,0.00136813789598,2010.0,1.0,2010-01,0.2967069193846866
Nairobi,Westlands,0.00590790301496,2010.0,1.0,2010-01,0.6094008564407151
Turkana,Loima,0.792863767753,2010.0,1.0,2010-01,0.2940759879127542
Turkana,Turkana Central,0.538281501213,2010.0,1.0,2010-01,0.1453349562527301
Turkana,Turkana East,0.909087463502,2010.0,1.0,2010-01,0.2702350830028758
Turkana,Turkana North,1.66897152383,2010.0,1.0,2010-01,0.2576872054635277
Turkana,Turkana South,0.603285539944,2010.0,1.0,2010-01,0.2491702368205029
Turkana,Turkana West,1.19593592043,2010.0,1.0,2010-01,0.3271227863683877
Kiambu,Gatundu North,0.0190562071078,2010.0,2.0,2010-02,0.7206617391764688
Kiambu,Gatundu South,0.018013492523,2010.0,2.0,2010-02,0.7061592262571421
Kiambu,Githunguri,0.0140557399999,2010.0,2.0,2010-02,0.6759363377861478
Kiambu,Juja,0.0303444523402,2010.0,2.0,2010-02,0.5433494814491793
Kiambu,Kabete,0.00456838148631,2010.0,2.0,2010-02,0.6027115779602724
Kiambu,Kiambaa,0.00720464174127,2010.0,2.0,2010-02,0.6435705912153812
Kiambu,Kiambu,0.00796244668767,2010.0,2.0,2010-02,0.5779842416826105
Kiambu,Kikuyu,0.0141641490709,2010.0,2.0,2010-02,0.544889526103218
Kiambu,Lari,0.037858207576,2010.0,2.0,2010-02,0.7103180226318453
Kiambu,Limuru,0.0231553754199,2010.0,2.0,2010-02,0.5717461743615675
Kiambu,Ruiru,0.0124421280679,2010.0,2.0,2010-02,0.5096963058471149
Kiambu,Thika Town,0.0178033031507,2010.0,2.0,2010-02,0.5337353063866429
Machakos,Kangundo,0.013896319438,2010.0,2.0,2010-02,0.5897159586809446
Machakos,Kathiani,0.0167415041685,2010.0,2.0,2010-02,0.5388365041272916
Machakos,Machakos Town,0.0615270519301,2010.0,2.0,2010-02,0.4402570233813735
Machakos,Masinga,0.11427469357,2010.0,2.0,2010-02,0.4139768658646583
Machakos,Matungulu,0.0472449879416,2010.0,2.0,2010-02,0.5419376317440937
Machakos,Mavoko,0.0684719511619,2010.0,2.0,2010-02,0.408132440669035
Machakos,Mwala,0.0827962943547,2010.0,2.0,2010-02,0.5284195028171126
Machakos,Yatta,0.0862109028544,2010.0,2.0,2010-02,0.477670860586954
Nairobi,Dagoretti,0.00198642271282,2010.0,2.0,2010-02,0.5210136397586046
Nairobi,Embakasi Central,0.000664901959297,2010.0,2.0,2010-02,0.2638969217722499
Nairobi,Embakasi East,0.00697580217167,2010.0,2.0,2010-02,0.3851166065918736
Nairobi,Embakasi North,0.000441181256097,2010.0,2.0,2010-02,0.3368012116860385
Nairobi,Embakasi South,0.00142609820487,2010.0,2.0,2010-02,0.2915916213479091
Nairobi,Embakasi West,0.000793166442342,2010.0,2.0,2010-02,0.3339084705999801
Nairobi,Kamukunji,0.000718135459802,2010.0,2.0,2010-02,0.3246244033363609
Nairobi,Kasarani,0.0110736011415,2010.0,2.0,2010-02,0.4318486354915123
Nairobi,Kibra,0.00100197842996,2010.0,2.0,2010-02,0.4138969009773918
Nairobi,Kilimani,0.00238546350977,2010.0,2.0,2010-02,0.4893737406581013
Nairobi,Langata,0.0170497156745,2010.0,2.0,2010-02,0.4790803254134086
Nairobi,Makadara,0.000974908477702,2010.0,2.0,2010-02,0.301731537430712
Nairobi,Mathare,0.000235884309461,2010.0,2.0,2010-02,0.336112843343133
Nairobi,Roysambu,0.00390887981589,2010.0,2.0,2010-02,0.5359835445600687
Nairobi,Ruaraka,0.000583416833502,2010.0,2.0,2010-02,0.4240700844697744
Nairobi,Starehe,0.00136813789598,2010.0,2.0,2010-02,0.2612469610224379
Nairobi,Westlands,0.00590790301496,2010.0,2.0,2010-02,0.5550432551108552
Turkana,Loima,0.792863767753,2010.0,2.0,2010-02,0.2518487848068359
Turkana,Turkana Central,0.538281501213,2010.0,2.0,2010-02,0.12909782206724
Turkana,Turkana East,0.909087463502,2010.0,2.0,2010-02,0.2276735037262945
Turkana,Turkana North,1.66897152383,2010.0,2.0,2010-02,0.1981988202228132
Turkana,Turkana South,0.603285539944,2010.0,2.0,2010-02,0.21614905528969
Turkana,Turkana West,1.19593592043,2010.0,2.0,2010-02,0.247473047985095
Kiambu,Gatundu North,0.0190562071078,2010.0,3.0,2010-03,0.7410298717826285
Kiambu,Gatundu South,0.018013492523,2010.0,3.0,2010-03,0.7129933583575998
Kiambu,Githunguri,0.0140557399999,2010.0,3.0,2010-03,0.6592283548092914
Kiambu,Juja,0.0303444523402,2010.0,3.0,2010-03,0.5386667694968261
Kiambu,Kabete,0.00456838148631,2010.0,3.0,2010-03,0.6585933208156828
Kiambu,Kiambaa,0.00720464174127,2010.0,3.0,2010-03,0.6403432297587464
Kiambu,Kiambu,0.00796244668767,2010.0,3.0,2010-03,0.6240938543245457
Kiambu,Kikuyu,0.0141641490709,2010.0,3.0,2010-03,0.5703491722552584
Kiambu,Lari,0.037858207576,2010.0,3.0,2010-03,0.7200369947101454
Kiambu,Limuru,0.0231553754199,2010.0,3.0,2010-03,0.5877482611938133
Kiambu,Ruiru,0.0124421280679,2010.0,3.0,2010-03,0.5478052262024757
Kiambu,Thika Town,0.0178033031507,2010.0,3.0,2010-03,0.5124329841375662
Machakos,Kangundo,0.013896319438,2010.0,3.0,2010-03,0.5588630239433596
Machakos,Kathiani,0.0167415041685,2010.0,3.0,2010-03,0.5759649345754208
Machakos,Machakos Town,0.0615270519301,2010.0,3.0,2010-03,0.5216561158257059
Machakos,Masinga,0.11427469357,2010.0,3.0,2010-03,0.5202058014104194
Machakos,Matungulu,0.0472449879416,2010.0,3.0,2010-03,0.5690413002951068
Machakos,Mavoko,0.0684719511619,2010.0,3.0,2010-03,0.5069699161467052
Machakos,Mwala,0.0827962943547,2010.0,3.0,2010-03,0.5783047528049307
Machakos,Yatta,0.0862109028544,2010.0,3.0,2010-03,0.5810142319256543
Nairobi,Dagoretti,0.00198642271282,2010.0,3.0,2010-03,0.5643487312778839
Nairobi,Embakasi Central,0.000664901959297,2010.0,3.0,2010-03,0.3423500952182581
Nairobi,Embakasi East,0.00697580217167,2010.0,3.0,2010-03,0.4683029902216564
Nairobi,Embakasi North,0.000441181256097,2010.0,3.0,2010-03,0.3264688013283667
Nairobi,Embakasi South,0.00142609820487,2010.0,3.0,2010-03,0.3430449571321549
Nairobi,Embakasi West,0.000793166442342,2010.0,3.0,2010-03,0.3688194993511031
Nairobi,Kamukunji,0.000718135459802,2010.0,3.0,2010-03,0.3882931717455334
Nairobi,Kasarani,0.0110736011415,2010.0,3.0,2010-03,0.4869786177875594
Nairobi,Kibra,0.00100197842996,2010.0,3.0,2010-03,0.4607030526211867
Nairobi,Kilimani,0.00238546350977,2010.0,3.0,2010-03,0.5135377180467655
Nairobi,Langata,0.0170497156745,2010.0,3.0,2010-03,0.5583199807638544
Nairobi,Makadara,0.000974908477702,2010.0,3.0,2010-03,0.3601080566892042
Nairobi,Mathare,0.000235884309461,2010.0,3.0,2010-03,0.3357719865602689
Nairobi,Roysambu,0.00390887981589,2010.0,3.0,2010-03,0.5430715977649101
Nairobi,Ruaraka,0.000583416833502,2010.0,3.0,2010-03,0.4245978356740625
Nairobi,Starehe,0.00136813789598,2010.0,3.0,2010-03,0.3051646982708768
Nairobi,Westlands,0.00590790301496,2010.0,3.0,2010-03,0.5755904767006605
Turkana,Loima,0.792863767753,2010.0,3.0,2010-03,0.2852601741004445
Turkana,Turkana Central,0.538281501213,2010.0,3.0,2010-03,0.1169946999054161
Turkana,Turkana East,0.909087463502,2010.0,3.0,2010-03,0.3007807428655272
Turkana,Turkana North,1.66897152383,2010.0,3.0,2010-03,0.2620616708097958
Turkana,Turkana South,0.603285539944,2010.0,3.0,2010-03,0.2357062481488432
Turkana,Turkana West,1.19593592043,2010.0,3.0,2010-03,0.3401638303856988
Kiambu,Gatundu North,0.0190562071078,2010.0,4.0,2010-04,0.6404231331563153
Kiambu,Gatundu South,0.018013492523,2010.0,4.0,2010-04,0.6438321429512601
Kiambu,Githunguri,0.0140557399999,2010.0,4.0,2010-04,0.6232753675259864
Kiambu,Juja,0.0303444523402,2010.0,4.0,2010-04,0.593297753022491
Kiambu,Kabete,0.00456838148631,2010.0,4.0,2010-04,0.5925020608643676
Kiambu,Kiambaa,0.00720464174127,2010.0,4.0,2010-04,0.5858867098044381
Kiambu,Kiambu,0.00796244668767,2010.0,4.0,2010-04,0.5513923998061966
Kiambu,Kikuyu,0.0141641490709,2010.0,4.0,2010-04,0.5678709100164521
Kiambu,Lari,0.037858207576,2010.0,4.0,2010-04,0.6520467657373722
Kiambu,Limuru,0.0231553754199,2010.0,4.0,2010-04,0.6049700794548429
Kiambu,Ruiru,0.0124421280679,2010.0,4.0,2010-04,0.6047979444160041
Kiambu,Thika Town,0.0178033031507,2010.0,4.0,2010-04,0.6102523045253779
Machakos,Kangundo,0.013896319438,2010.0,4.0,2010-04,0.7047334452616466
Machakos,Kathiani,0.0167415041685,2010.0,4.0,2010-04,0.6159163677837409
Machakos,Machakos Town,0.0615270519301,2010.0,4.0,2010-04,0.5487640172181578
Machakos,Masinga,0.11427469357,2010.0,4.0,2010-04,0.5894772813102422
Machakos,Matungulu,0.0472449879416,2010.0,4.0,2010-04,0.5854214151686302
Machakos,Mavoko,0.0684719511619,2010.0,4.0,2010-04,0.548394879047249
Machakos,Mwala,0.0827962943547,2010.0,4.0,2010-04,0.6509637390930002
Machakos,Yatta,0.0862109028544,2010.0,4.0,2010-04,0.6358169703883927
Nairobi,Dagoretti,0.00198642271282,2010.0,4.0,2010-04,0.5435404432560551
Nairobi,Embakasi Central,0.000664901959297,2010.0,4.0,2010-04,0.3694401240812927
Nairobi,Embakasi East,0.00697580217167,2010.0,4.0,2010-04,0.5123930473943323
Nairobi,Embakasi North,0.000441181256097,2010.0,4.0,2010-04,0.3464685387963915
Nairobi,Embakasi South,0.00142609820487,2010.0,4.0,2010-04,0.3594856628561917
Nairobi,Embakasi West,0.000793166442342,2010.0,4.0,2010-04,0.3202707060497153
Nairobi,Kamukunji,0.000718135459802,2010.0,4.0,2010-04,0.3929520012662755
Nairobi,Kasarani,0.0110736011415,2010.0,4.0,2010-04,0.5680396894573042
Nairobi,Kibra,0.00100197842996,2010.0,4.0,2010-04,0.4713146549511305
Nairobi,Kilimani,0.00238546350977,2010.0,4.0,2010-04,0.4595731865725497
Nairobi,Langata,0.0170497156745,2010.0,4.0,2010-04,0.5889569302335831
Nairobi,Makadara,0.000974908477702,2010.0,4.0,2010-04,0.368133906925748
Nairobi,Mathare,0.000235884309461,2010.0,4.0,2010-04,0.3457237799244015
Nairobi,Roysambu,0.00390887981589,2010.0,4.0,2010-04,0.5299930917722802
Nairobi,Ruaraka,0.000583416833502,2010.0,4.0,2010-04,0.4663537417735264
Nairobi,Starehe,0.00136813789598,2010.0,4.0,2010-04,0.3089578280418691
Nairobi,Westlands,0.00590790301496,2010.0,4.0,2010-04,0.5353842968012374
Turkana,Loima,0.792863767753,2010.0,4.0,2010-04,0.2973478330244766
Turkana,Turkana Central,0.538281501213,2010.0,4.0,2010-04,0.1410359062595111
Turkana,Turkana East,0.909087463502,2010.0,4.0,2010-04,0.2746913647896389
Turkana,Turkana North,1.66897152383,2010.0,4.0,2010-04,0.3371923957039371
Turkana,Turkana South,0.603285539944,2010.0,4.0,2010-04,0.2414346554457099
Turkana,Turkana West,1.19593592043,2010.0,4.0,2010-04,0.3808092928578299
Kiambu,Gatundu North,0.0190562071078,2010.0,5.0,2010-05,0.6879503019108036
Kiambu,Gatundu South,0.018013492523,2010.0,5.0,2010-05,0.6703616939858312
Kiambu,Githunguri,0.0140557399999,2010.0,5.0,2010-05,0.6442393059296735
Kiambu,Juja,0.0303444523402,2010.0,5.0,2010-05,0.6375963402892801
Kiambu,Kabete,0.00456838148631,2010.0,5.0,2010-05,0.6712820813517325
Kiambu,Kiambaa,0.00720464174127,2010.0,5.0,2010-05,0.628107117732342
Kiambu,Kiambu,0.00796244668767,2010.0,5.0,2010-05,0.6149430804780487
Kiambu,Kikuyu,0.0141641490709,2010.0,5.0,2010-05,0.6706200544800455
Kiambu,Lari,0.037858207576,2010.0,5.0,2010-05,0.7110671455002785
Kiambu,Limuru,0.0231553754199,2010.0,5.0,2010-05,0.6826407463851963
Kiambu,Ruiru,0.0124421280679,2010.0,5.0,2010-05,0.6297517497782177
Kiambu,Thika Town,0.0178033031507,2010.0,5.0,2010-05,0.6419395435175145
Machakos,Kangundo,0.013896319438,2010.0,5.0,2010-05,0.7220826895676076
Machakos,Kathiani,0.0167415041685,2010.0,5.0,2010-05,0.6840686168792351
Machakos,Machakos Town,0.0615270519301,2010.0,5.0,2010-05,0.6292535287937554
Machakos,Masinga,0.11427469357,2010.0,5.0,2010-05,0.565807569040461
Machakos,Matungulu,0.0472449879416,2010.0,5.0,2010-05,0.6436856902312494
Machakos,Mavoko,0.0684719511619,2010.0,5.0,2010-05,0.6048994249836986
Machakos,Mwala,0.0827962943547,2010.0,5.0,2010-05,0.6422953068485128
Machakos,Yatta,0.0862109028544,2010.0,5.0,2010-05,0.6307600177006566
Nairobi,Dagoretti,0.00198642271282,2010.0,5.0,2010-05,0.6186978569152329
Nairobi,Embakasi Central,0.000664901959297,2010.0,5.0,2010-05,0.3965369893177017
Nairobi,Embakasi East,0.00697580217167,2010.0,5.0,2010-05,0.527169052453661
Nairobi,Embakasi North,0.000441181256097,2010.0,5.0,2010-05,0.3997948121886637
Nairobi,Embakasi South,0.00142609820487,2010.0,5.0,2010-05,0.3492426361643682
Nairobi,Embakasi West,0.000793166442342,2010.0,5.0,2010-05,0.4181891397124887
Nairobi,Kamukunji,0.000718135459802,2010.0,5.0,2010-05,0.4241196616841468
Nairobi,Kasarani,0.0110736011415,2010.0,5.0,2010-05,0.5896597930013108
Nairobi,Kibra,0.00100197842996,2010.0,5.0,2010-05,0.4833795853489979
Nairobi,Kilimani,0.00238546350977,2010.0,5.0,2010-05,0.5165065063578829
Nairobi,Langata,0.0170497156745,2010.0,5.0,2010-05,0.6443143217634127
Nairobi,Makadara,0.000974908477702,2010.0,5.0,2010-05,0.3962985462224119
Nairobi,Mathare,0.000235884309461,2010.0,5.0,2010-05,0.3993850146997061
Nairobi,Roysambu,0.00390887981589,2010.0,5.0,2010-05,0.560885393215775
Nairobi,Ruaraka,0.000583416833502,2010.0,5.0,2010-05,0.481300519031142
Nairobi,Starehe,0.00136813789598,2010.0,5.0,2010-05,0.3497126561415681
Nairobi,Westlands,0.00590790301496,2010.0,5.0,2010-05,0.6077697871955748
Turkana,Loima,0.792863767753,2010.0,5.0,2010-05,0.3433299994237394
Turkana,Turkana Central,0.538281501213,2010.0,5.0,2010-05,0.1591042503806344
Turkana,Turkana East,0.909087463502,2010.0,5.0,2010-05,0.3088856322613709
Turkana,Turkana North,1.66897152383,2010.0,5.0,2010-05,0.3944225193313597
Turkana,Turkana South,0.603285539944,2010.0,5.0,2010-05,0.2785938192173542
Turkana,Turkana West,1.19593592043,2010.0,5.0,2010-05,0.4354398148066986
Kiambu,Gatundu North,0.0190562071078,2010.0,6.0,2010-06,0.445291077671576
Kiambu,Gatundu South,0.018013492523,2010.0,6.0,2010-06,0.5055919385955658
Kiambu,Githunguri,0.0140557399999,2010.0,6.0,2010-06,0.5450509437600092
Kiambu,Juja,0.0303444523402,2010.0,6.0,2010-06,0.5786529895057831
Kiambu,Kabete,0.00456838148631,2010.0,6.0,2010-06,0.4863621241456377
Kiambu,Kiambaa,0.00720464174127,2010.0,6.0,2010-06,0.5307113862025039
Kiambu,Kiambu,0.00796244668767,2010.0,6.0,2010-06,0.4441004851293273
Kiambu,Kikuyu,0.0141641490709,2010.0,6.0,2010-06,0.4880737601984234
Kiambu,Lari,0.037858207576,2010.0,6.0,2010-06,0.5865849209343257
Kiambu,Limuru,0.0231553754199,2010.0,6.0,2010-06,0.5177394974978685
Kiambu,Ruiru,0.0124421280679,2010.0,6.0,2010-06,0.5653949088544568
Kiambu,Thika Town,0.0178033031507,2010.0,6.0,2010-06,0.5524892951079248
Machakos,Kangundo,0.013896319438,2010.0,6.0,2010-06,0.5782907764475113
Machakos,Kathiani,0.0167415041685,2010.0,6.0,2010-06,0.5521310121609131
Machakos,Machakos Town,0.0615270519301,2010.0,6.0,2010-06,0.5450674119842996
Machakos,Masinga,0.11427469357,2010.0,6.0,2010-06,0.4142049752486937
Machakos,Matungulu,0.0472449879416,2010.0,6.0,2010-06,0.5376879217433278
Machakos,Mavoko,0.0684719511619,2010.0,6.0,2010-06,0.4788925381921469
Machakos,Mwala,0.0827962943547,2010.0,6.0,2010-06,0.5148161487504069
Machakos,Yatta,0.0862109028544,2010.0,6.0,2010-06,0.4898765949118933
Nairobi,Dagoretti,0.00198642271282,2010.0,6.0,2010-06,0.398913517766093
Nairobi,Embakasi Central,0.000664901959297,2010.0,6.0,2010-06,0.3121096453119885
Nairobi,Embakasi East,0.00697580217167,2010.0,6.0,2010-06,0.4283988019545339
Nairobi,Embakasi North,0.000441181256097,2010.0,6.0,2010-06,0.3555595835390204
Nairobi,Embakasi South,0.00142609820487,2010.0,6.0,2010-06,0.3318550248328289
Nairobi,Embakasi West,0.000793166442342,2010.0,6.0,2010-06,0.3414649920135767
Nairobi,Kamukunji,0.000718135459802,2010.0,6.0,2010-06,0.3660579926776225
Nairobi,Kasarani,0.0110736011415,2010.0,6.0,2010-06,0.5092198080612829
Nairobi,Kibra,0.00100197842996,2010.0,6.0,2010-06,0.3222854408135059
Nairobi,Kilimani,0.00238546350977,2010.0,6.0,2010-06,0.3903949116200368
Nairobi,Langata,0.0170497156745,2010.0,6.0,2010-06,0.446847046358184
Nairobi,Makadara,0.000974908477702,2010.0,6.0,2010-06,0.35380334206412
Nairobi,Mathare,0.000235884309461,2010.0,6.0,2010-06,0.3447621839563209
Nairobi,Roysambu,0.00390887981589,2010.0,6.0,2010-06,0.4409179814349923
Nairobi,Ruaraka,0.000583416833502,2010.0,6.0,2010-06,0.4366852737634846
Nairobi,Starehe,0.00136813789598,2010.0,6.0,2010-06,0.2942213899491093
Nairobi,Westlands,0.00590790301496,2010.0,6.0,2010-06,0.519153334862293
Turkana,Loima,0.792863767753,2010.0,6.0,2010-06,0.2779339455067359
Turkana,Turkana Central,0.538281501213,2010.0,6.0,2010-06,0.1403331369484538
Turkana,Turkana East,0.909087463502,2010.0,6.0,2010-06,0.2416376502703881
Turkana,Turkana North,1.66897152383,2010.0,6.0,2010-06,0.3015067774007355
Turkana,Turkana South,0.603285539944,2010.0,6.0,2010-06,0.2277661881472738
Turkana,Turkana West,1.19593592043,2010.0,6.0,2010-06,0.3382485138795372
Kiambu,Gatundu North,0.0190562071078,2010.0,7.0,2010-07,0.6722425938170823
Kiambu,Gatundu South,0.018013492523,2010.0,7.0,2010-07,0.6521835153878922
Kiambu,Githunguri,0.0140557399999,2010.0,7.0,2010-07,0.6730192563773467
Kiambu,Juja,0.0303444523402,2010.0,7.0,2010-07,0.3852738807483039
Kiambu,Kabete,0.00456838148631,2010.0,7.0,2010-07,0.5756227671803671
Kiambu,Kiambaa,0.00720464174127,2010.0,7.0,2010-07,0.6322552959783843
Kiambu,Kiambu,0.00796244668767,2010.0,7.0,2010-07,0.5598021873680022
Kiambu,Kikuyu,0.0141641490709,2010.0,7.0,2010-07,0.5137691553707756
Kiambu,Lari,0.037858207576,2010.0,7.0,2010-07,0.7000188552981129
Kiambu,Limuru,0.0231553754199,2010.0,7.0,2010-07,0.595763156563887
Kiambu,Ruiru,0.0124421280679,2010.0,7.0,2010-07,0.3228547625255571
Kiambu,Thika Town,0.0178033031507,2010.0,7.0,2010-07,0.356883826596661
Machakos,Kangundo,0.013896319438,2010.0,7.0,2010-07,0.4359061009233729
Machakos,Kathiani,0.0167415041685,2010.0,7.0,2010-07,0.4413316349764505
Machakos,Machakos Town,0.0615270519301,2010.0,7.0,2010-07,0.3927095179538811
Machakos,Masinga,0.11427469357,2010.0,7.0,2010-07,0.3466280070580516
Machakos,Matungulu,0.0472449879416,2010.0,7.0,2010-07,0.3507589923206928
Machakos,Mavoko,0.0684719511619,2010.0,7.0,2010-07,0.3186660669173959
Machakos,Mwala,0.0827962943547,2010.0,7.0,2010-07,0.3884156837665231
Machakos,Yatta,0.0862109028544,2010.0,7.0,2010-07,0.3844269778449239
Nairobi,Dagoretti,0.00198642271282,2010.0,7.0,2010-07,0.4833071213750796
Nairobi,Embakasi Central,0.000664901959297,2010.0,7.0,2010-07,0.1707080742107297
Nairobi,Embakasi East,0.00697580217167,2010.0,7.0,2010-07,0.2315151365791682
Nairobi,Embakasi North,0.000441181256097,2010.0,7.0,2010-07,0.1980661176681775
Nairobi,Embakasi South,0.00142609820487,2010.0,7.0,2010-07,0.2039511070725004
Nairobi,Embakasi West,0.000793166442342,2010.0,7.0,2010-07,0.2075231905760206
Nairobi,Kamukunji,0.000718135459802,2010.0,7.0,2010-07,0.2791697841825638
Nairobi,Kasarani,0.0110736011415,2010.0,7.0,2010-07,0.2744310604328266
Nairobi,Kibra,0.00100197842996,2010.0,7.0,2010-07,0.3070159176621583
Nairobi,Kilimani,0.00238546350977,2010.0,7.0,2010-07,0.4360317831932915
Nairobi,Langata,0.0170497156745,2010.0,7.0,2010-07,0.4527207112269244
Nairobi,Makadara,0.000974908477702,2010.0,7.0,2010-07,0.187433763781446
Nairobi,Mathare,0.000235884309461,2010.0,7.0,2010-07,0.2521585552288953
Nairobi,Roysambu,0.00390887981589,2010.0,7.0,2010-07,0.3967575674677085
Nairobi,Ruaraka,0.000583416833502,2010.0,7.0,2010-07,0.2642678777393312
Nairobi,Starehe,0.00136813789598,2010.0,7.0,2010-07,0.2567520435750633
Nairobi,Westlands,0.00590790301496,2010.0,7.0,2010-07,0.5615743355720874
Turkana,Loima,0.792863767753,2010.0,7.0,2010-07,0.2694842171223884
Turkana,Turkana Central,0.538281501213,2010.0,7.0,2010-07,0.1290820717148274
Turkana,Turkana East,0.909087463502,2010.0,7.0,2010-07,0.2197588026225993
Turkana,Turkana North,1.66897152383,2010.0,7.0,2010-07,0.2363425151799719
Turkana,Turkana South,0.603285539944,2010.0,7.0,2010-07,0.2124022497375681
Turkana,Turkana West,1.19593592043,2010.0,7.0,2010-07,0.31457668266397
Kiambu,Gatundu North,0.0190562071078,2010.0,8.0,2010-08,0.6725336324068579
Kiambu,Gatundu South,0.018013492523,2010.0,8.0,2010-08,0.6626995836792154
Kiambu,Githunguri,0.0140557399999,2010.0,8.0,2010-08,0.6583200315384156
Kiambu,Juja,0.0303444523402,2010.0,8.0,2010-08,0.4272149050931405
Kiambu,Kabete,0.00456838148631,2010.0,8.0,2010-08,0.5766161861015103
Kiambu,Kiambaa,0.00720464174127,2010.0,8.0,2010-08,0.6042150687019125
Kiambu,Kiambu,0.00796244668767,2010.0,8.0,2010-08,0.5766375560911376
Kiambu,Kikuyu,0.0141641490709,2010.0,8.0,2010-08,0.4792267370489448
Kiambu,Lari,0.037858207576,2010.0,8.0,2010-08,0.6503739950894826
Kiambu,Limuru,0.0231553754199,2010.0,8.0,2010-08,0.5238187697868277
Kiambu,Ruiru,0.0124421280679,2010.0,8.0,2010-08,0.3345073668429268
Kiambu,Thika Town,0.0178033031507,2010.0,8.0,2010-08,0.4076396904186457
Machakos,Kangundo,0.013896319438,2010.0,8.0,2010-08,0.4491714788486798
Machakos,Kathiani,0.0167415041685,2010.0,8.0,2010-08,0.3971027275208612
Machakos,Machakos Town,0.0615270519301,2010.0,8.0,2010-08,0.3561126449059059
Machakos,Masinga,0.11427469357,2010.0,8.0,2010-08,0.2913679755385016
Machakos,Matungulu,0.0472449879416,2010.0,8.0,2010-08,0.3527058321998371
Machakos,Mavoko,0.0684719511619,2010.0,8.0,2010-08,0.2990556345675363
Machakos,Mwala,0.0827962943547,2010.0,8.0,2010-08,0.3462869024144236
Machakos,Yatta,0.0862109028544,2010.0,8.0,2010-08,0.3287689408284087
Nairobi,Dagoretti,0.00198642271282,2010.0,8.0,2010-08,0.5076032559552263
Nairobi,Embakasi Central,0.000664901959297,2010.0,8.0,2010-08,0.229474134852858
Nairobi,Embakasi East,0.00697580217167,2010.0,8.0,2010-08,0.2605238619347962
Nairobi,Embakasi North,0.000441181256097,2010.0,8.0,2010-08,0.2789431158282096
Nairobi,Embakasi South,0.00142609820487,2010.0,8.0,2010-08,0.2407467113842567
Nairobi,Embakasi West,0.000793166442342,2010.0,8.0,2010-08,0.266121857841669
Nairobi,Kamukunji,0.000718135459802,2010.0,8.0,2010-08,0.2922011052385276
Nairobi,Kasarani,0.0110736011415,2010.0,8.0,2010-08,0.299190956067043
Nairobi,Kibra,0.00100197842996,2010.0,8.0,2010-08,0.377711276532728
Nairobi,Kilimani,0.00238546350977,2010.0,8.0,2010-08,0.4382554811337189
Nairobi,Langata,0.0170497156745,2010.0,8.0,2010-08,0.428950891499085
Nairobi,Makadara,0.000974908477702,2010.0,8.0,2010-08,0.2767640596130028
Nairobi,Mathare,0.000235884309461,2010.0,8.0,2010-08,0.2842702645947083
Nairobi,Roysambu,0.00390887981589,2010.0,8.0,2010-08,0.4518215172895488
Nairobi,Ruaraka,0.000583416833502,2010.0,8.0,2010-08,0.3329494572223353
Nairobi,Starehe,0.00136813789598,2010.0,8.0,2010-08,0.2501178753180661
Nairobi,Westlands,0.00590790301496,2010.0,8.0,2010-08,0.5518917586832637
Turkana,Loima,0.792863767753,2010.0,8.0,2010-08,0.2955553932745441
Turkana,Turkana Central,0.538281501213,2010.0,8.0,2010-08,0.1203415297653956
Turkana,Turkana East,0.909087463502,2010.0,8.0,2010-08,0.2404090689886415
Turkana,Turkana North,1.66897152383,2010.0,8.0,2010-08,0.2269104965149097
Turkana,Turkana South,0.603285539944,2010.0,8.0,2010-08,0.2229244669816621
Turkana,Turkana West,1.19593592043,2010.0,8.0,2010-08,0.344557557498072
Kiambu,Gatundu North,0.0190562071078,2010.0,9.0,2010-09,0.6665750971076354
Kiambu,Gatundu South,0.018013492523,2010.0,9.0,2010-09,0.6398100169536924
Kiambu,Githunguri,0.0140557399999,2010.0,9.0,2010-09,0.6210064590422805
Kiambu,Juja,0.0303444523402,2010.0,9.0,2010-09,0.3711153374687029
Kiambu,Kabete,0.00456838148631,2010.0,9.0,2010-09,0.5765990486152618
Kiambu,Kiambaa,0.00720464174127,2010.0,9.0,2010-09,0.572750144433278
Kiambu,Kiambu,0.00796244668767,2010.0,9.0,2010-09,0.5263979200934241
Kiambu,Kikuyu,0.0141641490709,2010.0,9.0,2010-09,0.4671119560025808
Kiambu,Lari,0.037858207576,2010.0,9.0,2010-09,0.6916900041643765
Kiambu,Limuru,0.0231553754199,2010.0,9.0,2010-09,0.4955107328109805
Kiambu,Ruiru,0.0124421280679,2010.0,9.0,2010-09,0.2847884750093005
Kiambu,Thika Town,0.0178033031507,2010.0,9.0,2010-09,0.3755693488346248
Machakos,Kangundo,0.013896319438,2010.0,9.0,2010-09,0.4375945642411109
Machakos,Kathiani,0.0167415041685,2010.0,9.0,2010-09,0.3923167706464943
Machakos,Machakos Town,0.0615270519301,2010.0,9.0,2010-09,0.3164445759966149
Machakos,Masinga,0.11427469357,2010.0,9.0,2010-09,0.2846434069588373
Machakos,Matungulu,0.0472449879416,2010.0,9.0,2010-09,0.332531831487294
Machakos,Mavoko,0.0684719511619,2010.0,9.0,2010-09,0.2686024852663806
Machakos,Mwala,0.0827962943547,2010.0,9.0,2010-09,0.3284306253171398
Machakos,Yatta,0.0862109028544,2010.0,9.0,2010-09,0.3137860282040423
Nairobi,Dagoretti,0.00198642271282,2010.0,9.0,2010-09,0.5087521759480561
Nairobi,Embakasi Central,0.000664901959297,2010.0,9.0,2010-09,0.1965562248936234
Nairobi,Embakasi East,0.00697580217167,2010.0,9.0,2010-09,0.2267563978945937
Nairobi,Embakasi North,0.000441181256097,2010.0,9.0,2010-09,0.2528454270071353
Nairobi,Embakasi South,0.00142609820487,2010.0,9.0,2010-09,0.234863701756333
Nairobi,Embakasi West,0.000793166442342,2010.0,9.0,2010-09,0.2411407956473992
Nairobi,Kamukunji,0.000718135459802,2010.0,9.0,2010-09,0.2618666171167451
Nairobi,Kasarani,0.0110736011415,2010.0,9.0,2010-09,0.2545942671170961
Nairobi,Kibra,0.00100197842996,2010.0,9.0,2010-09,0.3844903346825947
Nairobi,Kilimani,0.00238546350977,2010.0,9.0,2010-09,0.4273061189956788
Nairobi,Langata,0.0170497156745,2010.0,9.0,2010-09,0.398758262319313
Nairobi,Makadara,0.000974908477702,2010.0,9.0,2010-09,0.2609135114007839
Nairobi,Mathare,0.000235884309461,2010.0,9.0,2010-09,0.2647815959680806
Nairobi,Roysambu,0.00390887981589,2010.0,9.0,2010-09,0.3987720907397661
Nairobi,Ruaraka,0.000583416833502,2010.0,9.0,2010-09,0.2925050071239571
Nairobi,Starehe,0.00136813789598,2010.0,9.0,2010-09,0.2430482846113811
Nairobi,Westlands,0.00590790301496,2010.0,9.0,2010-09,0.520590716758516
Turkana,Loima,0.792863767753,2010.0,9.0,2010-09,0.2590471463941761
Turkana,Turkana Central,0.538281501213,2010.0,9.0,2010-09,0.119614551835213
Turkana,Turkana East,0.909087463502,2010.0,9.0,2010-09,0.2188891105871141
Turkana,Turkana North,1.66897152383,2010.0,9.0,2010-09,0.2051018405051782
Turkana,Turkana South,0.603285539944,2010.0,9.0,2010-09,0.2118294946327031
Turkana,Turkana West,1.19593592043,2010.0,9.0,2010-09,0.2941087965052633
Kiambu,Gatundu North,0.0190562071078,2010.0,10.0,2010-10,0.710228425704096
Kiambu,Gatundu South,0.018013492523,2010.0,10.0,2010-10,0.6841539599611736
Kiambu,Githunguri,0.0140557399999,2010.0,10.0,2010-10,0.6612214841210193
Kiambu,Juja,0.0303444523402,2010.0,10.0,2010-10,0.4004024872187496
Kiambu,Kabete,0.00456838148631,2010.0,10.0,2010-10,0.6114413082460562
Kiambu,Kiambaa,0.00720464174127,2010.0,10.0,2010-10,0.6050206696102494
Kiambu,Kiambu,0.00796244668767,2010.0,10.0,2010-10,0.5877158970854975
Kiambu,Kikuyu,0.0141641490709,2010.0,10.0,2010-10,0.4505560859558504
Kiambu,Lari,0.037858207576,2010.0,10.0,2010-10,0.7154601537109442
Kiambu,Limuru,0.0231553754199,2010.0,10.0,2010-10,0.5020559256690165
Kiambu,Ruiru,0.0124421280679,2010.0,10.0,2010-10,0.2943628174513588
Kiambu,Thika Town,0.0178033031507,2010.0,10.0,2010-10,0.4143011247603967
Machakos,Kangundo,0.013896319438,2010.0,10.0,2010-10,0.4279803624883109
Machakos,Kathiani,0.0167415041685,2010.0,10.0,2010-10,0.3796565171720324
Machakos,Machakos Town,0.0615270519301,2010.0,10.0,2010-10,0.3137693078369025
Machakos,Masinga,0.11427469357,2010.0,10.0,2010-10,0.3369277637913344
Machakos,Matungulu,0.0472449879416,2010.0,10.0,2010-10,0.3358396552496479
Machakos,Mavoko,0.0684719511619,2010.0,10.0,2010-10,0.2680029486882089
Machakos,Mwala,0.0827962943547,2010.0,10.0,2010-10,0.3323391228148975
Machakos,Yatta,0.0862109028544,2010.0,10.0,2010-10,0.3318606533986302
Nairobi,Dagoretti,0.00198642271282,2010.0,10.0,2010-10,0.5213691284257489
Nairobi,Embakasi Central,0.000664901959297,2010.0,10.0,2010-10,0.2274809652750916
Nairobi,Embakasi East,0.00697580217167,2010.0,10.0,2010-10,0.2406370927581278
Nairobi,Embakasi North,0.000441181256097,2010.0,10.0,2010-10,0.2878502939460575
Nairobi,Embakasi South,0.00142609820487,2010.0,10.0,2010-10,0.2513062553758218
Nairobi,Embakasi West,0.000793166442342,2010.0,10.0,2010-10,0.27808433912349
Nairobi,Kamukunji,0.000718135459802,2010.0,10.0,2010-10,0.3138354997660141
Nairobi,Kasarani,0.0110736011415,2010.0,10.0,2010-10,0.2670810206837909
Nairobi,Kibra,0.00100197842996,2010.0,10.0,2010-10,0.4187316773620306
Nairobi,Kilimani,0.00238546350977,2010.0,10.0,2010-10,0.4822700254647107
Nairobi,Langata,0.0170497156745,2010.0,10.0,2010-10,0.4303038463011024
Nairobi,Makadara,0.000974908477702,2010.0,10.0,2010-10,0.3008759476964934
Nairobi,Mathare,0.000235884309461,2010.0,10.0,2010-10,0.3035414363712725
Nairobi,Roysambu,0.00390887981589,2010.0,10.0,2010-10,0.4516291158845203
Nairobi,Ruaraka,0.000583416833502,2010.0,10.0,2010-10,0.3580924180744965
Nairobi,Starehe,0.00136813789598,2010.0,10.0,2010-10,0.2855959750173489
Nairobi,Westlands,0.00590790301496,2010.0,10.0,2010-10,0.5690247185932679
Turkana,Loima,0.792863767753,2010.0,10.0,2010-10,0.2292933963594065
Turkana,Turkana Central,0.538281501213,2010.0,10.0,2010-10,0.1184020036511381
Turkana,Turkana East,0.909087463502,2010.0,10.0,2010-10,0.2011114664228047
Turkana,Turkana North,1.66897152383,2010.0,10.0,2010-10,0.2239440160121504
Turkana,Turkana South,0.603285539944,2010.0,10.0,2010-10,0.1927453675694483
Turkana,Turkana West,1.19593592043,2010.0,10.0,2010-10,0.3161041287449935
Kiambu,Gatundu North,0.0190562071078,2010.0,11.0,2010-11,0.6709321387865858
Kiambu,Gatundu South,0.018013492523,2010.0,11.0,2010-11,0.6886997648004416
Kiambu,Githunguri,0.0140557399999,2010.0,11.0,2010-11,0.6733545903805721
Kiambu,Juja,0.0303444523402,2010.0,11.0,2010-11,0.5825766377699247
Kiambu,Kabete,0.00456838148631,2010.0,11.0,2010-11,0.6366751940452371
Kiambu,Kiambaa,0.00720464174127,2010.0,11.0,2010-11,0.6308667975078397
Kiambu,Kiambu,0.00796244668767,2010.0,11.0,2010-11,0.6407549911794673
Kiambu,Kikuyu,0.0141641490709,2010.0,11.0,2010-11,0.497597355602046
Kiambu,Lari,0.037858207576,2010.0,11.0,2010-11,0.6443586453393478
Kiambu,Limuru,0.0231553754199,2010.0,11.0,2010-11,0.5106537295767481
Kiambu,Ruiru,0.0124421280679,2010.0,11.0,2010-11,0.4888497227318544
Kiambu,Thika Town,0.0178033031507,2010.0,11.0,2010-11,0.6070796024113133
Machakos,Kangundo,0.013896319438,2010.0,11.0,2010-11,0.5187744212015672
Machakos,Kathiani,0.0167415041685,2010.0,11.0,2010-11,0.4606377846743196
Machakos,Machakos Town,0.0615270519301,2010.0,11.0,2010-11,0.4351793409885652
Machakos,Masinga,0.11427469357,2010.0,11.0,2010-11,0.492781596132827
Machakos,Matungulu,0.0472449879416,2010.0,11.0,2010-11,0.5018723168791113
Machakos,Mavoko,0.0684719511619,2010.0,11.0,2010-11,0.4236254451284814
Machakos,Mwala,0.0827962943547,2010.0,11.0,2010-11,0.4719629494792434
Machakos,Yatta,0.0862109028544,2010.0,11.0,2010-11,0.4645791623218026
Nairobi,Dagoretti,0.00198642271282,2010.0,11.0,2010-11,0.5787550061743147
Nairobi,Embakasi Central,0.000664901959297,2010.0,11.0,2010-11,0.3335464947778735
Nairobi,Embakasi East,0.00697580217167,2010.0,11.0,2010-11,0.3545484192435967
Nairobi,Embakasi North,0.000441181256097,2010.0,11.0,2010-11,0.3693111295606513
Nairobi,Embakasi South,0.00142609820487,2010.0,11.0,2010-11,0.3284699085763435
Nairobi,Embakasi West,0.000793166442342,2010.0,11.0,2010-11,0.3963195193171607
Nairobi,Kamukunji,0.000718135459802,2010.0,11.0,2010-11,0.4484086671071102
Nairobi,Kasarani,0.0110736011415,2010.0,11.0,2010-11,0.3902891771860183
Nairobi,Kibra,0.00100197842996,2010.0,11.0,2010-11,0.4564812952907496
Nairobi,Kilimani,0.00238546350977,2010.0,11.0,2010-11,0.5282358268565598
Nairobi,Langata,0.0170497156745,2010.0,11.0,2010-11,0.53980482794787
Nairobi,Makadara,0.000974908477702,2010.0,11.0,2010-11,0.4072221386367787
Nairobi,Mathare,0.000235884309461,2010.0,11.0,2010-11,0.3634142335153298
Nairobi,Roysambu,0.00390887981589,2010.0,11.0,2010-11,0.5563780185852534
Nairobi,Ruaraka,0.000583416833502,2010.0,11.0,2010-11,0.4658894056584575
Nairobi,Starehe,0.00136813789598,2010.0,11.0,2010-11,0.3580679729065461
Nairobi,Westlands,0.00590790301496,2010.0,11.0,2010-11,0.6089382008383605
Turkana,Loima,0.792863767753,2010.0,11.0,2010-11,0.2096948908604253
Turkana,Turkana Central,0.538281501213,2010.0,11.0,2010-11,0.1170993756082249
Turkana,Turkana East,0.909087463502,2010.0,11.0,2010-11,0.1816849416650967
Turkana,Turkana North,1.66897152383,2010.0,11.0,2010-11,0.1956006138095976
Turkana,Turkana South,0.603285539944,2010.0,11.0,2010-11,0.1750414022585079
Turkana,Turkana West,1.19593592043,2010.0,11.0,2010-11,0.259879649003959
Kiambu,Gatundu North,0.0190562071078,2010.0,12.0,2010-12,0.7819631535432086
Kiambu,Gatundu South,0.018013492523,2010.0,12.0,2010-12,0.7797437503019603
Kiambu,Githunguri,0.0140557399999,2010.0,12.0,2010-12,0.7634918169702306
Kiambu,Juja,0.0303444523402,2010.0,12.0,2010-12,0.6166096325948476
Kiambu,Kabete,0.00456838148631,2010.0,12.0,2010-12,0.6975004129958324
Kiambu,Kiambaa,0.00720464174127,2010.0,12.0,2010-12,0.7380773096968004
Kiambu,Kiambu,0.00796244668767,2010.0,12.0,2010-12,0.7186626564712895
Kiambu,Kikuyu,0.0141641490709,2010.0,12.0,2010-12,0.4848561395141628
Kiambu,Lari,0.037858207576,2010.0,12.0,2010-12,0.7408218389405234
Kiambu,Limuru,0.0231553754199,2010.0,12.0,2010-12,0.551418895149674
Kiambu,Ruiru,0.0124421280679,2010.0,12.0,2010-12,0.4751851307007704
Kiambu,Thika Town,0.0178033031507,2010.0,12.0,2010-12,0.6395160418923799
Machakos,Kangundo,0.013896319438,2010.0,12.0,2010-12,0.6793626285170937
Machakos,Kathiani,0.0167415041685,2010.0,12.0,2010-12,0.6461633503600295
Machakos,Machakos Town,0.0615270519301,2010.0,12.0,2010-12,0.5540193236058023
Machakos,Masinga,0.11427469357,2010.0,12.0,2010-12,0.4876758815996806
Machakos,Matungulu,0.0472449879416,2010.0,12.0,2010-12,0.5818904816030294
Machakos,Mavoko,0.0684719511619,2010.0,12.0,2010-12,0.4160891409738918
Machakos,Mwala,0.0827962943547,2010.0,12.0,2010-12,0.5978459432195767
Machakos,Yatta,0.0862109028544,2010.0,12.0,2010-12,0.582527979360322
Nairobi,Dagoretti,0.00198642271282,2010.0,12.0,2010-12,0.5977688306644354
Nairobi,Embakasi Central,0.000664901959297,2010.0,12.0,2010-12,0.3218891570208589
Nairobi,Embakasi East,0.00697580217167,2010.0,12.0,2010-12,0.3499728987056745
Nairobi,Embakasi North,0.000441181256097,2010.0,12.0,2010-12,0.3713383790333435
Nairobi,Embakasi South,0.00142609820487,2010.0,12.0,2010-12,0.3160967585527592
Nairobi,Embakasi West,0.000793166442342,2010.0,12.0,2010-12,0.3801912760806627
Nairobi,Kamukunji,0.000718135459802,2010.0,12.0,2010-12,0.4154568640405203
Nairobi,Kasarani,0.0110736011415,2010.0,12.0,2010-12,0.4001581792797651
Nairobi,Kibra,0.00100197842996,2010.0,12.0,2010-12,0.4749241040576567
Nairobi,Kilimani,0.00238546350977,2010.0,12.0,2010-12,0.5452081072338028
Nairobi,Langata,0.0170497156745,2010.0,12.0,2010-12,0.519989793240432
Nairobi,Makadara,0.000974908477702,2010.0,12.0,2010-12,0.3662607967350922
Nairobi,Mathare,0.000235884309461,2010.0,12.0,2010-12,0.3706319739605209
Nairobi,Roysambu,0.00390887981589,2010.0,12.0,2010-12,0.5961491914503785
Nairobi,Ruaraka,0.000583416833502,2010.0,12.0,2010-12,0.4606533245131968
Nairobi,Starehe,0.00136813789598,2010.0,12.0,2010-12,0.3364757792620864
Nairobi,Westlands,0.00590790301496,2010.0,12.0,2010-12,0.6583531157299832
Turkana,Loima,0.792863767753,2010.0,12.0,2010-12,0.2015027085341774
Turkana,Turkana Central,0.538281501213,2010.0,12.0,2010-12,0.1146305017773163
Turkana,Turkana East,0.909087463502,2010.0,12.0,2010-12,0.1660741407070737
Turkana,Turkana North,1.66897152383,2010.0,12.0,2010-12,0.1826103796862572
Turkana,Turkana South,0.603285539944,2010.0,12.0,2010-12,0.1648606332645515
Turkana,Turkana West,1.19593592043,2010.0,12.0,2010-12,0.2305121015991667
Kiambu,Gatundu North,0.0190562071078,2011.0,1.0,2011-01,0.7703865946827994
Kiambu,Gatundu South,0.018013492523,2011.0,1.0,2011-01,0.7650897933603886
Kiambu,Githunguri,0.0140557399999,2011.0,1.0,2011-01,0.7371141175576523
Kiambu,Juja,0.0303444523402,2011.0,1.0,2011-01,0.5054356305036953
Kiambu,Kabete,0.00456838148631,2011.0,1.0,2011-01,0.6434252581494665
Kiambu,Kiambaa,0.00720464174127,2011.0,1.0,2011-01,0.6997221798441433
Kiambu,Kiambu,0.00796244668767,2011.0,1.0,2011-01,0.6634213940169456
Kiambu,Kikuyu,0.0141641490709,2011.0,1.0,2011-01,0.4427293429016736
Kiambu,Lari,0.037858207576,2011.0,1.0,2011-01,0.7254772744182921
Kiambu,Limuru,0.0231553754199,2011.0,1.0,2011-01,0.5274813034233683
Kiambu,Ruiru,0.0124421280679,2011.0,1.0,2011-01,0.3668129210294537
Kiambu,Thika Town,0.0178033031507,2011.0,1.0,2011-01,0.531778193905048
Machakos,Kangundo,0.013896319438,2011.0,1.0,2011-01,0.6140840125659598
Machakos,Kathiani,0.0167415041685,2011.0,1.0,2011-01,0.5538051387303589
Machakos,Machakos Town,0.0615270519301,2011.0,1.0,2011-01,0.4540544662637146
Machakos,Masinga,0.11427469357,2011.0,1.0,2011-01,0.3721770588446165
Machakos,Matungulu,0.0472449879416,2011.0,1.0,2011-01,0.4869112112941865
Machakos,Mavoko,0.0684719511619,2011.0,1.0,2011-01,0.3204608397000148
Machakos,Mwala,0.0827962943547,2011.0,1.0,2011-01,0.4580823077496422
Machakos,Yatta,0.0862109028544,2011.0,1.0,2011-01,0.4299777482193233
Nairobi,Dagoretti,0.00198642271282,2011.0,1.0,2011-01,0.5585866116953474
Nairobi,Embakasi Central,0.000664901959297,2011.0,1.0,2011-01,0.2604140446930699
Nairobi,Embakasi East,0.00697580217167,2011.0,1.0,2011-01,0.2785993929657194
Nairobi,Embakasi North,0.000441181256097,2011.0,1.0,2011-01,0.3282562446708249
Nairobi,Embakasi South,0.00142609820487,2011.0,1.0,2011-01,0.2537538955633858
Nairobi,Embakasi West,0.000793166442342,2011.0,1.0,2011-01,0.3074920946890284
Nairobi,Kamukunji,0.000718135459802,2011.0,1.0,2011-01,0.3487649324194125
Nairobi,Kasarani,0.0110736011415,2011.0,1.0,2011-01,0.3169198104730225
Nairobi,Kibra,0.00100197842996,2011.0,1.0,2011-01,0.4423397472603417
Nairobi,Kilimani,0.00238546350977,2011.0,1.0,2011-01,0.5153720137028344
Nairobi,Langata,0.0170497156745,2011.0,1.0,2011-01,0.441104384460721
Nairobi,Makadara,0.000974908477702,2011.0,1.0,2011-01,0.3097452417209803
Nairobi,Mathare,0.000235884309461,2011.0,1.0,2011-01,0.3258266106677865
Nairobi,Roysambu,0.00390887981589,2011.0,1.0,2011-01,0.5242081910252255
Nairobi,Ruaraka,0.000583416833502,2011.0,1.0,2011-01,0.4036819305923063
Nairobi,Starehe,0.00136813789598,2011.0,1.0,2011-01,0.3000850205297246
Nairobi,Westlands,0.00590790301496,2011.0,1.0,2011-01,0.6180219984397914
Turkana,Loima,0.792863767753,2011.0,1.0,2011-01,0.1920716325527667
Turkana,Turkana Central,0.538281501213,2011.0,1.0,2011-01,0.114100888783749
Turkana,Turkana East,0.909087463502,2011.0,1.0,2011-01,0.1605005271013297
Turkana,Turkana North,1.66897152383,2011.0,1.0,2011-01,0.1800286647270486
Turkana,Turkana South,0.603285539944,2011.0,1.0,2011-01,0.1599810351851054
Turkana,Turkana West,1.19593592043,2011.0,1.0,2011-01,0.212874631609925
Kiambu,Gatundu North,0.0190562071078,2011.0,2.0,2011-02,0.7162383032789262
Kiambu,Gatundu South,0.018013492523,2011.0,2.0,2011-02,0.6982497044633016
Kiambu,Githunguri,0.0140557399999,2011.0,2.0,2011-02,0.6636517605078787
Kiambu,Juja,0.0303444523402,2011.0,2.0,2011-02,0.4324843916854575
Kiambu,Kabete,0.00456838148631,2011.0,2.0,2011-02,0.5491315763143535
Kiambu,Kiambaa,0.00720464174127,2011.0,2.0,2011-02,0.6169896910061454
Kiambu,Kiambu,0.00796244668767,2011.0,2.0,2011-02,0.5730091231644591
Kiambu,Kikuyu,0.0141641490709,2011.0,2.0,2011-02,0.4117815503140884
Kiambu,Lari,0.037858207576,2011.0,2.0,2011-02,0.6633334966862646
Kiambu,Limuru,0.0231553754199,2011.0,2.0,2011-02,0.4838324603921743
Kiambu,Ruiru,0.0124421280679,2011.0,2.0,2011-02,0.3411254997662936
Kiambu,Thika Town,0.0178033031507,2011.0,2.0,2011-02,0.4727661078978802
Machakos,Kangundo,0.013896319438,2011.0,2.0,2011-02,0.5554237092777137
Machakos,Kathiani,0.0167415041685,2011.0,2.0,2011-02,0.4999118317819063
Machakos,Machakos Town,0.0615270519301,2011.0,2.0,2011-02,0.3986705482272767
Machakos,Masinga,0.11427469357,2011.0,2.0,2011-02,0.363399430929824
Machakos,Matungulu,0.0472449879416,2011.0,2.0,2011-02,0.4238023498017907
Machakos,Mavoko,0.0684719511619,2011.0,2.0,2011-02,0.306027143051518
Machakos,Mwala,0.0827962943547,2011.0,2.0,2011-02,0.4382712980584086
Machakos,Yatta,0.0862109028544,2011.0,2.0,2011-02,0.4158588362190103
Nairobi,Dagoretti,0.00198642271282,2011.0,2.0,2011-02,0.4830071183875082
Nairobi,Embakasi Central,0.000664901959297,2011.0,2.0,2011-02,0.2262612387300265
Nairobi,Embakasi East,0.00697580217167,2011.0,2.0,2011-02,0.2646972017718995
Nairobi,Embakasi North,0.000441181256097,2011.0,2.0,2011-02,0.2909103217699591
Nairobi,Embakasi South,0.00142609820487,2011.0,2.0,2011-02,0.2365834383063732
Nairobi,Embakasi West,0.000793166442342,2011.0,2.0,2011-02,0.2633591157532195
Nairobi,Kamukunji,0.000718135459802,2011.0,2.0,2011-02,0.2865526426624826
Nairobi,Kasarani,0.0110736011415,2011.0,2.0,2011-02,0.2987195613492877
Nairobi,Kibra,0.00100197842996,2011.0,2.0,2011-02,0.3964893345838678
Nairobi,Kilimani,0.00238546350977,2011.0,2.0,2011-02,0.4728019322489403
Nairobi,Langata,0.0170497156745,2011.0,2.0,2011-02,0.4030115364668843
Nairobi,Makadara,0.000974908477702,2011.0,2.0,2011-02,0.2677957036405352
Nairobi,Mathare,0.000235884309461,2011.0,2.0,2011-02,0.2944094666106678
Nairobi,Roysambu,0.00390887981589,2011.0,2.0,2011-02,0.4576463973357082
Nairobi,Ruaraka,0.000583416833502,2011.0,2.0,2011-02,0.3520132929642448
Nairobi,Starehe,0.00136813789598,2011.0,2.0,2011-02,0.2684407572866064
Nairobi,Westlands,0.00590790301496,2011.0,2.0,2011-02,0.549330647051339
Turkana,Loima,0.792863767753,2011.0,2.0,2011-02,0.1855731017519685
Turkana,Turkana Central,0.538281501213,2011.0,2.0,2011-02,0.112936828524967
Turkana,Turkana East,0.909087463502,2011.0,2.0,2011-02,0.1530873574775224
Turkana,Turkana North,1.66897152383,2011.0,2.0,2011-02,0.171472123635323
Turkana,Turkana South,0.603285539944,2011.0,2.0,2011-02,0.1539860935824759
Turkana,Turkana West,1.19593592043,2011.0,2.0,2011-02,0.2051863882499329
Kiambu,Gatundu North,0.0190562071078,2011.0,3.0,2011-03,0.6973630612105083
Kiambu,Gatundu South,0.018013492523,2011.0,3.0,2011-03,0.6786489563705912
Kiambu,Githunguri,0.0140557399999,2011.0,3.0,2011-03,0.6465601587898047
Kiambu,Juja,0.0303444523402,2011.0,3.0,2011-03,0.4515732108692952
Kiambu,Kabete,0.00456838148631,2011.0,3.0,2011-03,0.5719099086514718
Kiambu,Kiambaa,0.00720464174127,2011.0,3.0,2011-03,0.6297085487476047
Kiambu,Kiambu,0.00796244668767,2011.0,3.0,2011-03,0.5792568597659471
Kiambu,Kikuyu,0.0141641490709,2011.0,3.0,2011-03,0.4654267489197563
Kiambu,Lari,0.037858207576,2011.0,3.0,2011-03,0.6695126395875955
Kiambu,Limuru,0.0231553754199,2011.0,3.0,2011-03,0.5220276884884876
Kiambu,Ruiru,0.0124421280679,2011.0,3.0,2011-03,0.385379965309685
Kiambu,Thika Town,0.0178033031507,2011.0,3.0,2011-03,0.4660930836458587
Machakos,Kangundo,0.013896319438,2011.0,3.0,2011-03,0.539265037016056
Machakos,Kathiani,0.0167415041685,2011.0,3.0,2011-03,0.5244035320057006
Machakos,Machakos Town,0.0615270519301,2011.0,3.0,2011-03,0.4517056601832523
Machakos,Masinga,0.11427469357,2011.0,3.0,2011-03,0.4129624203858444
Machakos,Matungulu,0.0472449879416,2011.0,3.0,2011-03,0.4536128844520299
Machakos,Mavoko,0.0684719511619,2011.0,3.0,2011-03,0.3707574740852675
Machakos,Mwala,0.0827962943547,2011.0,3.0,2011-03,0.4623036781590518
Machakos,Yatta,0.0862109028544,2011.0,3.0,2011-03,0.4730148404015512
Nairobi,Dagoretti,0.00198642271282,2011.0,3.0,2011-03,0.5248651644160292
Nairobi,Embakasi Central,0.000664901959297,2011.0,3.0,2011-03,0.2412948001904364
Nairobi,Embakasi East,0.00697580217167,2011.0,3.0,2011-03,0.3108624750436738
Nairobi,Embakasi North,0.000441181256097,2011.0,3.0,2011-03,0.2916398846654398
Nairobi,Embakasi South,0.00142609820487,2011.0,3.0,2011-03,0.2563873512111205
Nairobi,Embakasi West,0.000793166442342,2011.0,3.0,2011-03,0.267398715932914
Nairobi,Kamukunji,0.000718135459802,2011.0,3.0,2011-03,0.3014554656316237
Nairobi,Kasarani,0.0110736011415,2011.0,3.0,2011-03,0.3483447508048065
Nairobi,Kibra,0.00100197842996,2011.0,3.0,2011-03,0.4035873876986869
Nairobi,Kilimani,0.00238546350977,2011.0,3.0,2011-03,0.488432014200516
Nairobi,Langata,0.0170497156745,2011.0,3.0,2011-03,0.4524960975451289
Nairobi,Makadara,0.000974908477702,2011.0,3.0,2011-03,0.2849439087531218
Nairobi,Mathare,0.000235884309461,2011.0,3.0,2011-03,0.3064820705585889
Nairobi,Roysambu,0.00390887981589,2011.0,3.0,2011-03,0.4575967731404622
Nairobi,Ruaraka,0.000583416833502,2011.0,3.0,2011-03,0.3497360981070631
Nairobi,Starehe,0.00136813789598,2011.0,3.0,2011-03,0.2787526189856579
Nairobi,Westlands,0.00590790301496,2011.0,3.0,2011-03,0.5578333715573295
Turkana,Loima,0.792863767753,2011.0,3.0,2011-03,0.2038328060680952
Turkana,Turkana Central,0.538281501213,2011.0,3.0,2011-03,0.10695906592828
Turkana,Turkana East,0.909087463502,2011.0,3.0,2011-03,0.1763692065319073
Turkana,Turkana North,1.66897152383,2011.0,3.0,2011-03,0.1693852693297349
Turkana,Turkana South,0.603285539944,2011.0,3.0,2011-03,0.1789287547307151
Turkana,Turkana West,1.19593592043,2011.0,3.0,2011-03,0.216265504663823
Kiambu,Gatundu North,0.0190562071078,2011.0,4.0,2011-04,0.7119658333194933
Kiambu,Gatundu South,0.018013492523,2011.0,4.0,2011-04,0.7224040684472427
Kiambu,Githunguri,0.0140557399999,2011.0,4.0,2011-04,0.7004732253483842
Kiambu,Juja,0.0303444523402,2011.0,4.0,2011-04,0.596749871682301
Kiambu,Kabete,0.00456838148631,2011.0,4.0,2011-04,0.5914009920995865
Kiambu,Kiambaa,0.00720464174127,2011.0,4.0,2011-04,0.6540611035141773
Kiambu,Kiambu,0.00796244668767,2011.0,4.0,2011-04,0.6714288942032959
Kiambu,Kikuyu,0.0141641490709,2011.0,4.0,2011-04,0.5458719251105375
Kiambu,Lari,0.037858207576,2011.0,4.0,2011-04,0.651048218435908
Kiambu,Limuru,0.0231553754199,2011.0,4.0,2011-04,0.5367463530730338
Kiambu,Ruiru,0.0124421280679,2011.0,4.0,2011-04,0.4860121114827805
Kiambu,Thika Town,0.0178033031507,2011.0,4.0,2011-04,0.6111754601772372
Machakos,Kangundo,0.013896319438,2011.0,4.0,2011-04,0.5800877726028527
Machakos,Kathiani,0.0167415041685,2011.0,4.0,2011-04,0.5846223426655235
Machakos,Machakos Town,0.0615270519301,2011.0,4.0,2011-04,0.5235962009327605
Machakos,Masinga,0.11427469357,2011.0,4.0,2011-04,0.4060382545460071
Machakos,Matungulu,0.0472449879416,2011.0,4.0,2011-04,0.579998228961659
Machakos,Mavoko,0.0684719511619,2011.0,4.0,2011-04,0.4426866367569603
Machakos,Mwala,0.0827962943547,2011.0,4.0,2011-04,0.4663724218222158
Machakos,Yatta,0.0862109028544,2011.0,4.0,2011-04,0.4579613196339646
Nairobi,Dagoretti,0.00198642271282,2011.0,4.0,2011-04,0.5399431569670174
Nairobi,Embakasi Central,0.000664901959297,2011.0,4.0,2011-04,0.2921029205225103
Nairobi,Embakasi East,0.00697580217167,2011.0,4.0,2011-04,0.3836451413151987
Nairobi,Embakasi North,0.000441181256097,2011.0,4.0,2011-04,0.3581013911950814
Nairobi,Embakasi South,0.00142609820487,2011.0,4.0,2011-04,0.3160987396298657
Nairobi,Embakasi West,0.000793166442342,2011.0,4.0,2011-04,0.3253219202355994
Nairobi,Kamukunji,0.000718135459802,2011.0,4.0,2011-04,0.3333087111514849
Nairobi,Kasarani,0.0110736011415,2011.0,4.0,2011-04,0.4018999786516412
Nairobi,Kibra,0.00100197842996,2011.0,4.0,2011-04,0.4383231167933659
Nairobi,Kilimani,0.00238546350977,2011.0,4.0,2011-04,0.490434990751416
Nairobi,Langata,0.0170497156745,2011.0,4.0,2011-04,0.5002417747491358
Nairobi,Makadara,0.000974908477702,2011.0,4.0,2011-04,0.3164519806704431
Nairobi,Mathare,0.000235884309461,2011.0,4.0,2011-04,0.3311442251154978
Nairobi,Roysambu,0.00390887981589,2011.0,4.0,2011-04,0.5347707689699159
Nairobi,Ruaraka,0.000583416833502,2011.0,4.0,2011-04,0.4290876060112625
Nairobi,Starehe,0.00136813789598,2011.0,4.0,2011-04,0.3162508573328703
Nairobi,Westlands,0.00590790301496,2011.0,4.0,2011-04,0.5817911456484911
Turkana,Loima,0.792863767753,2011.0,4.0,2011-04,0.2186427369492959
Turkana,Turkana Central,0.538281501213,2011.0,4.0,2011-04,0.1134201170630584
Turkana,Turkana East,0.909087463502,2011.0,4.0,2011-04,0.1896829531682961
Turkana,Turkana North,1.66897152383,2011.0,4.0,2011-04,0.1788471104719071
Turkana,Turkana South,0.603285539944,2011.0,4.0,2011-04,0.1935674770227088
Turkana,Turkana West,1.19593592043,2011.0,4.0,2011-04,0.231824598414679
Kiambu,Gatundu North,0.0190562071078,2011.0,5.0,2011-05,0.6561731334158221
Kiambu,Gatundu South,0.018013492523,2011.0,5.0,2011-05,0.6364136637546731
Kiambu,Githunguri,0.0140557399999,2011.0,5.0,2011-05,0.6250748181720932
Kiambu,Juja,0.0303444523402,2011.0,5.0,2011-05,0.5641083178680683
Kiambu,Kabete,0.00456838148631,2011.0,5.0,2011-05,0.5435005940469696
Kiambu,Kiambaa,0.00720464174127,2011.0,5.0,2011-05,0.5776673407801592
Kiambu,Kiambu,0.00796244668767,2011.0,5.0,2011-05,0.5900204756876279
Kiambu,Kikuyu,0.0141641490709,2011.0,5.0,2011-05,0.5618427541959825
Kiambu,Lari,0.037858207576,2011.0,5.0,2011-05,0.6667262938565771
Kiambu,Limuru,0.0231553754199,2011.0,5.0,2011-05,0.5770908947703832
Kiambu,Ruiru,0.0124421280679,2011.0,5.0,2011-05,0.4640638544246847
Kiambu,Thika Town,0.0178033031507,2011.0,5.0,2011-05,0.5769670099174941
Machakos,Kangundo,0.013896319438,2011.0,5.0,2011-05,0.533758956874624
Machakos,Kathiani,0.0167415041685,2011.0,5.0,2011-05,0.511368588639259
Machakos,Machakos Town,0.0615270519301,2011.0,5.0,2011-05,0.4481042692730198
Machakos,Masinga,0.11427469357,2011.0,5.0,2011-05,0.3692460454348607
Machakos,Matungulu,0.0472449879416,2011.0,5.0,2011-05,0.4704737343251999
Machakos,Mavoko,0.0684719511619,2011.0,5.0,2011-05,0.3580802023664497
Machakos,Mwala,0.0827962943547,2011.0,5.0,2011-05,0.3893839932878536
Machakos,Yatta,0.0862109028544,2011.0,5.0,2011-05,0.4004374624391584
Nairobi,Dagoretti,0.00198642271282,2011.0,5.0,2011-05,0.4407410686543973
Nairobi,Embakasi Central,0.000664901959297,2011.0,5.0,2011-05,0.2100833070491266
Nairobi,Embakasi East,0.00697580217167,2011.0,5.0,2011-05,0.2609015997572426
Nairobi,Embakasi North,0.000441181256097,2011.0,5.0,2011-05,0.2476603823542611
Nairobi,Embakasi South,0.00142609820487,2011.0,5.0,2011-05,0.2602049513054574
Nairobi,Embakasi West,0.000793166442342,2011.0,5.0,2011-05,0.2226691536887291
Nairobi,Kamukunji,0.000718135459802,2011.0,5.0,2011-05,0.2582506592892337
Nairobi,Kasarani,0.0110736011415,2011.0,5.0,2011-05,0.3436682461474694
Nairobi,Kibra,0.00100197842996,2011.0,5.0,2011-05,0.3008922025866326
Nairobi,Kilimani,0.00238546350977,2011.0,5.0,2011-05,0.3612410338506454
Nairobi,Langata,0.0170497156745,2011.0,5.0,2011-05,0.46360064112753
Nairobi,Makadara,0.000974908477702,2011.0,5.0,2011-05,0.2068044090475319
Nairobi,Mathare,0.000235884309461,2011.0,5.0,2011-05,0.2102828517429651
Nairobi,Roysambu,0.00390887981589,2011.0,5.0,2011-05,0.4892987728772724
Nairobi,Ruaraka,0.000583416833502,2011.0,5.0,2011-05,0.3088005105502411
Nairobi,Starehe,0.00136813789598,2011.0,5.0,2011-05,0.2110148985079804
Nairobi,Westlands,0.00590790301496,2011.0,5.0,2011-05,0.461411202365089
Turkana,Loima,0.792863767753,2011.0,5.0,2011-05,0.2633363708227212
Turkana,Turkana Central,0.538281501213,2011.0,5.0,2011-05,0.1163196004263674
Turkana,Turkana East,0.909087463502,2011.0,5.0,2011-05,0.2396178702105239
Turkana,Turkana North,1.66897152383,2011.0,5.0,2011-05,0.1791734518305361
Turkana,Turkana South,0.603285539944,2011.0,5.0,2011-05,0.211451288682
Turkana,Turkana West,1.19593592043,2011.0,5.0,2011-05,0.2618949161195513
Kiambu,Gatundu North,0.0190562071078,2011.0,6.0,2011-06,0.7030107893797145
Kiambu,Gatundu South,0.018013492523,2011.0,6.0,2011-06,0.7351612731081915
Kiambu,Githunguri,0.0140557399999,2011.0,6.0,2011-06,0.720973984113983
Kiambu,Juja,0.0303444523402,2011.0,6.0,2011-06,0.5291937645160009
Kiambu,Kabete,0.00456838148631,2011.0,6.0,2011-06,0.6817715502828381
Kiambu,Kiambaa,0.00720464174127,2011.0,6.0,2011-06,0.7160898217100243
Kiambu,Kiambu,0.00796244668767,2011.0,6.0,2011-06,0.671426217357817
Kiambu,Kikuyu,0.0141641490709,2011.0,6.0,2011-06,0.633785747134945
Kiambu,Lari,0.037858207576,2011.0,6.0,2011-06,0.7257933162804625
Kiambu,Limuru,0.0231553754199,2011.0,6.0,2011-06,0.5993491512059616
Kiambu,Ruiru,0.0124421280679,2011.0,6.0,2011-06,0.3959776016941337
Kiambu,Thika Town,0.0178033031507,2011.0,6.0,2011-06,0.5314726647776196
Machakos,Kangundo,0.013896319438,2011.0,6.0,2011-06,0.5023164764502176
Machakos,Kathiani,0.0167415041685,2011.0,6.0,2011-06,0.4815236489711906
Machakos,Machakos Town,0.0615270519301,2011.0,6.0,2011-06,0.3899124180652127
Machakos,Masinga,0.11427469357,2011.0,6.0,2011-06,0.3334369324481498
Machakos,Matungulu,0.0472449879416,2011.0,6.0,2011-06,0.4101126972315054
Machakos,Mavoko,0.0684719511619,2011.0,6.0,2011-06,0.3020568679854443
Machakos,Mwala,0.0827962943547,2011.0,6.0,2011-06,0.328437520103473
Machakos,Yatta,0.0862109028544,2011.0,6.0,2011-06,0.3327209536903524
Nairobi,Dagoretti,0.00198642271282,2011.0,6.0,2011-06,0.6144373441483438
Nairobi,Embakasi Central,0.000664901959297,2011.0,6.0,2011-06,0.2461084000357068
Nairobi,Embakasi East,0.00697580217167,2011.0,6.0,2011-06,0.2679818360482795
Nairobi,Embakasi North,0.000441181256097,2011.0,6.0,2011-06,0.3275347551945427
Nairobi,Embakasi South,0.00142609820487,2011.0,6.0,2011-06,0.2748934990705027
Nairobi,Embakasi West,0.000793166442342,2011.0,6.0,2011-06,0.2974782382449835
Nairobi,Kamukunji,0.000718135459802,2011.0,6.0,2011-06,0.3392372711757095
Nairobi,Kasarani,0.0110736011415,2011.0,6.0,2011-06,0.3193208290309094
Nairobi,Kibra,0.00100197842996,2011.0,6.0,2011-06,0.4439358376937508
Nairobi,Kilimani,0.00238546350977,2011.0,6.0,2011-06,0.5110724728141409
Nairobi,Langata,0.0170497156745,2011.0,6.0,2011-06,0.5028393305519426
Nairobi,Makadara,0.000974908477702,2011.0,6.0,2011-06,0.2894383169884879
Nairobi,Mathare,0.000235884309461,2011.0,6.0,2011-06,0.3490731877362453
Nairobi,Roysambu,0.00390887981589,2011.0,6.0,2011-06,0.4963579774365307
Nairobi,Ruaraka,0.000583416833502,2011.0,6.0,2011-06,0.3813825123821157
Nairobi,Starehe,0.00136813789598,2011.0,6.0,2011-06,0.3065664938989128
Nairobi,Westlands,0.00590790301496,2011.0,6.0,2011-06,0.6017878325487642
Turkana,Loima,0.792863767753,2011.0,6.0,2011-06,0.2548434421234519
Turkana,Turkana Central,0.538281501213,2011.0,6.0,2011-06,0.107929453912193
Turkana,Turkana East,0.909087463502,2011.0,6.0,2011-06,0.2595250801715434
Turkana,Turkana North,1.66897152383,2011.0,6.0,2011-06,0.1759108459929597
Turkana,Turkana South,0.603285539944,2011.0,6.0,2011-06,0.2081042629942911
Turkana,Turkana West,1.19593592043,2011.0,6.0,2011-06,0.2703996711046845
Kiambu,Gatundu North,0.0190562071078,2011.0,7.0,2011-07,0.4891753866139902
Kiambu,Gatundu South,0.018013492523,2011.0,7.0,2011-07,0.4965992661268718
Kiambu,Githunguri,0.0140557399999,2011.0,7.0,2011-07,0.5406003348054073
Kiambu,Juja,0.0303444523402,2011.0,7.0,2011-07,0.4428080892950378
Kiambu,Kabete,0.00456838148631,2011.0,7.0,2011-07,0.4938423087918085
Kiambu,Kiambaa,0.00720464174127,2011.0,7.0,2011-07,0.5069240636549859
Kiambu,Kiambu,0.00796244668767,2011.0,7.0,2011-07,0.5083585875965917
Kiambu,Kikuyu,0.0141641490709,2011.0,7.0,2011-07,0.4843198854955435
Kiambu,Lari,0.037858207576,2011.0,7.0,2011-07,0.5055557826833005
Kiambu,Limuru,0.0231553754199,2011.0,7.0,2011-07,0.489929044414755
Kiambu,Ruiru,0.0124421280679,2011.0,7.0,2011-07,0.319813661736042
Kiambu,Thika Town,0.0178033031507,2011.0,7.0,2011-07,0.4469664453148873
Machakos,Kangundo,0.013896319438,2011.0,7.0,2011-07,0.4300465338283046
Machakos,Kathiani,0.0167415041685,2011.0,7.0,2011-07,0.408143704907612
Machakos,Machakos Town,0.0615270519301,2011.0,7.0,2011-07,0.318303069454209
Machakos,Masinga,0.11427469357,2011.0,7.0,2011-07,0.2965968215423945
Machakos,Matungulu,0.0472449879416,2011.0,7.0,2011-07,0.3618129409279894
Machakos,Mavoko,0.0684719511619,2011.0,7.0,2011-07,0.2415824478621553
Machakos,Mwala,0.0827962943547,2011.0,7.0,2011-07,0.2962575718779768
Machakos,Yatta,0.0862109028544,2011.0,7.0,2011-07,0.3017582999108651
Nairobi,Dagoretti,0.00198642271282,2011.0,7.0,2011-07,0.3828703194710007
Nairobi,Embakasi Central,0.000664901959297,2011.0,7.0,2011-07,0.2076700136876246
Nairobi,Embakasi East,0.00697580217167,2011.0,7.0,2011-07,0.2186693228611291
Nairobi,Embakasi North,0.000441181256097,2011.0,7.0,2011-07,0.2785808463851363
Nairobi,Embakasi South,0.00142609820487,2011.0,7.0,2011-07,0.2305646097500067
Nairobi,Embakasi West,0.000793166442342,2011.0,7.0,2011-07,0.2503881588799042
Nairobi,Kamukunji,0.000718135459802,2011.0,7.0,2011-07,0.2898079500096346
Nairobi,Kasarani,0.0110736011415,2011.0,7.0,2011-07,0.2727554914410051
Nairobi,Kibra,0.00100197842996,2011.0,7.0,2011-07,0.3784348060025671
Nairobi,Kilimani,0.00238546350977,2011.0,7.0,2011-07,0.397240155442563
Nairobi,Langata,0.0170497156745,2011.0,7.0,2011-07,0.3737342053023543
Nairobi,Makadara,0.000974908477702,2011.0,7.0,2011-07,0.2607491015410854
Nairobi,Mathare,0.000235884309461,2011.0,7.0,2011-07,0.2813135153296934
Nairobi,Roysambu,0.00390887981589,2011.0,7.0,2011-07,0.4008412476717822
Nairobi,Ruaraka,0.000583416833502,2011.0,7.0,2011-07,0.3232710597733904
Nairobi,Starehe,0.00136813789598,2011.0,7.0,2011-07,0.2665650915163081
Nairobi,Westlands,0.00590790301496,2011.0,7.0,2011-07,0.4507911516750477
Turkana,Loima,0.792863767753,2011.0,7.0,2011-07,0.2594507179915808
Turkana,Turkana Central,0.538281501213,2011.0,7.0,2011-07,0.1139115876092335
Turkana,Turkana East,0.909087463502,2011.0,7.0,2011-07,0.2346423615540011
Turkana,Turkana North,1.66897152383,2011.0,7.0,2011-07,0.1832961008667116
Turkana,Turkana South,0.603285539944,2011.0,7.0,2011-07,0.2014930332745575
Turkana,Turkana West,1.19593592043,2011.0,7.0,2011-07,0.2964918324422284
Kiambu,Gatundu North,0.0190562071078,2011.0,8.0,2011-08,0.6102427873576346
Kiambu,Gatundu South,0.018013492523,2011.0,8.0,2011-08,0.5910886026489056
Kiambu,Githunguri,0.0140557399999,2011.0,8.0,2011-08,0.6270028839144223
Kiambu,Juja,0.0303444523402,2011.0,8.0,2011-08,0.2724458751579937
Kiambu,Kabete,0.00456838148631,2011.0,8.0,2011-08,0.6077849534811194
Kiambu,Kiambaa,0.00720464174127,2011.0,8.0,2011-08,0.6409488773470416
Kiambu,Kiambu,0.00796244668767,2011.0,8.0,2011-08,0.5012244985961694
Kiambu,Kikuyu,0.0141641490709,2011.0,8.0,2011-08,0.5234203087249077
Kiambu,Lari,0.037858207576,2011.0,8.0,2011-08,0.6296893650867459
Kiambu,Limuru,0.0231553754199,2011.0,8.0,2011-08,0.5524372204216289
Kiambu,Ruiru,0.0124421280679,2011.0,8.0,2011-08,0.1993365985208127
Kiambu,Thika Town,0.0178033031507,2011.0,8.0,2011-08,0.3409131490957574
Machakos,Kangundo,0.013896319438,2011.0,8.0,2011-08,0.3086654261792682
Machakos,Kathiani,0.0167415041685,2011.0,8.0,2011-08,0.2792698006541274
Machakos,Machakos Town,0.0615270519301,2011.0,8.0,2011-08,0.2399565943258314
Machakos,Masinga,0.11427469357,2011.0,8.0,2011-08,0.2580009959403403
Machakos,Matungulu,0.0472449879416,2011.0,8.0,2011-08,0.2648318395253838
Machakos,Mavoko,0.0684719511619,2011.0,8.0,2011-08,0.2147302672200843
Machakos,Mwala,0.0827962943547,2011.0,8.0,2011-08,0.2614075262838272
Machakos,Yatta,0.0862109028544,2011.0,8.0,2011-08,0.2721714148251895
Nairobi,Dagoretti,0.00198642271282,2011.0,8.0,2011-08,0.5121728026410136
Nairobi,Embakasi Central,0.000664901959297,2011.0,8.0,2011-08,0.138079258785372
Nairobi,Embakasi East,0.00697580217167,2011.0,8.0,2011-08,0.200284230579441
Nairobi,Embakasi North,0.000441181256097,2011.0,8.0,2011-08,0.1806454247632723
Nairobi,Embakasi South,0.00142609820487,2011.0,8.0,2011-08,0.2237092693044031
Nairobi,Embakasi West,0.000793166442342,2011.0,8.0,2011-08,0.1720812693421183
Nairobi,Kamukunji,0.000718135459802,2011.0,8.0,2011-08,0.2011267528284744
Nairobi,Kasarani,0.0110736011415,2011.0,8.0,2011-08,0.1766629617587475
Nairobi,Kibra,0.00100197842996,2011.0,8.0,2011-08,0.3816277352157173
Nairobi,Kilimani,0.00238546350977,2011.0,8.0,2011-08,0.4460355307359883
Nairobi,Langata,0.0170497156745,2011.0,8.0,2011-08,0.4153784515714347
Nairobi,Makadara,0.000974908477702,2011.0,8.0,2011-08,0.2135286237842887
Nairobi,Mathare,0.000235884309461,2011.0,8.0,2011-08,0.1738844309113818
Nairobi,Roysambu,0.00390887981589,2011.0,8.0,2011-08,0.2602078817771387
Nairobi,Ruaraka,0.000583416833502,2011.0,8.0,2011-08,0.1841580110590948
Nairobi,Starehe,0.00136813789598,2011.0,8.0,2011-08,0.2608839795859356
Nairobi,Westlands,0.00590790301496,2011.0,8.0,2011-08,0.501727639799383
Turkana,Loima,0.792863767753,2011.0,8.0,2011-08,0.2907413252563761
Turkana,Turkana Central,0.538281501213,2011.0,8.0,2011-08,0.1078695600431539
Turkana,Turkana East,0.909087463502,2011.0,8.0,2011-08,0.301988785957916
Turkana,Turkana North,1.66897152383,2011.0,8.0,2011-08,0.2355751762745988
Turkana,Turkana South,0.603285539944,2011.0,8.0,2011-08,0.2416169866961311
Turkana,Turkana West,1.19593592043,2011.0,8.0,2011-08,0.3912675576206225
Kiambu,Gatundu North,0.0190562071078,2011.0,9.0,2011-09,0.728201815305533
Kiambu,Gatundu South,0.018013492523,2011.0,9.0,2011-09,0.7165621566986843
Kiambu,Githunguri,0.0140557399999,2011.0,9.0,2011-09,0.7025973560364891
Kiambu,Juja,0.0303444523402,2011.0,9.0,2011-09,0.4312088474352427
Kiambu,Kabete,0.00456838148631,2011.0,9.0,2011-09,0.6499910145793806
Kiambu,Kiambaa,0.00720464174127,2011.0,9.0,2011-09,0.6591061496724165
Kiambu,Kiambu,0.00796244668767,2011.0,9.0,2011-09,0.5643825429224546
Kiambu,Kikuyu,0.0141641490709,2011.0,9.0,2011-09,0.4860303115599372
Kiambu,Lari,0.037858207576,2011.0,9.0,2011-09,0.7175384908550927
Kiambu,Limuru,0.0231553754199,2011.0,9.0,2011-09,0.5375911516467593
Kiambu,Ruiru,0.0124421280679,2011.0,9.0,2011-09,0.32030109317418
Kiambu,Thika Town,0.0178033031507,2011.0,9.0,2011-09,0.3916217315331832
Machakos,Kangundo,0.013896319438,2011.0,9.0,2011-09,0.3500900917109941
Machakos,Kathiani,0.0167415041685,2011.0,9.0,2011-09,0.3425477422789071
Machakos,Machakos Town,0.0615270519301,2011.0,9.0,2011-09,0.2868094665643049
Machakos,Masinga,0.11427469357,2011.0,9.0,2011-09,0.2599114990480541
Machakos,Matungulu,0.0472449879416,2011.0,9.0,2011-09,0.3014481711250862
Machakos,Mavoko,0.0684719511619,2011.0,9.0,2011-09,0.2488737121209273
Machakos,Mwala,0.0827962943547,2011.0,9.0,2011-09,0.2656191995688313
Machakos,Yatta,0.0862109028544,2011.0,9.0,2011-09,0.2719305281977331
Nairobi,Dagoretti,0.00198642271282,2011.0,9.0,2011-09,0.5208007683038561
Nairobi,Embakasi Central,0.000664901959297,2011.0,9.0,2011-09,0.2293039961912696
Nairobi,Embakasi East,0.00697580217167,2011.0,9.0,2011-09,0.2590617469144903
Nairobi,Embakasi North,0.000441181256097,2011.0,9.0,2011-09,0.3207392159942556
Nairobi,Embakasi South,0.00142609820487,2011.0,9.0,2011-09,0.2567219021392305
Nairobi,Embakasi West,0.000793166442342,2011.0,9.0,2011-09,0.2700245769691523
Nairobi,Kamukunji,0.000718135459802,2011.0,9.0,2011-09,0.3215382607977537
Nairobi,Kasarani,0.0110736011415,2011.0,9.0,2011-09,0.286940771881621
Nairobi,Kibra,0.00100197842996,2011.0,9.0,2011-09,0.4029047053016096
Nairobi,Kilimani,0.00238546350977,2011.0,9.0,2011-09,0.4499676059025043
Nairobi,Langata,0.0170497156745,2011.0,9.0,2011-09,0.4373880781140677
Nairobi,Makadara,0.000974908477702,2011.0,9.0,2011-09,0.2835684869342755
Nairobi,Mathare,0.000235884309461,2011.0,9.0,2011-09,0.3036207769844604
Nairobi,Roysambu,0.00390887981589,2011.0,9.0,2011-09,0.4613693426833214
Nairobi,Ruaraka,0.000583416833502,2011.0,9.0,2011-09,0.376986549290997
Nairobi,Starehe,0.00136813789598,2011.0,9.0,2011-09,0.282947094031922
Nairobi,Westlands,0.00590790301496,2011.0,9.0,2011-09,0.5567722853708679
Turkana,Loima,0.792863767753,2011.0,9.0,2011-09,0.2782324717149143
Turkana,Turkana Central,0.538281501213,2011.0,9.0,2011-09,0.1388132910775177
Turkana,Turkana East,0.909087463502,2011.0,9.0,2011-09,0.270475615244776
Turkana,Turkana North,1.66897152383,2011.0,9.0,2011-09,0.2624691539975618
Turkana,Turkana South,0.603285539944,2011.0,9.0,2011-09,0.2400033311605231
Turkana,Turkana West,1.19593592043,2011.0,9.0,2011-09,0.3692882836659641
Kiambu,Gatundu North,0.0190562071078,2011.0,10.0,2011-10,0.7211694012771679
Kiambu,Gatundu South,0.018013492523,2011.0,10.0,2011-10,0.6487247234093484
Kiambu,Githunguri,0.0140557399999,2011.0,10.0,2011-10,0.6101849042025885
Kiambu,Juja,0.0303444523402,2011.0,10.0,2011-10,0.5034603288634717
Kiambu,Kabete,0.00456838148631,2011.0,10.0,2011-10,0.626191327304071
Kiambu,Kiambaa,0.00720464174127,2011.0,10.0,2011-10,0.6276581058371911
Kiambu,Kiambu,0.00796244668767,2011.0,10.0,2011-10,0.5661656996879779
Kiambu,Kikuyu,0.0141641490709,2011.0,10.0,2011-10,0.4834536578859902
Kiambu,Lari,0.037858207576,2011.0,10.0,2011-10,0.695401163569596
Kiambu,Limuru,0.0231553754199,2011.0,10.0,2011-10,0.5253005551844252
Kiambu,Ruiru,0.0124421280679,2011.0,10.0,2011-10,0.3911130484551522
Kiambu,Thika Town,0.0178033031507,2011.0,10.0,2011-10,0.4864393389449116
Machakos,Kangundo,0.013896319438,2011.0,10.0,2011-10,0.4089383307261013
Machakos,Kathiani,0.0167415041685,2011.0,10.0,2011-10,0.3643967911588798
Machakos,Machakos Town,0.0615270519301,2011.0,10.0,2011-10,0.3389515228964105
Machakos,Masinga,0.11427469357,2011.0,10.0,2011-10,0.382216433668481
Machakos,Matungulu,0.0472449879416,2011.0,10.0,2011-10,0.382639494152918
Machakos,Mavoko,0.0684719511619,2011.0,10.0,2011-10,0.2689804211933008
Machakos,Mwala,0.0827962943547,2011.0,10.0,2011-10,0.3135764817800191
Machakos,Yatta,0.0862109028544,2011.0,10.0,2011-10,0.3141321092003268
Nairobi,Dagoretti,0.00198642271282,2011.0,10.0,2011-10,0.5354679493307841
Nairobi,Embakasi Central,0.000664901959297,2011.0,10.0,2011-10,0.2397977951022109
Nairobi,Embakasi East,0.00697580217167,2011.0,10.0,2011-10,0.2711907091567035
Nairobi,Embakasi North,0.000441181256097,2011.0,10.0,2011-10,0.3277054705380783
Nairobi,Embakasi South,0.00142609820487,2011.0,10.0,2011-10,0.2525222565966536
Nairobi,Embakasi West,0.000793166442342,2011.0,10.0,2011-10,0.2891332659478884
Nairobi,Kamukunji,0.000718135459802,2011.0,10.0,2011-10,0.3321143116690064
Nairobi,Kasarani,0.0110736011415,2011.0,10.0,2011-10,0.3326761353932567
Nairobi,Kibra,0.00100197842996,2011.0,10.0,2011-10,0.4002016842728796
Nairobi,Kilimani,0.00238546350977,2011.0,10.0,2011-10,0.4564550361233921
Nairobi,Langata,0.0170497156745,2011.0,10.0,2011-10,0.4486949233048584
Nairobi,Makadara,0.000974908477702,2011.0,10.0,2011-10,0.3044668534649044
Nairobi,Mathare,0.000235884309461,2011.0,10.0,2011-10,0.2934289374212517
Nairobi,Roysambu,0.00390887981589,2011.0,10.0,2011-10,0.5277341772280031
Nairobi,Ruaraka,0.000583416833502,2011.0,10.0,2011-10,0.3967450844697741
Nairobi,Starehe,0.00136813789598,2011.0,10.0,2011-10,0.2768672897871849
Nairobi,Westlands,0.00590790301496,2011.0,10.0,2011-10,0.5582567373559488
Turkana,Loima,0.792863767753,2011.0,10.0,2011-10,0.2530696211961991
Turkana,Turkana Central,0.538281501213,2011.0,10.0,2011-10,0.1313946594815549
Turkana,Turkana East,0.909087463502,2011.0,10.0,2011-10,0.2401232111065578
Turkana,Turkana North,1.66897152383,2011.0,10.0,2011-10,0.2529065740178585
Turkana,Turkana South,0.603285539944,2011.0,10.0,2011-10,0.2104419293869138
Turkana,Turkana West,1.19593592043,2011.0,10.0,2011-10,0.3219632525413388
Kiambu,Gatundu North,0.0190562071078,2011.0,11.0,2011-11,0.6514580957457418
Kiambu,Gatundu South,0.018013492523,2011.0,11.0,2011-11,0.6695428568840336
Kiambu,Githunguri,0.0140557399999,2011.0,11.0,2011-11,0.7193380279271895
Kiambu,Juja,0.0303444523402,2011.0,11.0,2011-11,0.5161124897088355
Kiambu,Kabete,0.00456838148631,2011.0,11.0,2011-11,0.4389671355371327
Kiambu,Kiambaa,0.00720464174127,2011.0,11.0,2011-11,0.5629198922516766
Kiambu,Kiambu,0.00796244668767,2011.0,11.0,2011-11,0.5880608939796768
Kiambu,Kikuyu,0.0141641490709,2011.0,11.0,2011-11,0.4710499419726776
Kiambu,Lari,0.037858207576,2011.0,11.0,2011-11,0.6237324478852077
Kiambu,Limuru,0.0231553754199,2011.0,11.0,2011-11,0.5371875251366389
Kiambu,Ruiru,0.0124421280679,2011.0,11.0,2011-11,0.376226713211891
Kiambu,Thika Town,0.0178033031507,2011.0,11.0,2011-11,0.5255263465844388
Machakos,Kangundo,0.013896319438,2011.0,11.0,2011-11,0.5256576588573072
Machakos,Kathiani,0.0167415041685,2011.0,11.0,2011-11,0.4852971120784388
Machakos,Machakos Town,0.0615270519301,2011.0,11.0,2011-11,0.4475552803954792
Machakos,Masinga,0.11427469357,2011.0,11.0,2011-11,0.4883876303794285
Machakos,Matungulu,0.0472449879416,2011.0,11.0,2011-11,0.4752314605210436
Machakos,Mavoko,0.0684719511619,2011.0,11.0,2011-11,0.3729773137509058
Machakos,Mwala,0.0827962943547,2011.0,11.0,2011-11,0.5057843280948843
Machakos,Yatta,0.0862109028544,2011.0,11.0,2011-11,0.4852381610702537
Nairobi,Dagoretti,0.00198642271282,2011.0,11.0,2011-11,0.4173691851896113
Nairobi,Embakasi Central,0.000664901959297,2011.0,11.0,2011-11,0.2581789835450948
Nairobi,Embakasi East,0.00697580217167,2011.0,11.0,2011-11,0.3096023088855863
Nairobi,Embakasi North,0.000441181256097,2011.0,11.0,2011-11,0.2840658596239284
Nairobi,Embakasi South,0.00142609820487,2011.0,11.0,2011-11,0.274105864848367
Nairobi,Embakasi West,0.000793166442342,2011.0,11.0,2011-11,0.2511543763102723
Nairobi,Kamukunji,0.000718135459802,2011.0,11.0,2011-11,0.2927231797285765
Nairobi,Kasarani,0.0110736011415,2011.0,11.0,2011-11,0.3353048287486467
Nairobi,Kibra,0.00100197842996,2011.0,11.0,2011-11,0.4164217701648732
Nairobi,Kilimani,0.00238546350977,2011.0,11.0,2011-11,0.4447564217520052
Nairobi,Langata,0.0170497156745,2011.0,11.0,2011-11,0.4350990140024758
Nairobi,Makadara,0.000974908477702,2011.0,11.0,2011-11,0.278923490893586
Nairobi,Mathare,0.000235884309461,2011.0,11.0,2011-11,0.2553285888282234
Nairobi,Roysambu,0.00390887981589,2011.0,11.0,2011-11,0.4627013951593309
Nairobi,Ruaraka,0.000583416833502,2011.0,11.0,2011-11,0.2953428913087728
Nairobi,Starehe,0.00136813789598,2011.0,11.0,2011-11,0.307292702550312
Nairobi,Westlands,0.00590790301496,2011.0,11.0,2011-11,0.460471570554243
Turkana,Loima,0.792863767753,2011.0,11.0,2011-11,0.3307329981186722
Turkana,Turkana Central,0.538281501213,2011.0,11.0,2011-11,0.1622070164802016
Turkana,Turkana East,0.909087463502,2011.0,11.0,2011-11,0.3316216948263932
Turkana,Turkana North,1.66897152383,2011.0,11.0,2011-11,0.3727122047707045
Turkana,Turkana South,0.603285539944,2011.0,11.0,2011-11,0.2751028158693548
Turkana,Turkana West,1.19593592043,2011.0,11.0,2011-11,0.4234125618109819
Kiambu,Gatundu North,0.0190562071078,2011.0,12.0,2011-12,0.8027621663774018
Kiambu,Gatundu South,0.018013492523,2011.0,12.0,2011-12,0.8017719839115589
Kiambu,Githunguri,0.0140557399999,2011.0,12.0,2011-12,0.795129882614042
Kiambu,Juja,0.0303444523402,2011.0,12.0,2011-12,0.6452741719646191
Kiambu,Kabete,0.00456838148631,2011.0,12.0,2011-12,0.7422332107556504
Kiambu,Kiambaa,0.00720464174127,2011.0,12.0,2011-12,0.7658569864792883
Kiambu,Kiambu,0.00796244668767,2011.0,12.0,2011-12,0.7530144597112839
Kiambu,Kikuyu,0.0141641490709,2011.0,12.0,2011-12,0.6768952303077197
Kiambu,Lari,0.037858207576,2011.0,12.0,2011-12,0.8094177126810221
Kiambu,Limuru,0.0231553754199,2011.0,12.0,2011-12,0.7143881080418455
Kiambu,Ruiru,0.0124421280679,2011.0,12.0,2011-12,0.5729637470309735
Kiambu,Thika Town,0.0178033031507,2011.0,12.0,2011-12,0.6686473672250456
Machakos,Kangundo,0.013896319438,2011.0,12.0,2011-12,0.7410389716924318
Machakos,Kathiani,0.0167415041685,2011.0,12.0,2011-12,0.706640853733467
Machakos,Machakos Town,0.0615270519301,2011.0,12.0,2011-12,0.6248272234068979
Machakos,Masinga,0.11427469357,2011.0,12.0,2011-12,0.5871065431162268
Machakos,Matungulu,0.0472449879416,2011.0,12.0,2011-12,0.6563100969510938
Machakos,Mavoko,0.0684719511619,2011.0,12.0,2011-12,0.5745406563678903
Machakos,Mwala,0.0827962943547,2011.0,12.0,2011-12,0.661581508974057
Machakos,Yatta,0.0862109028544,2011.0,12.0,2011-12,0.6328625259630704
Nairobi,Dagoretti,0.00198642271282,2011.0,12.0,2011-12,0.6602565218690244
Nairobi,Embakasi Central,0.000664901959297,2011.0,12.0,2011-12,0.3339634629690245
Nairobi,Embakasi East,0.00697580217167,2011.0,12.0,2011-12,0.4908982468180684
Nairobi,Embakasi North,0.000441181256097,2011.0,12.0,2011-12,0.4055973903872907
Nairobi,Embakasi South,0.00142609820487,2011.0,12.0,2011-12,0.3743494423018227
Nairobi,Embakasi West,0.000793166442342,2011.0,12.0,2011-12,0.3673396588299888
Nairobi,Kamukunji,0.000718135459802,2011.0,12.0,2011-12,0.4494074145952045
Nairobi,Kasarani,0.0110736011415,2011.0,12.0,2011-12,0.5587252453721405
Nairobi,Kibra,0.00100197842996,2011.0,12.0,2011-12,0.5027551130417619
Nairobi,Kilimani,0.00238546350977,2011.0,12.0,2011-12,0.5592606400185799
Nairobi,Langata,0.0170497156745,2011.0,12.0,2011-12,0.6627596976049955
Nairobi,Makadara,0.000974908477702,2011.0,12.0,2011-12,0.3969883555663844
Nairobi,Mathare,0.000235884309461,2011.0,12.0,2011-12,0.3774945359092819
Nairobi,Roysambu,0.00390887981589,2011.0,12.0,2011-12,0.6351708944912335
Nairobi,Ruaraka,0.000583416833502,2011.0,12.0,2011-12,0.4875834656353892
Nairobi,Starehe,0.00136813789598,2011.0,12.0,2011-12,0.3569265339463334
Nairobi,Westlands,0.00590790301496,2011.0,12.0,2011-12,0.6889341136608649
Turkana,Loima,0.792863767753,2011.0,12.0,2011-12,0.3515427141046933
Turkana,Turkana Central,0.538281501213,2011.0,12.0,2011-12,0.1881085423674731
Turkana,Turkana East,0.909087463502,2011.0,12.0,2011-12,0.3432568819831318
Turkana,Turkana North,1.66897152383,2011.0,12.0,2011-12,0.4061593378496023
Turkana,Turkana South,0.603285539944,2011.0,12.0,2011-12,0.2898905220636874
Turkana,Turkana West,1.19593592043,2011.0,12.0,2011-12,0.4270411896578023
Kiambu,Gatundu North,0.0190562071078,2012.0,1.0,2012-01,0.7450465090557669
Kiambu,Gatundu South,0.018013492523,2012.0,1.0,2012-01,0.7428712915991363
Kiambu,Githunguri,0.0140557399999,2012.0,1.0,2012-01,0.736857599899797
Kiambu,Juja,0.0303444523402,2012.0,1.0,2012-01,0.5093753164920023
Kiambu,Kabete,0.00456838148631,2012.0,1.0,2012-01,0.6879226582464893
Kiambu,Kiambaa,0.00720464174127,2012.0,1.0,2012-01,0.7131783676842905
Kiambu,Kiambu,0.00796244668767,2012.0,1.0,2012-01,0.6732506738390439
Kiambu,Kikuyu,0.0141641490709,2012.0,1.0,2012-01,0.5703683705704422
Kiambu,Lari,0.037858207576,2012.0,1.0,2012-01,0.7543577627475907
Kiambu,Limuru,0.0231553754199,2012.0,1.0,2012-01,0.6246903467617515
Kiambu,Ruiru,0.0124421280679,2012.0,1.0,2012-01,0.3999250254374444
Kiambu,Thika Town,0.0178033031507,2012.0,1.0,2012-01,0.5373861846820558
Machakos,Kangundo,0.013896319438,2012.0,1.0,2012-01,0.6480219349838384
Machakos,Kathiani,0.0167415041685,2012.0,1.0,2012-01,0.5982426636323461
Machakos,Machakos Town,0.0615270519301,2012.0,1.0,2012-01,0.4744829541081604
Machakos,Masinga,0.11427469357,2012.0,1.0,2012-01,0.4326335915705969
Machakos,Matungulu,0.0472449879416,2012.0,1.0,2012-01,0.5199803853008438
Machakos,Mavoko,0.0684719511619,2012.0,1.0,2012-01,0.3585760909204619
Machakos,Mwala,0.0827962943547,2012.0,1.0,2012-01,0.5195096439332197
Machakos,Yatta,0.0862109028544,2012.0,1.0,2012-01,0.4927479033266457
Nairobi,Dagoretti,0.00198642271282,2012.0,1.0,2012-01,0.6015831401370297
Nairobi,Embakasi Central,0.000664901959297,2012.0,1.0,2012-01,0.2755838902609575
Nairobi,Embakasi East,0.00697580217167,2012.0,1.0,2012-01,0.366553353931756
Nairobi,Embakasi North,0.000441181256097,2012.0,1.0,2012-01,0.3457692994659603
Nairobi,Embakasi South,0.00142609820487,2012.0,1.0,2012-01,0.3107200396770343
Nairobi,Embakasi West,0.000793166442342,2012.0,1.0,2012-01,0.3197545322950983
Nairobi,Kamukunji,0.000718135459802,2012.0,1.0,2012-01,0.3719364921408315
Nairobi,Kasarani,0.0110736011415,2012.0,1.0,2012-01,0.3814094679524512
Nairobi,Kibra,0.00100197842996,2012.0,1.0,2012-01,0.4571172267746075
Nairobi,Kilimani,0.00238546350977,2012.0,1.0,2012-01,0.5324073897427813
Nairobi,Langata,0.0170497156745,2012.0,1.0,2012-01,0.5532375806775348
Nairobi,Makadara,0.000974908477702,2012.0,1.0,2012-01,0.3364941787983999
Nairobi,Mathare,0.000235884309461,2012.0,1.0,2012-01,0.3359170516589669
Nairobi,Roysambu,0.00390887981589,2012.0,1.0,2012-01,0.5557642965238688
Nairobi,Ruaraka,0.000583416833502,2012.0,1.0,2012-01,0.4237652571409189
Nairobi,Starehe,0.00136813789598,2012.0,1.0,2012-01,0.3116889703331018
Nairobi,Westlands,0.00590790301496,2012.0,1.0,2012-01,0.6518335702663065
Turkana,Loima,0.792863767753,2012.0,1.0,2012-01,0.2725939571579197
Turkana,Turkana Central,0.538281501213,2012.0,1.0,2012-01,0.154141656689636
Turkana,Turkana East,0.909087463502,2012.0,1.0,2012-01,0.2291988416247213
Turkana,Turkana North,1.66897152383,2012.0,1.0,2012-01,0.2899803790793877
Turkana,Turkana South,0.603285539944,2012.0,1.0,2012-01,0.217457563675687
Turkana,Turkana West,1.19593592043,2012.0,1.0,2012-01,0.3011876319664615
Kiambu,Gatundu North,0.0190562071078,2012.0,2.0,2012-02,0.6927865939042773
Kiambu,Gatundu South,0.018013492523,2012.0,2.0,2012-02,0.6782655445825039
Kiambu,Githunguri,0.0140557399999,2012.0,2.0,2012-02,0.6538045243764794
Kiambu,Juja,0.0303444523402,2012.0,2.0,2012-02,0.4076030322348921
Kiambu,Kabete,0.00456838148631,2012.0,2.0,2012-02,0.5767944922338588
Kiambu,Kiambaa,0.00720464174127,2012.0,2.0,2012-02,0.6304847197280486
Kiambu,Kiambu,0.00796244668767,2012.0,2.0,2012-02,0.5828901324322316
Kiambu,Kikuyu,0.0141641490709,2012.0,2.0,2012-02,0.4509471906675864
Kiambu,Lari,0.037858207576,2012.0,2.0,2012-02,0.6925780879869503
Kiambu,Limuru,0.0231553754199,2012.0,2.0,2012-02,0.5192244138058906
Kiambu,Ruiru,0.0124421280679,2012.0,2.0,2012-02,0.3028298923360161
Kiambu,Thika Town,0.0178033031507,2012.0,2.0,2012-02,0.428557876378587
Machakos,Kangundo,0.013896319438,2012.0,2.0,2012-02,0.5193369524278566
Machakos,Kathiani,0.0167415041685,2012.0,2.0,2012-02,0.4681275538272849
Machakos,Machakos Town,0.0615270519301,2012.0,2.0,2012-02,0.3579538793905779
Machakos,Masinga,0.11427469357,2012.0,2.0,2012-02,0.3262969059618918
Machakos,Matungulu,0.0472449879416,2012.0,2.0,2012-02,0.3868403960308588
Machakos,Mavoko,0.0684719511619,2012.0,2.0,2012-02,0.2733101522370465
Machakos,Mwala,0.0827962943547,2012.0,2.0,2012-02,0.3851192244622587
Machakos,Yatta,0.0862109028544,2012.0,2.0,2012-02,0.3554336425843655
Nairobi,Dagoretti,0.00198642271282,2012.0,2.0,2012-02,0.4833015276449968
Nairobi,Embakasi Central,0.000664901959297,2012.0,2.0,2012-02,0.2204927991192311
Nairobi,Embakasi East,0.00697580217167,2012.0,2.0,2012-02,0.265625926078227
Nairobi,Embakasi North,0.000441181256097,2012.0,2.0,2012-02,0.2914381434277253
Nairobi,Embakasi South,0.00142609820487,2012.0,2.0,2012-02,0.2407194694930773
Nairobi,Embakasi West,0.000793166442342,2012.0,2.0,2012-02,0.2550044748926823
Nairobi,Kamukunji,0.000718135459802,2012.0,2.0,2012-02,0.2938532923170093
Nairobi,Kasarani,0.0110736011415,2012.0,2.0,2012-02,0.2867828406537063
Nairobi,Kibra,0.00100197842996,2012.0,2.0,2012-02,0.3711385803139503
Nairobi,Kilimani,0.00238546350977,2012.0,2.0,2012-02,0.4609223840609162
Nairobi,Langata,0.0170497156745,2012.0,2.0,2012-02,0.4161044339433286
Nairobi,Makadara,0.000974908477702,2012.0,2.0,2012-02,0.2619495624454327
Nairobi,Mathare,0.000235884309461,2012.0,2.0,2012-02,0.2941727005459891
Nairobi,Roysambu,0.00390887981589,2012.0,2.0,2012-02,0.457151664928939
Nairobi,Ruaraka,0.000583416833502,2012.0,2.0,2012-02,0.3433534992197571
Nairobi,Starehe,0.00136813789598,2012.0,2.0,2012-02,0.2582757590215128
Nairobi,Westlands,0.00590790301496,2012.0,2.0,2012-02,0.5778510539778626
Turkana,Loima,0.792863767753,2012.0,2.0,2012-02,0.2163146136493096
Turkana,Turkana Central,0.538281501213,2012.0,2.0,2012-02,0.1282658448876981
Turkana,Turkana East,0.909087463502,2012.0,2.0,2012-02,0.181627386656833
Turkana,Turkana North,1.66897152383,2012.0,2.0,2012-02,0.2033658754786106
Turkana,Turkana South,0.603285539944,2012.0,2.0,2012-02,0.1762148975489557
Turkana,Turkana West,1.19593592043,2012.0,2.0,2012-02,0.2293925746792553
Kiambu,Gatundu North,0.0190562071078,2012.0,3.0,2012-03,0.6453723876956168
Kiambu,Gatundu South,0.018013492523,2012.0,3.0,2012-03,0.6210702829971144
Kiambu,Githunguri,0.0140557399999,2012.0,3.0,2012-03,0.5970999123932897
Kiambu,Juja,0.0303444523402,2012.0,3.0,2012-03,0.3441686036544308
Kiambu,Kabete,0.00456838148631,2012.0,3.0,2012-03,0.51051357601982
Kiambu,Kiambaa,0.00720464174127,2012.0,3.0,2012-03,0.5696293099329462
Kiambu,Kiambu,0.00796244668767,2012.0,3.0,2012-03,0.5160657374462692
Kiambu,Kikuyu,0.0141641490709,2012.0,3.0,2012-03,0.4151514913231352
Kiambu,Lari,0.037858207576,2012.0,3.0,2012-03,0.6737387205489235
Kiambu,Limuru,0.0231553754199,2012.0,3.0,2012-03,0.4786352205531855
Kiambu,Ruiru,0.0124421280679,2012.0,3.0,2012-03,0.2569629539391475
Kiambu,Thika Town,0.0178033031507,2012.0,3.0,2012-03,0.3562417383115265
Machakos,Kangundo,0.013896319438,2012.0,3.0,2012-03,0.4365285375918294
Machakos,Kathiani,0.0167415041685,2012.0,3.0,2012-03,0.3887020913533688
Machakos,Machakos Town,0.0615270519301,2012.0,3.0,2012-03,0.3082657267694854
Machakos,Masinga,0.11427469357,2012.0,3.0,2012-03,0.2875772210930948
Machakos,Matungulu,0.0472449879416,2012.0,3.0,2012-03,0.3221448057817316
Machakos,Mavoko,0.0684719511619,2012.0,3.0,2012-03,0.2357417695104718
Machakos,Mwala,0.0827962943547,2012.0,3.0,2012-03,0.3320281733385186
Machakos,Yatta,0.0862109028544,2012.0,3.0,2012-03,0.3041293348774088
Nairobi,Dagoretti,0.00198642271282,2012.0,3.0,2012-03,0.4238008858150099
Nairobi,Embakasi Central,0.000664901959297,2012.0,3.0,2012-03,0.1870065031094711
Nairobi,Embakasi East,0.00697580217167,2012.0,3.0,2012-03,0.2225696061721535
Nairobi,Embakasi North,0.000441181256097,2012.0,3.0,2012-03,0.259788008795943
Nairobi,Embakasi South,0.00142609820487,2012.0,3.0,2012-03,0.200816875919092
Nairobi,Embakasi West,0.000793166442342,2012.0,3.0,2012-03,0.2184626921733052
Nairobi,Kamukunji,0.000718135459802,2012.0,3.0,2012-03,0.2432496600324825
Nairobi,Kasarani,0.0110736011415,2012.0,3.0,2012-03,0.2442071438397035
Nairobi,Kibra,0.00100197842996,2012.0,3.0,2012-03,0.323590633823675
Nairobi,Kilimani,0.00238546350977,2012.0,3.0,2012-03,0.4122660527210742
Nairobi,Langata,0.0170497156745,2012.0,3.0,2012-03,0.3469936277074759
Nairobi,Makadara,0.000974908477702,2012.0,3.0,2012-03,0.2282104566404744
Nairobi,Mathare,0.000235884309461,2012.0,3.0,2012-03,0.2471546871062579
Nairobi,Roysambu,0.00390887981589,2012.0,3.0,2012-03,0.3863032362230229
Nairobi,Ruaraka,0.000583416833502,2012.0,3.0,2012-03,0.3050377417056789
Nairobi,Starehe,0.00136813789598,2012.0,3.0,2012-03,0.2310803456800833
Nairobi,Westlands,0.00590790301496,2012.0,3.0,2012-03,0.5141550274877962
Turkana,Loima,0.792863767753,2012.0,3.0,2012-03,0.2020411303444551
Turkana,Turkana Central,0.538281501213,2012.0,3.0,2012-03,0.1183866540763702
Turkana,Turkana East,0.909087463502,2012.0,3.0,2012-03,0.1716920263530205
Turkana,Turkana North,1.66897152383,2012.0,3.0,2012-03,0.183659617953416
Turkana,Turkana South,0.603285539944,2012.0,3.0,2012-03,0.1676542533159842
Turkana,Turkana West,1.19593592043,2012.0,3.0,2012-03,0.2128549526516042
Kiambu,Gatundu North,0.0190562071078,2012.0,4.0,2012-04,0.7185756857740162
Kiambu,Gatundu South,0.018013492523,2012.0,4.0,2012-04,0.7024735172655363
Kiambu,Githunguri,0.0140557399999,2012.0,4.0,2012-04,0.7021293711878753
Kiambu,Juja,0.0303444523402,2012.0,4.0,2012-04,0.4876631208350526
Kiambu,Kabete,0.00456838148631,2012.0,4.0,2012-04,0.5850948073408002
Kiambu,Kiambaa,0.00720464174127,2012.0,4.0,2012-04,0.6529378312217512
Kiambu,Kiambu,0.00796244668767,2012.0,4.0,2012-04,0.6404328954953166
Kiambu,Kikuyu,0.0141641490709,2012.0,4.0,2012-04,0.4841839436094535
Kiambu,Lari,0.037858207576,2012.0,4.0,2012-04,0.6931286090826234
Kiambu,Limuru,0.0231553754199,2012.0,4.0,2012-04,0.5363234261089598
Kiambu,Ruiru,0.0124421280679,2012.0,4.0,2012-04,0.4237069429120154
Kiambu,Thika Town,0.0178033031507,2012.0,4.0,2012-04,0.5350386037725374
Machakos,Kangundo,0.013896319438,2012.0,4.0,2012-04,0.6334648365272527
Machakos,Kathiani,0.0167415041685,2012.0,4.0,2012-04,0.5826572810102107
Machakos,Machakos Town,0.0615270519301,2012.0,4.0,2012-04,0.5032724165606571
Machakos,Masinga,0.11427469357,2012.0,4.0,2012-04,0.4871009952219846
Machakos,Matungulu,0.0472449879416,2012.0,4.0,2012-04,0.5046889811176045
Machakos,Mavoko,0.0684719511619,2012.0,4.0,2012-04,0.4148530806631892
Machakos,Mwala,0.0827962943547,2012.0,4.0,2012-04,0.5438293809802761
Machakos,Yatta,0.0862109028544,2012.0,4.0,2012-04,0.4888200433970113
Nairobi,Dagoretti,0.00198642271282,2012.0,4.0,2012-04,0.5601840498526134
Nairobi,Embakasi Central,0.000664901959297,2012.0,4.0,2012-04,0.2937860743297528
Nairobi,Embakasi East,0.00697580217167,2012.0,4.0,2012-04,0.3872075019284429
Nairobi,Embakasi North,0.000441181256097,2012.0,4.0,2012-04,0.348868294215321
Nairobi,Embakasi South,0.00142609820487,2012.0,4.0,2012-04,0.2904065175772036
Nairobi,Embakasi West,0.000793166442342,2012.0,4.0,2012-04,0.3473966257362482
Nairobi,Kamukunji,0.000718135459802,2012.0,4.0,2012-04,0.4202742918490378
Nairobi,Kasarani,0.0110736011415,2012.0,4.0,2012-04,0.446003410288658
Nairobi,Kibra,0.00100197842996,2012.0,4.0,2012-04,0.4550226123013135
Nairobi,Kilimani,0.00238546350977,2012.0,4.0,2012-04,0.5159199483240573
Nairobi,Langata,0.0170497156745,2012.0,4.0,2012-04,0.5344104206427753
Nairobi,Makadara,0.000974908477702,2012.0,4.0,2012-04,0.3360178240035739
Nairobi,Mathare,0.000235884309461,2012.0,4.0,2012-04,0.3515994204115918
Nairobi,Roysambu,0.00390887981589,2012.0,4.0,2012-04,0.5302337948435034
Nairobi,Ruaraka,0.000583416833502,2012.0,4.0,2012-04,0.4468213125042405
Nairobi,Starehe,0.00136813789598,2012.0,4.0,2012-04,0.3306478993176033
Nairobi,Westlands,0.00590790301496,2012.0,4.0,2012-04,0.5935702817080605
Turkana,Loima,0.792863767753,2012.0,4.0,2012-04,0.2500639306000555
Turkana,Turkana Central,0.538281501213,2012.0,4.0,2012-04,0.1357641963200693
Turkana,Turkana East,0.909087463502,2012.0,4.0,2012-04,0.2352791977556489
Turkana,Turkana North,1.66897152383,2012.0,4.0,2012-04,0.2483900212154547
Turkana,Turkana South,0.603285539944,2012.0,4.0,2012-04,0.211068637662214
Turkana,Turkana West,1.19593592043,2012.0,4.0,2012-04,0.2841799051315384
Kiambu,Gatundu North,0.0190562071078,2012.0,5.0,2012-05,0.7626217605183496
Kiambu,Gatundu South,0.018013492523,2012.0,5.0,2012-05,0.7552056650481606
Kiambu,Githunguri,0.0140557399999,2012.0,5.0,2012-05,0.7313391010214454
Kiambu,Juja,0.0303444523402,2012.0,5.0,2012-05,0.5944318306115112
Kiambu,Kabete,0.00456838148631,2012.0,5.0,2012-05,0.6784185464798979
Kiambu,Kiambaa,0.00720464174127,2012.0,5.0,2012-05,0.6968989939096387
Kiambu,Kiambu,0.00796244668767,2012.0,5.0,2012-05,0.6707598009789556
Kiambu,Kikuyu,0.0141641490709,2012.0,5.0,2012-05,0.6701341968068923
Kiambu,Lari,0.037858207576,2012.0,5.0,2012-05,0.7499652355041033
Kiambu,Limuru,0.0231553754199,2012.0,5.0,2012-05,0.6754443556392354
Kiambu,Ruiru,0.0124421280679,2012.0,5.0,2012-05,0.5795448963742106
Kiambu,Thika Town,0.0178033031507,2012.0,5.0,2012-05,0.5772234269522472
Machakos,Kangundo,0.013896319438,2012.0,5.0,2012-05,0.6678268082780459
Machakos,Kathiani,0.0167415041685,2012.0,5.0,2012-05,0.6438256315592961
Machakos,Machakos Town,0.0615270519301,2012.0,5.0,2012-05,0.62064815754626
Machakos,Masinga,0.11427469357,2012.0,5.0,2012-05,0.5391134142025341
Machakos,Matungulu,0.0472449879416,2012.0,5.0,2012-05,0.5620342750458731
Machakos,Mavoko,0.0684719511619,2012.0,5.0,2012-05,0.6005014587878997
Machakos,Mwala,0.0827962943547,2012.0,5.0,2012-05,0.5923722389200354
Machakos,Yatta,0.0862109028544,2012.0,5.0,2012-05,0.577855962793055
Nairobi,Dagoretti,0.00198642271282,2012.0,5.0,2012-05,0.5911824848629703
Nairobi,Embakasi Central,0.000664901959297,2012.0,5.0,2012-05,0.3352647722200732
Nairobi,Embakasi East,0.00697580217167,2012.0,5.0,2012-05,0.5052298066451887
Nairobi,Embakasi North,0.000441181256097,2012.0,5.0,2012-05,0.4000495377642148
Nairobi,Embakasi South,0.00142609820487,2012.0,5.0,2012-05,0.3731735461002745
Nairobi,Embakasi West,0.000793166442342,2012.0,5.0,2012-05,0.3764960142757311
Nairobi,Kamukunji,0.000718135459802,2012.0,5.0,2012-05,0.4344432130371347
Nairobi,Kasarani,0.0110736011415,2012.0,5.0,2012-05,0.5800205049646094
Nairobi,Kibra,0.00100197842996,2012.0,5.0,2012-05,0.463042228255504
Nairobi,Kilimani,0.00238546350977,2012.0,5.0,2012-05,0.5107593041581299
Nairobi,Langata,0.0170497156745,2012.0,5.0,2012-05,0.6427326675708509
Nairobi,Makadara,0.000974908477702,2012.0,5.0,2012-05,0.3936443219427016
Nairobi,Mathare,0.000235884309461,2012.0,5.0,2012-05,0.3563707559848803
Nairobi,Roysambu,0.00390887981589,2012.0,5.0,2012-05,0.5948488579078425
Nairobi,Ruaraka,0.000583416833502,2012.0,5.0,2012-05,0.4586861727389919
Nairobi,Starehe,0.00136813789598,2012.0,5.0,2012-05,0.326287040972704
Nairobi,Westlands,0.00590790301496,2012.0,5.0,2012-05,0.6029463090686296
Turkana,Loima,0.792863767753,2012.0,5.0,2012-05,0.3765102154876551
Turkana,Turkana Central,0.538281501213,2012.0,5.0,2012-05,0.1632759456202857
Turkana,Turkana East,0.909087463502,2012.0,5.0,2012-05,0.363278874040044
Turkana,Turkana North,1.66897152383,2012.0,5.0,2012-05,0.4149909842419554
Turkana,Turkana South,0.603285539944,2012.0,5.0,2012-05,0.3020740409738604
Turkana,Turkana West,1.19593592043,2012.0,5.0,2012-05,0.514614748020937
Kiambu,Gatundu North,0.0190562071078,2012.0,6.0,2012-06,0.6073113791360268
Kiambu,Gatundu South,0.018013492523,2012.0,6.0,2012-06,0.6113368809266554
Kiambu,Githunguri,0.0140557399999,2012.0,6.0,2012-06,0.6138047575721742
Kiambu,Juja,0.0303444523402,2012.0,6.0,2012-06,0.5650730584329534
Kiambu,Kabete,0.00456838148631,2012.0,6.0,2012-06,0.5289539610350227
Kiambu,Kiambaa,0.00720464174127,2012.0,6.0,2012-06,0.589382867632118
Kiambu,Kiambu,0.00796244668767,2012.0,6.0,2012-06,0.6101953346833309
Kiambu,Kikuyu,0.0141641490709,2012.0,6.0,2012-06,0.557108351884387
Kiambu,Lari,0.037858207576,2012.0,6.0,2012-06,0.6074726577342447
Kiambu,Limuru,0.0231553754199,2012.0,6.0,2012-06,0.5378068002190337
Kiambu,Ruiru,0.0124421280679,2012.0,6.0,2012-06,0.5359742090544583
Kiambu,Thika Town,0.0178033031507,2012.0,6.0,2012-06,0.5469912179903887
Machakos,Kangundo,0.013896319438,2012.0,6.0,2012-06,0.5313000438413562
Machakos,Kathiani,0.0167415041685,2012.0,6.0,2012-06,0.5493017008382198
Machakos,Machakos Town,0.0615270519301,2012.0,6.0,2012-06,0.5181805890463854
Machakos,Masinga,0.11427469357,2012.0,6.0,2012-06,0.3835072127522154
Machakos,Matungulu,0.0472449879416,2012.0,6.0,2012-06,0.5097290239957941
Machakos,Mavoko,0.0684719511619,2012.0,6.0,2012-06,0.4498124772326192
Machakos,Mwala,0.0827962943547,2012.0,6.0,2012-06,0.4578366151724723
Machakos,Yatta,0.0862109028544,2012.0,6.0,2012-06,0.4544713914919831
Nairobi,Dagoretti,0.00198642271282,2012.0,6.0,2012-06,0.5212295187021987
Nairobi,Embakasi Central,0.000664901959297,2012.0,6.0,2012-06,0.3013071354182163
Nairobi,Embakasi East,0.00697580217167,2012.0,6.0,2012-06,0.439516580217574
Nairobi,Embakasi North,0.000441181256097,2012.0,6.0,2012-06,0.3689066149082258
Nairobi,Embakasi South,0.00142609820487,2012.0,6.0,2012-06,0.3357885033711603
Nairobi,Embakasi West,0.000793166442342,2012.0,6.0,2012-06,0.3346919748926821
Nairobi,Kamukunji,0.000718135459802,2012.0,6.0,2012-06,0.3389388278690782
Nairobi,Kasarani,0.0110736011415,2012.0,6.0,2012-06,0.4765804167664115
Nairobi,Kibra,0.00100197842996,2012.0,6.0,2012-06,0.3331366176325404
Nairobi,Kilimani,0.00238546350977,2012.0,6.0,2012-06,0.4025922452906873
Nairobi,Langata,0.0170497156745,2012.0,6.0,2012-06,0.4932624627140132
Nairobi,Makadara,0.000974908477702,2012.0,6.0,2012-06,0.339912429189255
Nairobi,Mathare,0.000235884309461,2012.0,6.0,2012-06,0.3029463376732467
Nairobi,Roysambu,0.00390887981589,2012.0,6.0,2012-06,0.5493106670344575
Nairobi,Ruaraka,0.000583416833502,2012.0,6.0,2012-06,0.3976772287807858
Nairobi,Starehe,0.00136813789598,2012.0,6.0,2012-06,0.2728897864619474
Nairobi,Westlands,0.00590790301496,2012.0,6.0,2012-06,0.509040521062817
Turkana,Loima,0.792863767753,2012.0,6.0,2012-06,0.3235980953925247
Turkana,Turkana Central,0.538281501213,2012.0,6.0,2012-06,0.1302908554961863
Turkana,Turkana East,0.909087463502,2012.0,6.0,2012-06,0.2794804896987534
Turkana,Turkana North,1.66897152383,2012.0,6.0,2012-06,0.3153557395376081
Turkana,Turkana South,0.603285539944,2012.0,6.0,2012-06,0.2626188590813573
Turkana,Turkana West,1.19593592043,2012.0,6.0,2012-06,0.4294258469215834
Kiambu,Gatundu North,0.0190562071078,2012.0,7.0,2012-07,0.6622552572028856
Kiambu,Gatundu South,0.018013492523,2012.0,7.0,2012-07,0.6389653978298389
Kiambu,Githunguri,0.0140557399999,2012.0,7.0,2012-07,0.6008331271585012
Kiambu,Juja,0.0303444523402,2012.0,7.0,2012-07,0.4405571809673927
Kiambu,Kabete,0.00456838148631,2012.0,7.0,2012-07,0.5223620541940627
Kiambu,Kiambaa,0.00720464174127,2012.0,7.0,2012-07,0.5761673519009721
Kiambu,Kiambu,0.00796244668767,2012.0,7.0,2012-07,0.4501593442989547
Kiambu,Kikuyu,0.0141641490709,2012.0,7.0,2012-07,0.5572108416126428
Kiambu,Lari,0.037858207576,2012.0,7.0,2012-07,0.711473454138564
Kiambu,Limuru,0.0231553754199,2012.0,7.0,2012-07,0.64307338890588
Kiambu,Ruiru,0.0124421280679,2012.0,7.0,2012-07,0.3842028950196667
Kiambu,Thika Town,0.0178033031507,2012.0,7.0,2012-07,0.4271675685195975
Machakos,Kangundo,0.013896319438,2012.0,7.0,2012-07,0.4697445475870881
Machakos,Kathiani,0.0167415041685,2012.0,7.0,2012-07,0.3994539073965105
Machakos,Machakos Town,0.0615270519301,2012.0,7.0,2012-07,0.4336436645509648
Machakos,Masinga,0.11427469357,2012.0,7.0,2012-07,0.3663971093223622
Machakos,Matungulu,0.0472449879416,2012.0,7.0,2012-07,0.3417010973249479
Machakos,Mavoko,0.0684719511619,2012.0,7.0,2012-07,0.3274914573319425
Machakos,Mwala,0.0827962943547,2012.0,7.0,2012-07,0.3745378295990012
Machakos,Yatta,0.0862109028544,2012.0,7.0,2012-07,0.3862782252767224
Nairobi,Dagoretti,0.00198642271282,2012.0,7.0,2012-07,0.3839916437619503
Nairobi,Embakasi Central,0.000664901959297,2012.0,7.0,2012-07,0.2157634599934538
Nairobi,Embakasi East,0.00697580217167,2012.0,7.0,2012-07,0.2928725039419658
Nairobi,Embakasi North,0.000441181256097,2012.0,7.0,2012-07,0.3044195260961269
Nairobi,Embakasi South,0.00142609820487,2012.0,7.0,2012-07,0.2828388689270549
Nairobi,Embakasi West,0.000793166442342,2012.0,7.0,2012-07,0.2177571653189575
Nairobi,Kamukunji,0.000718135459802,2012.0,7.0,2012-07,0.2174372408952017
Nairobi,Kasarani,0.0110736011415,2012.0,7.0,2012-07,0.3078287020197871
Nairobi,Kibra,0.00100197842996,2012.0,7.0,2012-07,0.3485382170006912
Nairobi,Kilimani,0.00238546350977,2012.0,7.0,2012-07,0.2737542858683298
Nairobi,Langata,0.0170497156745,2012.0,7.0,2012-07,0.4346763684870613
Nairobi,Makadara,0.000974908477702,2012.0,7.0,2012-07,0.2342165793587949
Nairobi,Mathare,0.000235884309461,2012.0,7.0,2012-07,0.2730139605207896
Nairobi,Roysambu,0.00390887981589,2012.0,7.0,2012-07,0.3514748684050692
Nairobi,Ruaraka,0.000583416833502,2012.0,7.0,2012-07,0.302249555600787
Nairobi,Starehe,0.00136813789598,2012.0,7.0,2012-07,0.2204303109819568
Nairobi,Westlands,0.00590790301496,2012.0,7.0,2012-07,0.3716402073470426
Turkana,Loima,0.792863767753,2012.0,7.0,2012-07,0.3183456133286256
Turkana,Turkana Central,0.538281501213,2012.0,7.0,2012-07,0.1196344134873284
Turkana,Turkana East,0.909087463502,2012.0,7.0,2012-07,0.2983844737744969
Turkana,Turkana North,1.66897152383,2012.0,7.0,2012-07,0.3220775349529761
Turkana,Turkana South,0.603285539944,2012.0,7.0,2012-07,0.250899635906152
Turkana,Turkana West,1.19593592043,2012.0,7.0,2012-07,0.4527640139696393
Kiambu,Gatundu North,0.0190562071078,2012.0,8.0,2012-08,0.6542252950598113
Kiambu,Gatundu South,0.018013492523,2012.0,8.0,2012-08,0.6906076085190118
Kiambu,Githunguri,0.0140557399999,2012.0,8.0,2012-08,0.6554774754349381
Kiambu,Juja,0.0303444523402,2012.0,8.0,2012-08,0.4896894151098738
Kiambu,Kabete,0.00456838148631,2012.0,8.0,2012-08,0.6322992636676291
Kiambu,Kiambaa,0.00720464174127,2012.0,8.0,2012-08,0.5954971039205672
Kiambu,Kiambu,0.00796244668767,2012.0,8.0,2012-08,0.6457852862325144
Kiambu,Kikuyu,0.0141641490709,2012.0,8.0,2012-08,0.5766278939643196
Kiambu,Lari,0.037858207576,2012.0,8.0,2012-08,0.69002418405394
Kiambu,Limuru,0.0231553754199,2012.0,8.0,2012-08,0.5765336226574018
Kiambu,Ruiru,0.0124421280679,2012.0,8.0,2012-08,0.3712239592110577
Kiambu,Thika Town,0.0178033031507,2012.0,8.0,2012-08,0.4420711047031692
Machakos,Kangundo,0.013896319438,2012.0,8.0,2012-08,0.4713510381007013
Machakos,Kathiani,0.0167415041685,2012.0,8.0,2012-08,0.4171259801280369
Machakos,Machakos Town,0.0615270519301,2012.0,8.0,2012-08,0.3988837359627047
Machakos,Masinga,0.11427469357,2012.0,8.0,2012-08,0.3097741220397295
Machakos,Matungulu,0.0472449879416,2012.0,8.0,2012-08,0.3789476928377684
Machakos,Mavoko,0.0684719511619,2012.0,8.0,2012-08,0.3387476379988561
Machakos,Mwala,0.0827962943547,2012.0,8.0,2012-08,0.332498280239302
Machakos,Yatta,0.0862109028544,2012.0,8.0,2012-08,0.3126093613538303
Nairobi,Dagoretti,0.00198642271282,2012.0,8.0,2012-08,0.4813802785412682
Nairobi,Embakasi Central,0.000664901959297,2012.0,8.0,2012-08,0.2818688933853068
Nairobi,Embakasi East,0.00697580217167,2012.0,8.0,2012-08,0.3194300366404244
Nairobi,Embakasi North,0.000441181256097,2012.0,8.0,2012-08,0.3519693690257145
Nairobi,Embakasi South,0.00142609820487,2012.0,8.0,2012-08,0.3025793908326624
Nairobi,Embakasi West,0.000793166442342,2012.0,8.0,2012-08,0.3428455525606464
Nairobi,Kamukunji,0.000718135459802,2012.0,8.0,2012-08,0.3965130137363392
Nairobi,Kasarani,0.0110736011415,2012.0,8.0,2012-08,0.3351122724479336
Nairobi,Kibra,0.00100197842996,2012.0,8.0,2012-08,0.4268560114522658
Nairobi,Kilimani,0.00238546350977,2012.0,8.0,2012-08,0.4691488578206521
Nairobi,Langata,0.0170497156745,2012.0,8.0,2012-08,0.4786354059952265
Nairobi,Makadara,0.000974908477702,2012.0,8.0,2012-08,0.3488890499685284
Nairobi,Mathare,0.000235884309461,2012.0,8.0,2012-08,0.3640827215455693
Nairobi,Roysambu,0.00390887981589,2012.0,8.0,2012-08,0.5589789045734307
Nairobi,Ruaraka,0.000583416833502,2012.0,8.0,2012-08,0.4354744606146957
Nairobi,Starehe,0.00136813789598,2012.0,8.0,2012-08,0.326581904204256
Nairobi,Westlands,0.00590790301496,2012.0,8.0,2012-08,0.5683387182852437
Turkana,Loima,0.792863767753,2012.0,8.0,2012-08,0.3248616066884105
Turkana,Turkana Central,0.538281501213,2012.0,8.0,2012-08,0.1367520553662903
Turkana,Turkana East,0.909087463502,2012.0,8.0,2012-08,0.3013096476766986
Turkana,Turkana North,1.66897152383,2012.0,8.0,2012-08,0.3376011111233409
Turkana,Turkana South,0.603285539944,2012.0,8.0,2012-08,0.2447097235200764
Turkana,Turkana West,1.19593592043,2012.0,8.0,2012-08,0.4866296456557407
Kiambu,Gatundu North,0.0190562071078,2012.0,9.0,2012-09,0.6867415529851645
Kiambu,Gatundu South,0.018013492523,2012.0,9.0,2012-09,0.6784422473087105
Kiambu,Githunguri,0.0140557399999,2012.0,9.0,2012-09,0.6514207486468456
Kiambu,Juja,0.0303444523402,2012.0,9.0,2012-09,0.4224131818161067
Kiambu,Kabete,0.00456838148631,2012.0,9.0,2012-09,0.6173177906563753
Kiambu,Kiambaa,0.00720464174127,2012.0,9.0,2012-09,0.6254556518444073
Kiambu,Kiambu,0.00796244668767,2012.0,9.0,2012-09,0.6078547681814801
Kiambu,Kikuyu,0.0141641490709,2012.0,9.0,2012-09,0.5285358247141932
Kiambu,Lari,0.037858207576,2012.0,9.0,2012-09,0.7257359177721163
Kiambu,Limuru,0.0231553754199,2012.0,9.0,2012-09,0.5681893247235186
Kiambu,Ruiru,0.0124421280679,2012.0,9.0,2012-09,0.3264510123308013
Kiambu,Thika Town,0.0178033031507,2012.0,9.0,2012-09,0.4105185336000218
Machakos,Kangundo,0.013896319438,2012.0,9.0,2012-09,0.419245313245072
Machakos,Kathiani,0.0167415041685,2012.0,9.0,2012-09,0.3847338552411743
Machakos,Machakos Town,0.0615270519301,2012.0,9.0,2012-09,0.3521793953518871
Machakos,Masinga,0.11427469357,2012.0,9.0,2012-09,0.3031822183346909
Machakos,Matungulu,0.0472449879416,2012.0,9.0,2012-09,0.3552707796361676
Machakos,Mavoko,0.0684719511619,2012.0,9.0,2012-09,0.3078881823533988
Machakos,Mwala,0.0827962943547,2012.0,9.0,2012-09,0.3014357358515986
Machakos,Yatta,0.0862109028544,2012.0,9.0,2012-09,0.3042556718850907
Nairobi,Dagoretti,0.00198642271282,2012.0,9.0,2012-09,0.5189041935548119
Nairobi,Embakasi Central,0.000664901959297,2012.0,9.0,2012-09,0.2411477891510698
Nairobi,Embakasi East,0.00697580217167,2012.0,9.0,2012-09,0.2611883505002607
Nairobi,Embakasi North,0.000441181256097,2012.0,9.0,2012-09,0.3054562917919486
Nairobi,Embakasi South,0.00142609820487,2012.0,9.0,2012-09,0.2454865965150796
Nairobi,Embakasi West,0.000793166442342,2012.0,9.0,2012-09,0.293897948487571
Nairobi,Kamukunji,0.000718135459802,2012.0,9.0,2012-09,0.3282236325598039
Nairobi,Kasarani,0.0110736011415,2012.0,9.0,2012-09,0.2916899355440348
Nairobi,Kibra,0.00100197842996,2012.0,9.0,2012-09,0.3794962493829603
Nairobi,Kilimani,0.00238546350977,2012.0,9.0,2012-09,0.4556530752577574
Nairobi,Langata,0.0170497156745,2012.0,9.0,2012-09,0.4221012980918164
Nairobi,Makadara,0.000974908477702,2012.0,9.0,2012-09,0.2874562983492721
Nairobi,Mathare,0.000235884309461,2012.0,9.0,2012-09,0.3004372910541789
Nairobi,Roysambu,0.00390887981589,2012.0,9.0,2012-09,0.4943369351540668
Nairobi,Ruaraka,0.000583416833502,2012.0,9.0,2012-09,0.3679204372752562
Nairobi,Starehe,0.00136813789598,2012.0,9.0,2012-09,0.2751813078302104
Nairobi,Westlands,0.00590790301496,2012.0,9.0,2012-09,0.5884266072492782
Turkana,Loima,0.792863767753,2012.0,9.0,2012-09,0.2800870403223765
Turkana,Turkana Central,0.538281501213,2012.0,9.0,2012-09,0.1213434770465984
Turkana,Turkana East,0.909087463502,2012.0,9.0,2012-09,0.2471337174758999
Turkana,Turkana North,1.66897152383,2012.0,9.0,2012-09,0.3134660074224294
Turkana,Turkana South,0.603285539944,2012.0,9.0,2012-09,0.2051381726152953
Turkana,Turkana West,1.19593592043,2012.0,9.0,2012-09,0.492417784088887
Kiambu,Gatundu North,0.0190562071078,2012.0,10.0,2012-10,0.6987306836771976
Kiambu,Gatundu South,0.018013492523,2012.0,10.0,2012-10,0.6880986030771389
Kiambu,Githunguri,0.0140557399999,2012.0,10.0,2012-10,0.6885413860437225
Kiambu,Juja,0.0303444523402,2012.0,10.0,2012-10,0.4853367816800002
Kiambu,Kabete,0.00456838148631,2012.0,10.0,2012-10,0.6063483187799404
Kiambu,Kiambaa,0.00720464174127,2012.0,10.0,2012-10,0.6434456639811964
Kiambu,Kiambu,0.00796244668767,2012.0,10.0,2012-10,0.6788710768504492
Kiambu,Kikuyu,0.0141641490709,2012.0,10.0,2012-10,0.553374934989847
Kiambu,Lari,0.037858207576,2012.0,10.0,2012-10,0.7104358335440765
Kiambu,Limuru,0.0231553754199,2012.0,10.0,2012-10,0.6044291493607572
Kiambu,Ruiru,0.0124421280679,2012.0,10.0,2012-10,0.4063898343227442
Kiambu,Thika Town,0.0178033031507,2012.0,10.0,2012-10,0.4776349249104092
Machakos,Kangundo,0.013896319438,2012.0,10.0,2012-10,0.4419276582025329
Machakos,Kathiani,0.0167415041685,2012.0,10.0,2012-10,0.4189379104544627
Machakos,Machakos Town,0.0615270519301,2012.0,10.0,2012-10,0.404778187303029
Machakos,Masinga,0.11427469357,2012.0,10.0,2012-10,0.3738922415517094
Machakos,Matungulu,0.0472449879416,2012.0,10.0,2012-10,0.384016089221967
Machakos,Mavoko,0.0684719511619,2012.0,10.0,2012-10,0.3606418837048666
Machakos,Mwala,0.0827962943547,2012.0,10.0,2012-10,0.3398953958986531
Machakos,Yatta,0.0862109028544,2012.0,10.0,2012-10,0.3591716744616094
Nairobi,Dagoretti,0.00198642271282,2012.0,10.0,2012-10,0.5304706281867431
Nairobi,Embakasi Central,0.000664901959297,2012.0,10.0,2012-10,0.2578082229892582
Nairobi,Embakasi East,0.00697580217167,2012.0,10.0,2012-10,0.3115864231912332
Nairobi,Embakasi North,0.000441181256097,2012.0,10.0,2012-10,0.3457827446932635
Nairobi,Embakasi South,0.00142609820487,2012.0,10.0,2012-10,0.2800433811492465
Nairobi,Embakasi West,0.000793166442342,2012.0,10.0,2012-10,0.3125827979934112
Nairobi,Kamukunji,0.000718135459802,2012.0,10.0,2012-10,0.3468508051862251
Nairobi,Kasarani,0.0110736011415,2012.0,10.0,2012-10,0.3616401560841923
Nairobi,Kibra,0.00100197842996,2012.0,10.0,2012-10,0.4325571714878075
Nairobi,Kilimani,0.00238546350977,2012.0,10.0,2012-10,0.4663065013810663
Nairobi,Langata,0.0170497156745,2012.0,10.0,2012-10,0.4810377338241754
Nairobi,Makadara,0.000974908477702,2012.0,10.0,2012-10,0.316027260360196
Nairobi,Mathare,0.000235884309461,2012.0,10.0,2012-10,0.3516029399412012
Nairobi,Roysambu,0.00390887981589,2012.0,10.0,2012-10,0.529771203739321
Nairobi,Ruaraka,0.000583416833502,2012.0,10.0,2012-10,0.4272275510550241
Nairobi,Starehe,0.00136813789598,2012.0,10.0,2012-10,0.2849940015614156
Nairobi,Westlands,0.00590790301496,2012.0,10.0,2012-10,0.5804660023503572
Turkana,Loima,0.792863767753,2012.0,10.0,2012-10,0.2865506227489838
Turkana,Turkana Central,0.538281501213,2012.0,10.0,2012-10,0.1363040580075884
Turkana,Turkana East,0.909087463502,2012.0,10.0,2012-10,0.2463479981570698
Turkana,Turkana North,1.66897152383,2012.0,10.0,2012-10,0.2909695072892028
Turkana,Turkana South,0.603285539944,2012.0,10.0,2012-10,0.2312649666593467
Turkana,Turkana West,1.19593592043,2012.0,10.0,2012-10,0.4283636757160144
Kiambu,Gatundu North,0.0190562071078,2012.0,11.0,2012-11,0.7717222128914932
Kiambu,Gatundu South,0.018013492523,2012.0,11.0,2012-11,0.7655837638736996
Kiambu,Githunguri,0.0140557399999,2012.0,11.0,2012-11,0.7595209736799888
Kiambu,Juja,0.0303444523402,2012.0,11.0,2012-11,0.5613420795354627
Kiambu,Kabete,0.00456838148631,2012.0,11.0,2012-11,0.7029222368044904
Kiambu,Kiambaa,0.00720464174127,2012.0,11.0,2012-11,0.7308275562768063
Kiambu,Kiambu,0.00796244668767,2012.0,11.0,2012-11,0.7066808686361732
Kiambu,Kikuyu,0.0141641490709,2012.0,11.0,2012-11,0.6443621395113693
Kiambu,Lari,0.037858207576,2012.0,11.0,2012-11,0.7686664569278607
Kiambu,Limuru,0.0231553754199,2012.0,11.0,2012-11,0.6645252149748596
Kiambu,Ruiru,0.0124421280679,2012.0,11.0,2012-11,0.4707345364184712
Kiambu,Thika Town,0.0178033031507,2012.0,11.0,2012-11,0.5722339427294413
Machakos,Kangundo,0.013896319438,2012.0,11.0,2012-11,0.5845766445555932
Machakos,Kathiani,0.0167415041685,2012.0,11.0,2012-11,0.5101242386857536
Machakos,Machakos Town,0.0615270519301,2012.0,11.0,2012-11,0.5030789643216848
Machakos,Masinga,0.11427469357,2012.0,11.0,2012-11,0.4977555302718824
Machakos,Matungulu,0.0472449879416,2012.0,11.0,2012-11,0.4966251020356053
Machakos,Mavoko,0.0684719511619,2012.0,11.0,2012-11,0.3700210869353574
Machakos,Mwala,0.0827962943547,2012.0,11.0,2012-11,0.4908668967835394
Machakos,Yatta,0.0862109028544,2012.0,11.0,2012-11,0.4988693132305234
Nairobi,Dagoretti,0.00198642271282,2012.0,11.0,2012-11,0.5789927352214785
Nairobi,Embakasi Central,0.000664901959297,2012.0,11.0,2012-11,0.2829383015443211
Nairobi,Embakasi East,0.00697580217167,2012.0,11.0,2012-11,0.3324020121038182
Nairobi,Embakasi North,0.000441181256097,2012.0,11.0,2012-11,0.4094324372840281
Nairobi,Embakasi South,0.00142609820487,2012.0,11.0,2012-11,0.3292944771232762
Nairobi,Embakasi West,0.000793166442342,2012.0,11.0,2012-11,0.3539437581112108
Nairobi,Kamukunji,0.000718135459802,2012.0,11.0,2012-11,0.40327757040218
Nairobi,Kasarani,0.0110736011415,2012.0,11.0,2012-11,0.402442057338654
Nairobi,Kibra,0.00100197842996,2012.0,11.0,2012-11,0.437308889327673
Nairobi,Kilimani,0.00238546350977,2012.0,11.0,2012-11,0.5163679418376066
Nairobi,Langata,0.0170497156745,2012.0,11.0,2012-11,0.5386689331340276
Nairobi,Makadara,0.000974908477702,2012.0,11.0,2012-11,0.3481108586627682
Nairobi,Mathare,0.000235884309461,2012.0,11.0,2012-11,0.3774172448551031
Nairobi,Roysambu,0.00390887981589,2012.0,11.0,2012-11,0.5581147573591939
Nairobi,Ruaraka,0.000583416833502,2012.0,11.0,2012-11,0.4732738041929577
Nairobi,Starehe,0.00136813789598,2012.0,11.0,2012-11,0.3179468641568357
Nairobi,Westlands,0.00590790301496,2012.0,11.0,2012-11,0.6559200975632623
Turkana,Loima,0.792863767753,2012.0,11.0,2012-11,0.3071449798040737
Turkana,Turkana Central,0.538281501213,2012.0,11.0,2012-11,0.1348736939991266
Turkana,Turkana East,0.909087463502,2012.0,11.0,2012-11,0.2390441293172523
Turkana,Turkana North,1.66897152383,2012.0,11.0,2012-11,0.289160285532907
Turkana,Turkana South,0.603285539944,2012.0,11.0,2012-11,0.2463876212812864
Turkana,Turkana West,1.19593592043,2012.0,11.0,2012-11,0.4354378758323987
Kiambu,Gatundu North,0.0190562071078,2012.0,12.0,2012-12,0.8213080858325622
Kiambu,Gatundu South,0.018013492523,2012.0,12.0,2012-12,0.8197143772043097
Kiambu,Githunguri,0.0140557399999,2012.0,12.0,2012-12,0.8069937028718115
Kiambu,Juja,0.0303444523402,2012.0,12.0,2012-12,0.615079304574785
Kiambu,Kabete,0.00456838148631,2012.0,12.0,2012-12,0.7492879258816493
Kiambu,Kiambaa,0.00720464174127,2012.0,12.0,2012-12,0.7734174890576695
Kiambu,Kiambu,0.00796244668767,2012.0,12.0,2012-12,0.7627754676124932
Kiambu,Kikuyu,0.0141641490709,2012.0,12.0,2012-12,0.6743952073342074
Kiambu,Lari,0.037858207576,2012.0,12.0,2012-12,0.795297128644221
Kiambu,Limuru,0.0231553754199,2012.0,12.0,2012-12,0.6862179800649595
Kiambu,Ruiru,0.0124421280679,2012.0,12.0,2012-12,0.5456104626594214
Kiambu,Thika Town,0.0178033031507,2012.0,12.0,2012-12,0.6506649475789641
Machakos,Kangundo,0.013896319438,2012.0,12.0,2012-12,0.7158108044746666
Machakos,Kathiani,0.0167415041685,2012.0,12.0,2012-12,0.6656450583586768
Machakos,Machakos Town,0.0615270519301,2012.0,12.0,2012-12,0.5804749129334885
Machakos,Masinga,0.11427469357,2012.0,12.0,2012-12,0.5610083590527927
Machakos,Matungulu,0.0472449879416,2012.0,12.0,2012-12,0.5967121757813171
Machakos,Mavoko,0.0684719511619,2012.0,12.0,2012-12,0.4238152656066875
Machakos,Mwala,0.0827962943547,2012.0,12.0,2012-12,0.5999315893043331
Machakos,Yatta,0.0862109028544,2012.0,12.0,2012-12,0.5932533748604755
Nairobi,Dagoretti,0.00198642271282,2012.0,12.0,2012-12,0.6548540113129383
Nairobi,Embakasi Central,0.000664901959297,2012.0,12.0,2012-12,0.3292522227512125
Nairobi,Embakasi East,0.00697580217167,2012.0,12.0,2012-12,0.4028790583807883
Nairobi,Embakasi North,0.000441181256097,2012.0,12.0,2012-12,0.415540268366019
Nairobi,Embakasi South,0.00142609820487,2012.0,12.0,2012-12,0.3565195818650975
Nairobi,Embakasi West,0.000793166442342,2012.0,12.0,2012-12,0.3752233752620544
Nairobi,Kamukunji,0.000718135459802,2012.0,12.0,2012-12,0.4308054697607836
Nairobi,Kasarani,0.0110736011415,2012.0,12.0,2012-12,0.4676251841854211
Nairobi,Kibra,0.00100197842996,2012.0,12.0,2012-12,0.495497064863264
Nairobi,Kilimani,0.00238546350977,2012.0,12.0,2012-12,0.5578460002986089
Nairobi,Langata,0.0170497156745,2012.0,12.0,2012-12,0.6117376071301359
Nairobi,Makadara,0.000974908477702,2012.0,12.0,2012-12,0.3772323343688453
Nairobi,Mathare,0.000235884309461,2012.0,12.0,2012-12,0.3949294456110879
Nairobi,Roysambu,0.00390887981589,2012.0,12.0,2012-12,0.6427910953253431
Nairobi,Ruaraka,0.000583416833502,2012.0,12.0,2012-12,0.4952226779293035
Nairobi,Starehe,0.00136813789598,2012.0,12.0,2012-12,0.3547519597212582
Nairobi,Westlands,0.00590790301496,2012.0,12.0,2012-12,0.6955514878899683
Turkana,Loima,0.792863767753,2012.0,12.0,2012-12,0.2822463977585218
Turkana,Turkana Central,0.538281501213,2012.0,12.0,2012-12,0.132428755995696
Turkana,Turkana East,0.909087463502,2012.0,12.0,2012-12,0.2241299429985133
Turkana,Turkana North,1.66897152383,2012.0,12.0,2012-12,0.2720389954672682
Turkana,Turkana South,0.603285539944,2012.0,12.0,2012-12,0.223775722543656
Turkana,Turkana West,1.19593592043,2012.0,12.0,2012-12,0.3678589197733019
Kiambu,Gatundu North,0.0190562071078,2013.0,1.0,2013-01,0.8001466083951644
Kiambu,Gatundu South,0.018013492523,2013.0,1.0,2013-01,0.7983822230530698
Kiambu,Githunguri,0.0140557399999,2013.0,1.0,2013-01,0.7749995614738735
Kiambu,Juja,0.0303444523402,2013.0,1.0,2013-01,0.5924916093522976
Kiambu,Kabete,0.00456838148631,2013.0,1.0,2013-01,0.7342254736349698
Kiambu,Kiambaa,0.00720464174127,2013.0,1.0,2013-01,0.7429918068438309
Kiambu,Kiambu,0.00796244668767,2013.0,1.0,2013-01,0.7256448252043637
Kiambu,Kikuyu,0.0141641490709,2013.0,1.0,2013-01,0.6684923590375997
Kiambu,Lari,0.037858207576,2013.0,1.0,2013-01,0.7872067981745714
Kiambu,Limuru,0.0231553754199,2013.0,1.0,2013-01,0.6777463030987465
Kiambu,Ruiru,0.0124421280679,2013.0,1.0,2013-01,0.5064779487562678
Kiambu,Thika Town,0.0178033031507,2013.0,1.0,2013-01,0.5991920198349856
Machakos,Kangundo,0.013896319438,2013.0,1.0,2013-01,0.6960745901616008
Machakos,Kathiani,0.0167415041685,2013.0,1.0,2013-01,0.6008579743666089
Machakos,Machakos Town,0.0615270519301,2013.0,1.0,2013-01,0.5052457956832753
Machakos,Masinga,0.11427469357,2013.0,1.0,2013-01,0.5204158793006225
Machakos,Matungulu,0.0472449879416,2013.0,1.0,2013-01,0.5469794703400742
Machakos,Mavoko,0.0684719511619,2013.0,1.0,2013-01,0.3666069835664641
Machakos,Mwala,0.0827962943547,2013.0,1.0,2013-01,0.5673703852914764
Machakos,Yatta,0.0862109028544,2013.0,1.0,2013-01,0.5755377988549059
Nairobi,Dagoretti,0.00198642271282,2013.0,1.0,2013-01,0.6406868855560872
Nairobi,Embakasi Central,0.000664901959297,2013.0,1.0,2013-01,0.321329742315589
Nairobi,Embakasi East,0.00697580217167,2013.0,1.0,2013-01,0.500518189475237
Nairobi,Embakasi North,0.000441181256097,2013.0,1.0,2013-01,0.3885385002019476
Nairobi,Embakasi South,0.00142609820487,2013.0,1.0,2013-01,0.3748277725368328
Nairobi,Embakasi West,0.000793166442342,2013.0,1.0,2013-01,0.3598701632225216
Nairobi,Kamukunji,0.000718135459802,2013.0,1.0,2013-01,0.4082535772290583
Nairobi,Kasarani,0.0110736011415,2013.0,1.0,2013-01,0.454250730667676
Nairobi,Kibra,0.00100197842996,2013.0,1.0,2013-01,0.4765770056274069
Nairobi,Kilimani,0.00238546350977,2013.0,1.0,2013-01,0.545639694672318
Nairobi,Langata,0.0170497156745,2013.0,1.0,2013-01,0.5961841089475919
Nairobi,Makadara,0.000974908477702,2013.0,1.0,2013-01,0.3774706330835922
Nairobi,Mathare,0.000235884309461,2013.0,1.0,2013-01,0.3779787064258715
Nairobi,Roysambu,0.00390887981589,2013.0,1.0,2013-01,0.6100189767481881
Nairobi,Ruaraka,0.000583416833502,2013.0,1.0,2013-01,0.4767943127077823
Nairobi,Starehe,0.00136813789598,2013.0,1.0,2013-01,0.339500624566273
Nairobi,Westlands,0.00590790301496,2013.0,1.0,2013-01,0.6797177299633727
Turkana,Loima,0.792863767753,2013.0,1.0,2013-01,0.2668049144247296
Turkana,Turkana Central,0.538281501213,2013.0,1.0,2013-01,0.1287087591495496
Turkana,Turkana East,0.909087463502,2013.0,1.0,2013-01,0.2113641700254891
Turkana,Turkana North,1.66897152383,2013.0,1.0,2013-01,0.2745861211865419
Turkana,Turkana South,0.603285539944,2013.0,1.0,2013-01,0.209635254225391
Turkana,Turkana West,1.19593592043,2013.0,1.0,2013-01,0.3410997484907955
Kiambu,Gatundu North,0.0190562071078,2013.0,2.0,2013-02,0.7434487851424799
Kiambu,Gatundu South,0.018013492523,2013.0,2.0,2013-02,0.7388432968126183
Kiambu,Githunguri,0.0140557399999,2013.0,2.0,2013-02,0.71098580454626
Kiambu,Juja,0.0303444523402,2013.0,2.0,2013-02,0.4858547825639167
Kiambu,Kabete,0.00456838148631,2013.0,2.0,2013-02,0.6535778392109982
Kiambu,Kiambaa,0.00720464174127,2013.0,2.0,2013-02,0.6868184649433525
Kiambu,Kiambu,0.00796244668767,2013.0,2.0,2013-02,0.6379445178522627
Kiambu,Kikuyu,0.0141641490709,2013.0,2.0,2013-02,0.5464988268146298
Kiambu,Lari,0.037858207576,2013.0,2.0,2013-02,0.7372392469741641
Kiambu,Limuru,0.0231553754199,2013.0,2.0,2013-02,0.56756862366543
Kiambu,Ruiru,0.0124421280679,2013.0,2.0,2013-02,0.3804237556320091
Kiambu,Thika Town,0.0178033031507,2013.0,2.0,2013-02,0.5173328994638448
Machakos,Kangundo,0.013896319438,2013.0,2.0,2013-02,0.5629086402346941
Machakos,Kathiani,0.0167415041685,2013.0,2.0,2013-02,0.5093568529205335
Machakos,Machakos Town,0.0615270519301,2013.0,2.0,2013-02,0.427596805921648
Machakos,Masinga,0.11427469357,2013.0,2.0,2013-02,0.3674382689444515
Machakos,Matungulu,0.0472449879416,2013.0,2.0,2013-02,0.443017803114509
Machakos,Mavoko,0.0684719511619,2013.0,2.0,2013-02,0.3032361416738481
Machakos,Mwala,0.0827962943547,2013.0,2.0,2013-02,0.4279417973292832
Machakos,Yatta,0.0862109028544,2013.0,2.0,2013-02,0.3993671328834187
Nairobi,Dagoretti,0.00198642271282,2013.0,2.0,2013-02,0.5476257832417147
Nairobi,Embakasi Central,0.000664901959297,2013.0,2.0,2013-02,0.2548311333948286
Nairobi,Embakasi East,0.00697580217167,2013.0,2.0,2013-02,0.3549749101005068
Nairobi,Embakasi North,0.000441181256097,2013.0,2.0,2013-02,0.3099666113180448
Nairobi,Embakasi South,0.00142609820487,2013.0,2.0,2013-02,0.3122481597347463
Nairobi,Embakasi West,0.000793166442342,2013.0,2.0,2013-02,0.2827535614455426
Nairobi,Kamukunji,0.000718135459802,2013.0,2.0,2013-02,0.3266116111982821
Nairobi,Kasarani,0.0110736011415,2013.0,2.0,2013-02,0.3304072191395629
Nairobi,Kibra,0.00100197842996,2013.0,2.0,2013-02,0.3942729134169218
Nairobi,Kilimani,0.00238546350977,2013.0,2.0,2013-02,0.4809915029155846
Nairobi,Langata,0.0170497156745,2013.0,2.0,2013-02,0.5029939934611019
Nairobi,Makadara,0.000974908477702,2013.0,2.0,2013-02,0.3039230086698749
Nairobi,Mathare,0.000235884309461,2013.0,2.0,2013-02,0.3231902393952119
Nairobi,Roysambu,0.00390887981589,2013.0,2.0,2013-02,0.5285777528647203
Nairobi,Ruaraka,0.000583416833502,2013.0,2.0,2013-02,0.3861674960987853
Nairobi,Starehe,0.00136813789598,2013.0,2.0,2013-02,0.2954857202752717
Nairobi,Westlands,0.00590790301496,2013.0,2.0,2013-02,0.6239954265128332
Turkana,Loima,0.792863767753,2013.0,2.0,2013-02,0.2217044215363673
Turkana,Turkana Central,0.538281501213,2013.0,2.0,2013-02,0.1208735052019865
Turkana,Turkana East,0.909087463502,2013.0,2.0,2013-02,0.1775287586358715
Turkana,Turkana North,1.66897152383,2013.0,2.0,2013-02,0.2089108774999788
Turkana,Turkana South,0.603285539944,2013.0,2.0,2013-02,0.174764152181609
Turkana,Turkana West,1.19593592043,2013.0,2.0,2013-02,0.2632017222463832
Kiambu,Gatundu North,0.0190562071078,2013.0,3.0,2013-03,0.7125583968261228
Kiambu,Gatundu South,0.018013492523,2013.0,3.0,2013-03,0.7074445888729304
Kiambu,Githunguri,0.0140557399999,2013.0,3.0,2013-03,0.6574309900473154
Kiambu,Juja,0.0303444523402,2013.0,3.0,2013-03,0.5009911692848427
Kiambu,Kabete,0.00456838148631,2013.0,3.0,2013-03,0.6061956809775021
Kiambu,Kiambaa,0.00720464174127,2013.0,3.0,2013-03,0.6212969874952634
Kiambu,Kiambu,0.00796244668767,2013.0,3.0,2013-03,0.5931119658608096
Kiambu,Kikuyu,0.0141641490709,2013.0,3.0,2013-03,0.5038800076671484
Kiambu,Lari,0.037858207576,2013.0,3.0,2013-03,0.6635161144644414
Kiambu,Limuru,0.0231553754199,2013.0,3.0,2013-03,0.5272745133700455
Kiambu,Ruiru,0.0124421280679,2013.0,3.0,2013-03,0.3821759187687007
Kiambu,Thika Town,0.0178033031507,2013.0,3.0,2013-03,0.523245606411646
Machakos,Kangundo,0.013896319438,2013.0,3.0,2013-03,0.5503511849265439
Machakos,Kathiani,0.0167415041685,2013.0,3.0,2013-03,0.5029756830174953
Machakos,Machakos Town,0.0615270519301,2013.0,3.0,2013-03,0.4053041209392664
Machakos,Masinga,0.11427469357,2013.0,3.0,2013-03,0.3911713399865018
Machakos,Matungulu,0.0472449879416,2013.0,3.0,2013-03,0.4861918399775261
Machakos,Mavoko,0.0684719511619,2013.0,3.0,2013-03,0.3594503038010013
Machakos,Mwala,0.0827962943547,2013.0,3.0,2013-03,0.4283867028489346
Machakos,Yatta,0.0862109028544,2013.0,3.0,2013-03,0.4096386719688342
Nairobi,Dagoretti,0.00198642271282,2013.0,3.0,2013-03,0.541362462655353
Nairobi,Embakasi Central,0.000664901959297,2013.0,3.0,2013-03,0.2841396182342963
Nairobi,Embakasi East,0.00697580217167,2013.0,3.0,2013-03,0.3764265192163715
Nairobi,Embakasi North,0.000441181256097,2013.0,3.0,2013-03,0.3408241551855673
Nairobi,Embakasi South,0.00142609820487,2013.0,3.0,2013-03,0.3024341118448434
Nairobi,Embakasi West,0.000793166442342,2013.0,3.0,2013-03,0.3119711490466206
Nairobi,Kamukunji,0.000718135459802,2013.0,3.0,2013-03,0.3431253833236983
Nairobi,Kasarani,0.0110736011415,2013.0,3.0,2013-03,0.3668663774961503
Nairobi,Kibra,0.00100197842996,2013.0,3.0,2013-03,0.4205979563629187
Nairobi,Kilimani,0.00238546350977,2013.0,3.0,2013-03,0.4847039478595539
Nairobi,Langata,0.0170497156745,2013.0,3.0,2013-03,0.4786420945587704
Nairobi,Makadara,0.000974908477702,2013.0,3.0,2013-03,0.3252225487807354
Nairobi,Mathare,0.000235884309461,2013.0,3.0,2013-03,0.3489538471230575
Nairobi,Roysambu,0.00390887981589,2013.0,3.0,2013-03,0.512191980807385
Nairobi,Ruaraka,0.000583416833502,2013.0,3.0,2013-03,0.4150825344324584
Nairobi,Starehe,0.00136813789598,2013.0,3.0,2013-03,0.3010258652845246
Nairobi,Westlands,0.00590790301496,2013.0,3.0,2013-03,0.5931089256657669
Turkana,Loima,0.792863767753,2013.0,3.0,2013-03,0.2136425194971167
Turkana,Turkana Central,0.538281501213,2013.0,3.0,2013-03,0.0966995076711531
Turkana,Turkana East,0.909087463502,2013.0,3.0,2013-03,0.1896251041133086
Turkana,Turkana North,1.66897152383,2013.0,3.0,2013-03,0.1772765203527498
Turkana,Turkana South,0.603285539944,2013.0,3.0,2013-03,0.1805244133493495
Turkana,Turkana West,1.19593592043,2013.0,3.0,2013-03,0.2603546397184195
Kiambu,Gatundu North,0.0190562071078,2013.0,4.0,2013-04,0.6633195768162397
Kiambu,Gatundu South,0.018013492523,2013.0,4.0,2013-04,0.6719650238932892
Kiambu,Githunguri,0.0140557399999,2013.0,4.0,2013-04,0.630469226330706
Kiambu,Juja,0.0303444523402,2013.0,4.0,2013-04,0.615386178225037
Kiambu,Kabete,0.00456838148631,2013.0,4.0,2013-04,0.5815525838769204
Kiambu,Kiambaa,0.00720464174127,2013.0,4.0,2013-04,0.6164139722721061
Kiambu,Kiambu,0.00796244668767,2013.0,4.0,2013-04,0.654355029194724
Kiambu,Kikuyu,0.0141641490709,2013.0,4.0,2013-04,0.5765632183586993
Kiambu,Lari,0.037858207576,2013.0,4.0,2013-04,0.5538170099098567
Kiambu,Limuru,0.0231553754199,2013.0,4.0,2013-04,0.5167055328796628
Kiambu,Ruiru,0.0124421280679,2013.0,4.0,2013-04,0.5895123258727428
Kiambu,Thika Town,0.0178033031507,2013.0,4.0,2013-04,0.647290009500791
Machakos,Kangundo,0.013896319438,2013.0,4.0,2013-04,0.6975313839349907
Machakos,Kathiani,0.0167415041685,2013.0,4.0,2013-04,0.6333656781493476
Machakos,Machakos Town,0.0615270519301,2013.0,4.0,2013-04,0.6092716991962521
Machakos,Masinga,0.11427469357,2013.0,4.0,2013-04,0.565260545982678
Machakos,Matungulu,0.0472449879416,2013.0,4.0,2013-04,0.6221519472902212
Machakos,Mavoko,0.0684719511619,2013.0,4.0,2013-04,0.6023320906038498
Machakos,Mwala,0.0827962943547,2013.0,4.0,2013-04,0.6106467811867777
Machakos,Yatta,0.0862109028544,2013.0,4.0,2013-04,0.5994037407352596
Nairobi,Dagoretti,0.00198642271282,2013.0,4.0,2013-04,0.5871166980361698
Nairobi,Embakasi Central,0.000664901959297,2013.0,4.0,2013-04,0.362970662362008
Nairobi,Embakasi East,0.00697580217167,2013.0,4.0,2013-04,0.5383993073201446
Nairobi,Embakasi North,0.000441181256097,2013.0,4.0,2013-04,0.4138411569357804
Nairobi,Embakasi South,0.00142609820487,2013.0,4.0,2013-04,0.3768981590410919
Nairobi,Embakasi West,0.000793166442342,2013.0,4.0,2013-04,0.4056008248477585
Nairobi,Kamukunji,0.000718135459802,2013.0,4.0,2013-04,0.4236682013378478
Nairobi,Kasarani,0.0110736011415,2013.0,4.0,2013-04,0.5676872125117459
Nairobi,Kibra,0.00100197842996,2013.0,4.0,2013-04,0.4353774113930299
Nairobi,Kilimani,0.00238546350977,2013.0,4.0,2013-04,0.4717201702071186
Nairobi,Langata,0.0170497156745,2013.0,4.0,2013-04,0.5815246153640887
Nairobi,Makadara,0.000974908477702,2013.0,4.0,2013-04,0.3709816064648433
Nairobi,Mathare,0.000235884309461,2013.0,4.0,2013-04,0.4130509491810166
Nairobi,Roysambu,0.00390887981589,2013.0,4.0,2013-04,0.5790778953415394
Nairobi,Ruaraka,0.000583416833502,2013.0,4.0,2013-04,0.4697832688784856
Nairobi,Starehe,0.00136813789598,2013.0,4.0,2013-04,0.3087026146483922
Nairobi,Westlands,0.00590790301496,2013.0,4.0,2013-04,0.5520822691996065
Turkana,Loima,0.792863767753,2013.0,4.0,2013-04,0.3399256903816054
Turkana,Turkana Central,0.538281501213,2013.0,4.0,2013-04,0.1543961404425511
Turkana,Turkana East,0.909087463502,2013.0,4.0,2013-04,0.315876261519711
Turkana,Turkana North,1.66897152383,2013.0,4.0,2013-04,0.3271855695457418
Turkana,Turkana South,0.603285539944,2013.0,4.0,2013-04,0.2732941313394796
Turkana,Turkana West,1.19593592043,2013.0,4.0,2013-04,0.4150270555574773
Kiambu,Gatundu North,0.0190562071078,2013.0,5.0,2013-05,0.7886504621825186
Kiambu,Gatundu South,0.018013492523,2013.0,5.0,2013-05,0.7770395884117548
Kiambu,Githunguri,0.0140557399999,2013.0,5.0,2013-05,0.7543898769565492
Kiambu,Juja,0.0303444523402,2013.0,5.0,2013-05,0.6150469076314651
Kiambu,Kabete,0.00456838148631,2013.0,5.0,2013-05,0.6996777019066677
Kiambu,Kiambaa,0.00720464174127,2013.0,5.0,2013-05,0.724475878269656
Kiambu,Kiambu,0.00796244668767,2013.0,5.0,2013-05,0.713872813625862
Kiambu,Kikuyu,0.0141641490709,2013.0,5.0,2013-05,0.6860236577603002
Kiambu,Lari,0.037858207576,2013.0,5.0,2013-05,0.7741905124586431
Kiambu,Limuru,0.0231553754199,2013.0,5.0,2013-05,0.7078898724331565
Kiambu,Ruiru,0.0124421280679,2013.0,5.0,2013-05,0.5887285769816564
Kiambu,Thika Town,0.0178033031507,2013.0,5.0,2013-05,0.6150823399727765
Machakos,Kangundo,0.013896319438,2013.0,5.0,2013-05,0.6386024976050946
Machakos,Kathiani,0.0167415041685,2013.0,5.0,2013-05,0.5901938758244533
Machakos,Machakos Town,0.0615270519301,2013.0,5.0,2013-05,0.6086146280741704
Machakos,Masinga,0.11427469357,2013.0,5.0,2013-05,0.5211165853963274
Machakos,Matungulu,0.0472449879416,2013.0,5.0,2013-05,0.5729610413011325
Machakos,Mavoko,0.0684719511619,2013.0,5.0,2013-05,0.5778580879848606
Machakos,Mwala,0.0827962943547,2013.0,5.0,2013-05,0.5780591061205351
Machakos,Yatta,0.0862109028544,2013.0,5.0,2013-05,0.5631235629944964
Nairobi,Dagoretti,0.00198642271282,2013.0,5.0,2013-05,0.6165757000876348
Nairobi,Embakasi Central,0.000664901959297,2013.0,5.0,2013-05,0.3060288719611985
Nairobi,Embakasi East,0.00697580217167,2013.0,5.0,2013-05,0.4956687209315522
Nairobi,Embakasi North,0.000441181256097,2013.0,5.0,2013-05,0.3604935533815014
Nairobi,Embakasi South,0.00142609820487,2013.0,5.0,2013-05,0.3726916199606
Nairobi,Embakasi West,0.000793166442342,2013.0,5.0,2013-05,0.3459562468803034
Nairobi,Kamukunji,0.000718135459802,2013.0,5.0,2013-05,0.4107884617502134
Nairobi,Kasarani,0.0110736011415,2013.0,5.0,2013-05,0.5483403859140126
Nairobi,Kibra,0.00100197842996,2013.0,5.0,2013-05,0.4579314532530359
Nairobi,Kilimani,0.00238546350977,2013.0,5.0,2013-05,0.5282308836337394
Nairobi,Langata,0.0170497156745,2013.0,5.0,2013-05,0.638316498824135
Nairobi,Makadara,0.000974908477702,2013.0,5.0,2013-05,0.3718557907453654
Nairobi,Mathare,0.000235884309461,2013.0,5.0,2013-05,0.3570138471230576
Nairobi,Roysambu,0.00390887981589,2013.0,5.0,2013-05,0.5915623863728388
Nairobi,Ruaraka,0.000583416833502,2013.0,5.0,2013-05,0.4422383387611099
Nairobi,Starehe,0.00136813789598,2013.0,5.0,2013-05,0.3340352185981958
Nairobi,Westlands,0.00590790301496,2013.0,5.0,2013-05,0.6604551575609854
Turkana,Loima,0.792863767753,2013.0,5.0,2013-05,0.369955910097663
Turkana,Turkana Central,0.538281501213,2013.0,5.0,2013-05,0.1607734317855532
Turkana,Turkana East,0.909087463502,2013.0,5.0,2013-05,0.3136096830791477
Turkana,Turkana North,1.66897152383,2013.0,5.0,2013-05,0.3267003107124251
Turkana,Turkana South,0.603285539944,2013.0,5.0,2013-05,0.298237636206927
Turkana,Turkana West,1.19593592043,2013.0,5.0,2013-05,0.4426677067590065
Kiambu,Gatundu North,0.0190562071078,2013.0,6.0,2013-06,0.5488024842634769
Kiambu,Gatundu South,0.018013492523,2013.0,6.0,2013-06,0.5349027235164422
Kiambu,Githunguri,0.0140557399999,2013.0,6.0,2013-06,0.588356483318838
Kiambu,Juja,0.0303444523402,2013.0,6.0,2013-06,0.3880485375954229
Kiambu,Kabete,0.00456838148631,2013.0,6.0,2013-06,0.5178743182428509
Kiambu,Kiambaa,0.00720464174127,2013.0,6.0,2013-06,0.5764894039244113
Kiambu,Kiambu,0.00796244668767,2013.0,6.0,2013-06,0.5653782358933586
Kiambu,Kikuyu,0.0141641490709,2013.0,6.0,2013-06,0.4623642660626056
Kiambu,Lari,0.037858207576,2013.0,6.0,2013-06,0.5675078449639783
Kiambu,Limuru,0.0231553754199,2013.0,6.0,2013-06,0.5270903446260992
Kiambu,Ruiru,0.0124421280679,2013.0,6.0,2013-06,0.3433540676063684
Kiambu,Thika Town,0.0178033031507,2013.0,6.0,2013-06,0.4072702940800611
Machakos,Kangundo,0.013896319438,2013.0,6.0,2013-06,0.4809264056635063
Machakos,Kathiani,0.0167415041685,2013.0,6.0,2013-06,0.4455967654593195
Machakos,Machakos Town,0.0615270519301,2013.0,6.0,2013-06,0.4399510686202731
Machakos,Masinga,0.11427469357,2013.0,6.0,2013-06,0.3872776174527559
Machakos,Matungulu,0.0472449879416,2013.0,6.0,2013-06,0.3858806593285592
Machakos,Mavoko,0.0684719511619,2013.0,6.0,2013-06,0.3752745218669411
Machakos,Mwala,0.0827962943547,2013.0,6.0,2013-06,0.474464195094227
Machakos,Yatta,0.0862109028544,2013.0,6.0,2013-06,0.4627790827089922
Nairobi,Dagoretti,0.00198642271282,2013.0,6.0,2013-06,0.4787234335165705
Nairobi,Embakasi Central,0.000664901959297,2013.0,6.0,2013-06,0.2598493810813225
Nairobi,Embakasi East,0.00697580217167,2013.0,6.0,2013-06,0.3422900380300386
Nairobi,Embakasi North,0.000441181256097,2013.0,6.0,2013-06,0.3073096643180898
Nairobi,Embakasi South,0.00142609820487,2013.0,6.0,2013-06,0.2757984427457616
Nairobi,Embakasi West,0.000793166442342,2013.0,6.0,2013-06,0.2999291042727361
Nairobi,Kamukunji,0.000718135459802,2013.0,6.0,2013-06,0.3492730943926004
Nairobi,Kasarani,0.0110736011415,2013.0,6.0,2013-06,0.335472693841311
Nairobi,Kibra,0.00100197842996,2013.0,6.0,2013-06,0.3225347092506666
Nairobi,Kilimani,0.00238546350977,2013.0,6.0,2013-06,0.3731129094468267
Nairobi,Langata,0.0170497156745,2013.0,6.0,2013-06,0.4297742921318594
Nairobi,Makadara,0.000974908477702,2013.0,6.0,2013-06,0.3028696412255588
Nairobi,Mathare,0.000235884309461,2013.0,6.0,2013-06,0.3217503065938681
Nairobi,Roysambu,0.00390887981589,2013.0,6.0,2013-06,0.4759230632769156
Nairobi,Ruaraka,0.000583416833502,2013.0,6.0,2013-06,0.3697111439039285
Nairobi,Starehe,0.00136813789598,2013.0,6.0,2013-06,0.2778982412387229
Nairobi,Westlands,0.00590790301496,2013.0,6.0,2013-06,0.5153542179203026
Turkana,Loima,0.792863767753,2013.0,6.0,2013-06,0.3031387447367915
Turkana,Turkana Central,0.538281501213,2013.0,6.0,2013-06,0.1330332485490728
Turkana,Turkana East,0.909087463502,2013.0,6.0,2013-06,0.2543278470772777
Turkana,Turkana North,1.66897152383,2013.0,6.0,2013-06,0.2367809969614469
Turkana,Turkana South,0.603285539944,2013.0,6.0,2013-06,0.2522047736118729
Turkana,Turkana West,1.19593592043,2013.0,6.0,2013-06,0.3343281079839528
Kiambu,Gatundu North,0.0190562071078,2013.0,7.0,2013-07,0.5316376684721454
Kiambu,Gatundu South,0.018013492523,2013.0,7.0,2013-07,0.5342540218355661
Kiambu,Githunguri,0.0140557399999,2013.0,7.0,2013-07,0.550122344637062
Kiambu,Juja,0.0303444523402,2013.0,7.0,2013-07,0.3514570619386302
Kiambu,Kabete,0.00456838148631,2013.0,7.0,2013-07,0.5141029869106094
Kiambu,Kiambaa,0.00720464174127,2013.0,7.0,2013-07,0.5010869003684963
Kiambu,Kiambu,0.00796244668767,2013.0,7.0,2013-07,0.4568657794369776
Kiambu,Kikuyu,0.0141641490709,2013.0,7.0,2013-07,0.5193732521276685
Kiambu,Lari,0.037858207576,2013.0,7.0,2013-07,0.6296563905411706
Kiambu,Limuru,0.0231553754199,2013.0,7.0,2013-07,0.5429571959555863
Kiambu,Ruiru,0.0124421280679,2013.0,7.0,2013-07,0.2693787603697333
Kiambu,Thika Town,0.0178033031507,2013.0,7.0,2013-07,0.3357069550240298
Machakos,Kangundo,0.013896319438,2013.0,7.0,2013-07,0.3313888114152646
Machakos,Kathiani,0.0167415041685,2013.0,7.0,2013-07,0.3621917197200105
Machakos,Machakos Town,0.0615270519301,2013.0,7.0,2013-07,0.3389061965830512
Machakos,Masinga,0.11427469357,2013.0,7.0,2013-07,0.2978355192524231
Machakos,Matungulu,0.0472449879416,2013.0,7.0,2013-07,0.306325547144867
Machakos,Mavoko,0.0684719511619,2013.0,7.0,2013-07,0.2940490738207688
Machakos,Mwala,0.0827962943547,2013.0,7.0,2013-07,0.3599776254920161
Machakos,Yatta,0.0862109028544,2013.0,7.0,2013-07,0.349438450613098
Nairobi,Dagoretti,0.00198642271282,2013.0,7.0,2013-07,0.4567655074888463
Nairobi,Embakasi Central,0.000664901959297,2013.0,7.0,2013-07,0.2052107090784657
Nairobi,Embakasi East,0.00697580217167,2013.0,7.0,2013-07,0.2797616823967148
Nairobi,Embakasi North,0.000441181256097,2013.0,7.0,2013-07,0.2132498406857244
Nairobi,Embakasi South,0.00142609820487,2013.0,7.0,2013-07,0.2730777031713878
Nairobi,Embakasi West,0.000793166442342,2013.0,7.0,2013-07,0.246014300688829
Nairobi,Kamukunji,0.000718135459802,2013.0,7.0,2013-07,0.26488055716134
Nairobi,Kasarani,0.0110736011415,2013.0,7.0,2013-07,0.2762144628431366
Nairobi,Kibra,0.00100197842996,2013.0,7.0,2013-07,0.3603182683384344
Nairobi,Kilimani,0.00238546350977,2013.0,7.0,2013-07,0.3949342172712116
Nairobi,Langata,0.0170497156745,2013.0,7.0,2013-07,0.4456098597432014
Nairobi,Makadara,0.000974908477702,2013.0,7.0,2013-07,0.2548201193884388
Nairobi,Mathare,0.000235884309461,2013.0,7.0,2013-07,0.2641501931961362
Nairobi,Roysambu,0.00390887981589,2013.0,7.0,2013-07,0.3590742342187308
Nairobi,Ruaraka,0.000583416833502,2013.0,7.0,2013-07,0.2601769981002783
Nairobi,Starehe,0.00136813789598,2013.0,7.0,2013-07,0.2461726253469808
Nairobi,Westlands,0.00590790301496,2013.0,7.0,2013-07,0.4629277842693469
Turkana,Loima,0.792863767753,2013.0,7.0,2013-07,0.2895349916223982
Turkana,Turkana Central,0.538281501213,2013.0,7.0,2013-07,0.1376686373586032
Turkana,Turkana East,0.909087463502,2013.0,7.0,2013-07,0.2399839028978975
Turkana,Turkana North,1.66897152383,2013.0,7.0,2013-07,0.2415366332169936
Turkana,Turkana South,0.603285539944,2013.0,7.0,2013-07,0.2283127383045429
Turkana,Turkana West,1.19593592043,2013.0,7.0,2013-07,0.3835308521358407
Kiambu,Gatundu North,0.0190562071078,2013.0,8.0,2013-08,0.667178946950478
Kiambu,Gatundu South,0.018013492523,2013.0,8.0,2013-08,0.673901869023933
Kiambu,Githunguri,0.0140557399999,2013.0,8.0,2013-08,0.6780945669061942
Kiambu,Juja,0.0303444523402,2013.0,8.0,2013-08,0.4336881057934946
Kiambu,Kabete,0.00456838148631,2013.0,8.0,2013-08,0.5587212743747673
Kiambu,Kiambaa,0.00720464174127,2013.0,8.0,2013-08,0.6686126870630622
Kiambu,Kiambu,0.00796244668767,2013.0,8.0,2013-08,0.6374538712202158
Kiambu,Kikuyu,0.0141641490709,2013.0,8.0,2013-08,0.5336860883160487
Kiambu,Lari,0.037858207576,2013.0,8.0,2013-08,0.6436615183410217
Kiambu,Limuru,0.0231553754199,2013.0,8.0,2013-08,0.5564169842525452
Kiambu,Ruiru,0.0124421280679,2013.0,8.0,2013-08,0.3389911467358993
Kiambu,Thika Town,0.0178033031507,2013.0,8.0,2013-08,0.4404008696280249
Machakos,Kangundo,0.013896319438,2013.0,8.0,2013-08,0.3876894543032144
Machakos,Kathiani,0.0167415041685,2013.0,8.0,2013-08,0.3847851818110923
Machakos,Machakos Town,0.0615270519301,2013.0,8.0,2013-08,0.3435312340603104
Machakos,Masinga,0.11427469357,2013.0,8.0,2013-08,0.2987737380757353
Machakos,Matungulu,0.0472449879416,2013.0,8.0,2013-08,0.3646286504757752
Machakos,Mavoko,0.0684719511619,2013.0,8.0,2013-08,0.2972345732414191
Machakos,Mwala,0.0827962943547,2013.0,8.0,2013-08,0.3377040609611818
Machakos,Yatta,0.0862109028544,2013.0,8.0,2013-08,0.3194998462348524
Nairobi,Dagoretti,0.00198642271282,2013.0,8.0,2013-08,0.4619358085364886
Nairobi,Embakasi Central,0.000664901959297,2013.0,8.0,2013-08,0.2438247939417384
Nairobi,Embakasi East,0.00697580217167,2013.0,8.0,2013-08,0.2884087575436174
Nairobi,Embakasi North,0.000441181256097,2013.0,8.0,2013-08,0.321068888839025
Nairobi,Embakasi South,0.00142609820487,2013.0,8.0,2013-08,0.2684897921811268
Nairobi,Embakasi West,0.000793166442342,2013.0,8.0,2013-08,0.3064998515024455
Nairobi,Kamukunji,0.000718135459802,2013.0,8.0,2013-08,0.3545306480028626
Nairobi,Kasarani,0.0110736011415,2013.0,8.0,2013-08,0.3165148510438363
Nairobi,Kibra,0.00100197842996,2013.0,8.0,2013-08,0.4053832579721595
Nairobi,Kilimani,0.00238546350977,2013.0,8.0,2013-08,0.4746093385811096
Nairobi,Langata,0.0170497156745,2013.0,8.0,2013-08,0.4544768811222408
Nairobi,Makadara,0.000974908477702,2013.0,8.0,2013-08,0.3177209071897018
Nairobi,Mathare,0.000235884309461,2013.0,8.0,2013-08,0.3343785258294835
Nairobi,Roysambu,0.00390887981589,2013.0,8.0,2013-08,0.4920844163764828
Nairobi,Ruaraka,0.000583416833502,2013.0,8.0,2013-08,0.3804489873804196
Nairobi,Starehe,0.00136813789598,2013.0,8.0,2013-08,0.2993122954256299
Nairobi,Westlands,0.00590790301496,2013.0,8.0,2013-08,0.5956473468082686
Turkana,Loima,0.792863767753,2013.0,8.0,2013-08,0.291746923344041
Turkana,Turkana Central,0.538281501213,2013.0,8.0,2013-08,0.1332588775014958
Turkana,Turkana East,0.909087463502,2013.0,8.0,2013-08,0.2532666333917057
Turkana,Turkana North,1.66897152383,2013.0,8.0,2013-08,0.2236402228095128
Turkana,Turkana South,0.603285539944,2013.0,8.0,2013-08,0.2225480359823198
Turkana,Turkana West,1.19593592043,2013.0,8.0,2013-08,0.3788422681249694
Kiambu,Gatundu North,0.0190562071078,2013.0,9.0,2013-09,0.7022346787403312
Kiambu,Gatundu South,0.018013492523,2013.0,9.0,2013-09,0.6754384207590513
Kiambu,Githunguri,0.0140557399999,2013.0,9.0,2013-09,0.6602654330656578
Kiambu,Juja,0.0303444523402,2013.0,9.0,2013-09,0.3874753644685444
Kiambu,Kabete,0.00456838148631,2013.0,9.0,2013-09,0.5956028337967892
Kiambu,Kiambaa,0.00720464174127,2013.0,9.0,2013-09,0.6150486390046732
Kiambu,Kiambu,0.00796244668767,2013.0,9.0,2013-09,0.547658990980696
Kiambu,Kikuyu,0.0141641490709,2013.0,9.0,2013-09,0.4645400779563216
Kiambu,Lari,0.037858207576,2013.0,9.0,2013-09,0.6996869173530667
Kiambu,Limuru,0.0231553754199,2013.0,9.0,2013-09,0.5169881377701375
Kiambu,Ruiru,0.0124421280679,2013.0,9.0,2013-09,0.2992076839365716
Kiambu,Thika Town,0.0178033031507,2013.0,9.0,2013-09,0.3914970301969611
Machakos,Kangundo,0.013896319438,2013.0,9.0,2013-09,0.3811003170669568
Machakos,Kathiani,0.0167415041685,2013.0,9.0,2013-09,0.3594028899302629
Machakos,Machakos Town,0.0615270519301,2013.0,9.0,2013-09,0.3119992776043351
Machakos,Masinga,0.11427469357,2013.0,9.0,2013-09,0.3016461012378585
Machakos,Matungulu,0.0472449879416,2013.0,9.0,2013-09,0.3284707803060089
Machakos,Mavoko,0.0684719511619,2013.0,9.0,2013-09,0.2617616735964239
Machakos,Mwala,0.0827962943547,2013.0,9.0,2013-09,0.3169101313737438
Machakos,Yatta,0.0862109028544,2013.0,9.0,2013-09,0.3084637070890962
Nairobi,Dagoretti,0.00198642271282,2013.0,9.0,2013-09,0.4513081441204584
Nairobi,Embakasi Central,0.000664901959297,2013.0,9.0,2013-09,0.2117225444103907
Nairobi,Embakasi East,0.00697580217167,2013.0,9.0,2013-09,0.2540039344499397
Nairobi,Embakasi North,0.000441181256097,2013.0,9.0,2013-09,0.2882125633891305
Nairobi,Embakasi South,0.00142609820487,2013.0,9.0,2013-09,0.2606494547876028
Nairobi,Embakasi West,0.000793166442342,2013.0,9.0,2013-09,0.2640804831785963
Nairobi,Kamukunji,0.000718135459802,2013.0,9.0,2013-09,0.3406981900514768
Nairobi,Kasarani,0.0110736011415,2013.0,9.0,2013-09,0.2784519728027266
Nairobi,Kibra,0.00100197842996,2013.0,9.0,2013-09,0.358920634810939
Nairobi,Kilimani,0.00238546350977,2013.0,9.0,2013-09,0.4321843338116608
Nairobi,Langata,0.0170497156745,2013.0,9.0,2013-09,0.4337469393875751
Nairobi,Makadara,0.000974908477702,2013.0,9.0,2013-09,0.2907286044953402
Nairobi,Mathare,0.000235884309461,2013.0,9.0,2013-09,0.3165791684166317
Nairobi,Roysambu,0.00390887981589,2013.0,9.0,2013-09,0.442711231374256
Nairobi,Ruaraka,0.000583416833502,2013.0,9.0,2013-09,0.3651914614288625
Nairobi,Starehe,0.00136813789598,2013.0,9.0,2013-09,0.2890840974149897
Nairobi,Westlands,0.00590790301496,2013.0,9.0,2013-09,0.5700040622342455
Turkana,Loima,0.792863767753,2013.0,9.0,2013-09,0.2657832189386059
Turkana,Turkana Central,0.538281501213,2013.0,9.0,2013-09,0.1271014343480801
Turkana,Turkana East,0.909087463502,2013.0,9.0,2013-09,0.2215935943167232
Turkana,Turkana North,1.66897152383,2013.0,9.0,2013-09,0.2235525855700217
Turkana,Turkana South,0.603285539944,2013.0,9.0,2013-09,0.203737594829869
Turkana,Turkana West,1.19593592043,2013.0,9.0,2013-09,0.3399645653829988
Kiambu,Gatundu North,0.0190562071078,2013.0,10.0,2013-10,0.7273288158992864
Kiambu,Gatundu South,0.018013492523,2013.0,10.0,2013-10,0.7148101656279223
Kiambu,Githunguri,0.0140557399999,2013.0,10.0,2013-10,0.7010944061179721
Kiambu,Juja,0.0303444523402,2013.0,10.0,2013-10,0.3893483854524157
Kiambu,Kabete,0.00456838148631,2013.0,10.0,2013-10,0.5969157284925977
Kiambu,Kiambaa,0.00720464174127,2013.0,10.0,2013-10,0.6413454767121934
Kiambu,Kiambu,0.00796244668767,2013.0,10.0,2013-10,0.5748258657788161
Kiambu,Kikuyu,0.0141641490709,2013.0,10.0,2013-10,0.4507716625561065
Kiambu,Lari,0.037858207576,2013.0,10.0,2013-10,0.730008579712538
Kiambu,Limuru,0.0231553754199,2013.0,10.0,2013-10,0.5312902205873546
Kiambu,Ruiru,0.0124421280679,2013.0,10.0,2013-10,0.2958289357291165
Kiambu,Thika Town,0.0178033031507,2013.0,10.0,2013-10,0.3885402812456595
Machakos,Kangundo,0.013896319438,2013.0,10.0,2013-10,0.3727818429881596
Machakos,Kathiani,0.0167415041685,2013.0,10.0,2013-10,0.3556107562405629
Machakos,Machakos Town,0.0615270519301,2013.0,10.0,2013-10,0.3118732293261036
Machakos,Masinga,0.11427469357,2013.0,10.0,2013-10,0.3094285400636219
Machakos,Matungulu,0.0472449879416,2013.0,10.0,2013-10,0.3306898829746119
Machakos,Mavoko,0.0684719511619,2013.0,10.0,2013-10,0.2622391199722905
Machakos,Mwala,0.0827962943547,2013.0,10.0,2013-10,0.2983499328211938
Machakos,Yatta,0.0862109028544,2013.0,10.0,2013-10,0.3076246051996109
Nairobi,Dagoretti,0.00198642271282,2013.0,10.0,2013-10,0.4697800330624597
Nairobi,Embakasi Central,0.000664901959297,2013.0,10.0,2013-10,0.2332763769452792
Nairobi,Embakasi East,0.00697580217167,2013.0,10.0,2013-10,0.2639708989382224
Nairobi,Embakasi North,0.000441181256097,2013.0,10.0,2013-10,0.297420827536687
Nairobi,Embakasi South,0.00142609820487,2013.0,10.0,2013-10,0.2434422560417298
Nairobi,Embakasi West,0.000793166442342,2013.0,10.0,2013-10,0.2978736747529201
Nairobi,Kamukunji,0.000718135459802,2013.0,10.0,2013-10,0.3331040300602854
Nairobi,Kasarani,0.0110736011415,2013.0,10.0,2013-10,0.2793356612274502
Nairobi,Kibra,0.00100197842996,2013.0,10.0,2013-10,0.3762750459077899
Nairobi,Kilimani,0.00238546350977,2013.0,10.0,2013-10,0.4682512869217565
Nairobi,Langata,0.0170497156745,2013.0,10.0,2013-10,0.4310326267317468
Nairobi,Makadara,0.000974908477702,2013.0,10.0,2013-10,0.2772795801100486
Nairobi,Mathare,0.000235884309461,2013.0,10.0,2013-10,0.3261653170936581
Nairobi,Roysambu,0.00390887981589,2013.0,10.0,2013-10,0.4440857664898566
Nairobi,Ruaraka,0.000583416833502,2013.0,10.0,2013-10,0.3583168905624535
Nairobi,Starehe,0.00136813789598,2013.0,10.0,2013-10,0.2949471186097615
Nairobi,Westlands,0.00590790301496,2013.0,10.0,2013-10,0.5941045477068951
Turkana,Loima,0.792863767753,2013.0,10.0,2013-10,0.2365375851103332
Turkana,Turkana Central,0.538281501213,2013.0,10.0,2013-10,0.1239638322835045
Turkana,Turkana East,0.909087463502,2013.0,10.0,2013-10,0.1994468471732162
Turkana,Turkana North,1.66897152383,2013.0,10.0,2013-10,0.2137972018089562
Turkana,Turkana South,0.603285539944,2013.0,10.0,2013-10,0.1919189144742556
Turkana,Turkana West,1.19593592043,2013.0,10.0,2013-10,0.3075609253315933
Kiambu,Gatundu North,0.0190562071078,2013.0,11.0,2013-11,0.6384747484855157
Kiambu,Gatundu South,0.018013492523,2013.0,11.0,2013-11,0.6139702025109908
Kiambu,Githunguri,0.0140557399999,2013.0,11.0,2013-11,0.5867485519912388
Kiambu,Juja,0.0303444523402,2013.0,11.0,2013-11,0.3574151100038265
Kiambu,Kabete,0.00456838148631,2013.0,11.0,2013-11,0.5694046531874525
Kiambu,Kiambaa,0.00720464174127,2013.0,11.0,2013-11,0.5717998261858089
Kiambu,Kiambu,0.00796244668767,2013.0,11.0,2013-11,0.512245800059632
Kiambu,Kikuyu,0.0141641490709,2013.0,11.0,2013-11,0.476293438583212
Kiambu,Lari,0.037858207576,2013.0,11.0,2013-11,0.6732927787258361
Kiambu,Limuru,0.0231553754199,2013.0,11.0,2013-11,0.5176722795621386
Kiambu,Ruiru,0.0124421280679,2013.0,11.0,2013-11,0.3153145642088796
Kiambu,Thika Town,0.0178033031507,2013.0,11.0,2013-11,0.419551141095091
Machakos,Kangundo,0.013896319438,2013.0,11.0,2013-11,0.4324860407980838
Machakos,Kathiani,0.0167415041685,2013.0,11.0,2013-11,0.4291407892777896
Machakos,Machakos Town,0.0615270519301,2013.0,11.0,2013-11,0.3865774168773203
Machakos,Masinga,0.11427469357,2013.0,11.0,2013-11,0.3780519651081855
Machakos,Matungulu,0.0472449879416,2013.0,11.0,2013-11,0.4270830048391821
Machakos,Mavoko,0.0684719511619,2013.0,11.0,2013-11,0.3364158595590935
Machakos,Mwala,0.0827962943547,2013.0,11.0,2013-11,0.4233178776490486
Machakos,Yatta,0.0862109028544,2013.0,11.0,2013-11,0.3853246927737033
Nairobi,Dagoretti,0.00198642271282,2013.0,11.0,2013-11,0.4803335265296364
Nairobi,Embakasi Central,0.000664901959297,2013.0,11.0,2013-11,0.2548780045823787
Nairobi,Embakasi East,0.00697580217167,2013.0,11.0,2013-11,0.2504298988134404
Nairobi,Embakasi North,0.000441181256097,2013.0,11.0,2013-11,0.3524221020508906
Nairobi,Embakasi South,0.00142609820487,2013.0,11.0,2013-11,0.2390530749701727
Nairobi,Embakasi West,0.000793166442342,2013.0,11.0,2013-11,0.2801757374962563
Nairobi,Kamukunji,0.000718135459802,2013.0,11.0,2013-11,0.3163348831447682
Nairobi,Kasarani,0.0110736011415,2013.0,11.0,2013-11,0.3087558109517971
Nairobi,Kibra,0.00100197842996,2013.0,11.0,2013-11,0.354744934346925
Nairobi,Kilimani,0.00238546350977,2013.0,11.0,2013-11,0.4258878694249286
Nairobi,Langata,0.0170497156745,2013.0,11.0,2013-11,0.3472531035398916
Nairobi,Makadara,0.000974908477702,2013.0,11.0,2013-11,0.2761598647743195
Nairobi,Mathare,0.000235884309461,2013.0,11.0,2013-11,0.3420777320453591
Nairobi,Roysambu,0.00390887981589,2013.0,11.0,2013-11,0.4124704139166701
Nairobi,Ruaraka,0.000583416833502,2013.0,11.0,2013-11,0.4116352296627994
Nairobi,Starehe,0.00136813789598,2013.0,11.0,2013-11,0.2672947323907008
Nairobi,Westlands,0.00590790301496,2013.0,11.0,2013-11,0.532379502675121
Turkana,Loima,0.792863767753,2013.0,11.0,2013-11,0.2792319927079381
Turkana,Turkana Central,0.538281501213,2013.0,11.0,2013-11,0.1348363538086723
Turkana,Turkana East,0.909087463502,2013.0,11.0,2013-11,0.2442847625779516
Turkana,Turkana North,1.66897152383,2013.0,11.0,2013-11,0.2610341341341459
Turkana,Turkana South,0.603285539944,2013.0,11.0,2013-11,0.2426789689550598
Turkana,Turkana West,1.19593592043,2013.0,11.0,2013-11,0.343751142885443
Kiambu,Gatundu North,0.0190562071078,2013.0,12.0,2013-12,0.7970325579427918
Kiambu,Gatundu South,0.018013492523,2013.0,12.0,2013-12,0.7878558559968188
Kiambu,Githunguri,0.0140557399999,2013.0,12.0,2013-12,0.7774573808478364
Kiambu,Juja,0.0303444523402,2013.0,12.0,2013-12,0.5878173087114581
Kiambu,Kabete,0.00456838148631,2013.0,12.0,2013-12,0.7144589295459861
Kiambu,Kiambaa,0.00720464174127,2013.0,12.0,2013-12,0.7526586171200123
Kiambu,Kiambu,0.00796244668767,2013.0,12.0,2013-12,0.721693425224241
Kiambu,Kikuyu,0.0141641490709,2013.0,12.0,2013-12,0.5895920473240389
Kiambu,Lari,0.037858207576,2013.0,12.0,2013-12,0.766048383391191
Kiambu,Limuru,0.0231553754199,2013.0,12.0,2013-12,0.6262313670231239
Kiambu,Ruiru,0.0124421280679,2013.0,12.0,2013-12,0.5191789656976065
Kiambu,Thika Town,0.0178033031507,2013.0,12.0,2013-12,0.6152818946578882
Machakos,Kangundo,0.013896319438,2013.0,12.0,2013-12,0.640743504860271
Machakos,Kathiani,0.0167415041685,2013.0,12.0,2013-12,0.6225529172249674
Machakos,Machakos Town,0.0615270519301,2013.0,12.0,2013-12,0.5750358926853196
Machakos,Masinga,0.11427469357,2013.0,12.0,2013-12,0.4851044531608622
Machakos,Matungulu,0.0472449879416,2013.0,12.0,2013-12,0.6240382182107124
Machakos,Mavoko,0.0684719511619,2013.0,12.0,2013-12,0.5413540704827559
Machakos,Mwala,0.0827962943547,2013.0,12.0,2013-12,0.6087946780147562
Machakos,Yatta,0.0862109028544,2013.0,12.0,2013-12,0.5564341151104871
Nairobi,Dagoretti,0.00198642271282,2013.0,12.0,2013-12,0.6330791572060233
Nairobi,Embakasi Central,0.000664901959297,2013.0,12.0,2013-12,0.2954992828874936
Nairobi,Embakasi East,0.00697580217167,2013.0,12.0,2013-12,0.46384243624793
Nairobi,Embakasi North,0.000441181256097,2013.0,12.0,2013-12,0.3944826100614815
Nairobi,Embakasi South,0.00142609820487,2013.0,12.0,2013-12,0.324625644404983
Nairobi,Embakasi West,0.000793166442342,2013.0,12.0,2013-12,0.3522841120095836
Nairobi,Kamukunji,0.000718135459802,2013.0,12.0,2013-12,0.4292162055771185
Nairobi,Kasarani,0.0110736011415,2013.0,12.0,2013-12,0.4960241077457915
Nairobi,Kibra,0.00100197842996,2013.0,12.0,2013-12,0.4880857123111857
Nairobi,Kilimani,0.00238546350977,2013.0,12.0,2013-12,0.5454991651390607
Nairobi,Langata,0.0170497156745,2013.0,12.0,2013-12,0.5824811003122107
Nairobi,Makadara,0.000974908477702,2013.0,12.0,2013-12,0.3590500771557937
Nairobi,Mathare,0.000235884309461,2013.0,12.0,2013-12,0.3993811087778245
Nairobi,Roysambu,0.00390887981589,2013.0,12.0,2013-12,0.5915534002105517
Nairobi,Ruaraka,0.000583416833502,2013.0,12.0,2013-12,0.4849752985277158
Nairobi,Starehe,0.00136813789598,2013.0,12.0,2013-12,0.3503240819454084
Nairobi,Westlands,0.00590790301496,2013.0,12.0,2013-12,0.6754583278647908
Turkana,Loima,0.792863767753,2013.0,12.0,2013-12,0.2793496720355748
Turkana,Turkana Central,0.538281501213,2013.0,12.0,2013-12,0.1311251961478681
Turkana,Turkana East,0.909087463502,2013.0,12.0,2013-12,0.2426157774139153
Turkana,Turkana North,1.66897152383,2013.0,12.0,2013-12,0.2350438126290033
Turkana,Turkana South,0.603285539944,2013.0,12.0,2013-12,0.239133328612754
Turkana,Turkana West,1.19593592043,2013.0,12.0,2013-12,0.2982353099324394
Kiambu,Gatundu North,0.0190562071078,2014.0,1.0,2014-01,0.7590433461806759
Kiambu,Gatundu South,0.018013492523,2014.0,1.0,2014-01,0.7404543841878252
Kiambu,Githunguri,0.0140557399999,2014.0,1.0,2014-01,0.7203588570736958
Kiambu,Juja,0.0303444523402,2014.0,1.0,2014-01,0.5343021171931378
Kiambu,Kabete,0.00456838148631,2014.0,1.0,2014-01,0.6551416361305302
Kiambu,Kiambaa,0.00720464174127,2014.0,1.0,2014-01,0.6989016994250118
Kiambu,Kiambu,0.00796244668767,2014.0,1.0,2014-01,0.6679952328123853
Kiambu,Kikuyu,0.0141641490709,2014.0,1.0,2014-01,0.5868491946003169
Kiambu,Lari,0.037858207576,2014.0,1.0,2014-01,0.7625744313823635
Kiambu,Limuru,0.0231553754199,2014.0,1.0,2014-01,0.6317022314159697
Kiambu,Ruiru,0.0124421280679,2014.0,1.0,2014-01,0.4797507614540045
Kiambu,Thika Town,0.0178033031507,2014.0,1.0,2014-01,0.5524376966969472
Machakos,Kangundo,0.013896319438,2014.0,1.0,2014-01,0.645418034241809
Machakos,Kathiani,0.0167415041685,2014.0,1.0,2014-01,0.6196493180459354
Machakos,Machakos Town,0.0615270519301,2014.0,1.0,2014-01,0.5355503570586962
Machakos,Masinga,0.11427469357,2014.0,1.0,2014-01,0.4032166321036036
Machakos,Matungulu,0.0472449879416,2014.0,1.0,2014-01,0.5464328606559323
Machakos,Mavoko,0.0684719511619,2014.0,1.0,2014-01,0.4688568274410886
Machakos,Mwala,0.0827962943547,2014.0,1.0,2014-01,0.5881554144516614
Machakos,Yatta,0.0862109028544,2014.0,1.0,2014-01,0.5106074195468948
Nairobi,Dagoretti,0.00198642271282,2014.0,1.0,2014-01,0.5708892208413009
Nairobi,Embakasi Central,0.000664901959297,2014.0,1.0,2014-01,0.2596671422620287
Nairobi,Embakasi East,0.00697580217167,2014.0,1.0,2014-01,0.4079635854584025
Nairobi,Embakasi North,0.000441181256097,2014.0,1.0,2014-01,0.3146440313243276
Nairobi,Embakasi South,0.00142609820487,2014.0,1.0,2014-01,0.3173831226935988
Nairobi,Embakasi West,0.000793166442342,2014.0,1.0,2014-01,0.30106169387042
Nairobi,Kamukunji,0.000718135459802,2014.0,1.0,2014-01,0.3671379263357833
Nairobi,Kasarani,0.0110736011415,2014.0,1.0,2014-01,0.4297396966925231
Nairobi,Kibra,0.00100197842996,2014.0,1.0,2014-01,0.428174064567085
Nairobi,Kilimani,0.00238546350977,2014.0,1.0,2014-01,0.5039811780953724
Nairobi,Langata,0.0170497156745,2014.0,1.0,2014-01,0.5458758360704429
Nairobi,Makadara,0.000974908477702,2014.0,1.0,2014-01,0.3239398875149742
Nairobi,Mathare,0.000235884309461,2014.0,1.0,2014-01,0.3339176228475431
Nairobi,Roysambu,0.00390887981589,2014.0,1.0,2014-01,0.5304602049337978
Nairobi,Ruaraka,0.000583416833502,2014.0,1.0,2014-01,0.4070102568016828
Nairobi,Starehe,0.00136813789598,2014.0,1.0,2014-01,0.2950451119014571
Nairobi,Westlands,0.00590790301496,2014.0,1.0,2014-01,0.6240410413555731
Turkana,Loima,0.792863767753,2014.0,1.0,2014-01,0.2315916465950566
Turkana,Turkana Central,0.538281501213,2014.0,1.0,2014-01,0.1235074030702847
Turkana,Turkana East,0.909087463502,2014.0,1.0,2014-01,0.1966489359835099
Turkana,Turkana North,1.66897152383,2014.0,1.0,2014-01,0.1918583506208572
Turkana,Turkana South,0.603285539944,2014.0,1.0,2014-01,0.1929616257270777
Turkana,Turkana West,1.19593592043,2014.0,1.0,2014-01,0.2418029362911928
Kiambu,Gatundu North,0.0190562071078,2014.0,2.0,2014-02,0.7560299235802871
Kiambu,Gatundu South,0.018013492523,2014.0,2.0,2014-02,0.7349626914976778
Kiambu,Githunguri,0.0140557399999,2014.0,2.0,2014-02,0.7173924508346909
Kiambu,Juja,0.0303444523402,2014.0,2.0,2014-02,0.501731739612525
Kiambu,Kabete,0.00456838148631,2014.0,2.0,2014-02,0.6384730643121357
Kiambu,Kiambaa,0.00720464174127,2014.0,2.0,2014-02,0.6848208136316464
Kiambu,Kiambu,0.00796244668767,2014.0,2.0,2014-02,0.6387103657415463
Kiambu,Kikuyu,0.0141641490709,2014.0,2.0,2014-02,0.5530148490591329
Kiambu,Lari,0.037858207576,2014.0,2.0,2014-02,0.7574252460482841
Kiambu,Limuru,0.0231553754199,2014.0,2.0,2014-02,0.6172911919678924
Kiambu,Ruiru,0.0124421280679,2014.0,2.0,2014-02,0.4461508343481816
Kiambu,Thika Town,0.0178033031507,2014.0,2.0,2014-02,0.5215796070783675
Machakos,Kangundo,0.013896319438,2014.0,2.0,2014-02,0.6043568258715255
Machakos,Kathiani,0.0167415041685,2014.0,2.0,2014-02,0.5895290855801248
Machakos,Machakos Town,0.0615270519301,2014.0,2.0,2014-02,0.4992948529087921
Machakos,Masinga,0.11427469357,2014.0,2.0,2014-02,0.365883418033487
Machakos,Matungulu,0.0472449879416,2014.0,2.0,2014-02,0.513617327694948
Machakos,Mavoko,0.0684719511619,2014.0,2.0,2014-02,0.4274971837056463
Machakos,Mwala,0.0827962943547,2014.0,2.0,2014-02,0.5040166699475651
Machakos,Yatta,0.0862109028544,2014.0,2.0,2014-02,0.4135943214843314
Nairobi,Dagoretti,0.00198642271282,2014.0,2.0,2014-02,0.5666677501593377
Nairobi,Embakasi Central,0.000664901959297,2014.0,2.0,2014-02,0.247492693486476
Nairobi,Embakasi East,0.00697580217167,2014.0,2.0,2014-02,0.3648732815584089
Nairobi,Embakasi North,0.000441181256097,2014.0,2.0,2014-02,0.3203311246241527
Nairobi,Embakasi South,0.00142609820487,2014.0,2.0,2014-02,0.2913868906245664
Nairobi,Embakasi West,0.000793166442342,2014.0,2.0,2014-02,0.2805956461515426
Nairobi,Kamukunji,0.000718135459802,2014.0,2.0,2014-02,0.3038278195281746
Nairobi,Kasarani,0.0110736011415,2014.0,2.0,2014-02,0.4055157379386238
Nairobi,Kibra,0.00100197842996,2014.0,2.0,2014-02,0.4199168980155991
Nairobi,Kilimani,0.00238546350977,2014.0,2.0,2014-02,0.4934663160776059
Nairobi,Langata,0.0170497156745,2014.0,2.0,2014-02,0.5296570345937376
Nairobi,Makadara,0.000974908477702,2014.0,2.0,2014-02,0.299929501939047
Nairobi,Mathare,0.000235884309461,2014.0,2.0,2014-02,0.3125087736245275
Nairobi,Roysambu,0.00390887981589,2014.0,2.0,2014-02,0.4991294236142043
Nairobi,Ruaraka,0.000583416833502,2014.0,2.0,2014-02,0.3900715262229462
Nairobi,Starehe,0.00136813789598,2014.0,2.0,2014-02,0.3000873966284984
Nairobi,Westlands,0.00590790301496,2014.0,2.0,2014-02,0.6115197771513133
Turkana,Loima,0.792863767753,2014.0,2.0,2014-02,0.2050878710900837
Turkana,Turkana Central,0.538281501213,2014.0,2.0,2014-02,0.1152507089261512
Turkana,Turkana East,0.909087463502,2014.0,2.0,2014-02,0.1757583750088281
Turkana,Turkana North,1.66897152383,2014.0,2.0,2014-02,0.1709405105758213
Turkana,Turkana South,0.603285539944,2014.0,2.0,2014-02,0.1720017885868895
Turkana,Turkana West,1.19593592043,2014.0,2.0,2014-02,0.2187533766005795
Kiambu,Gatundu North,0.0190562071078,2014.0,3.0,2014-03,0.7565993945694461
Kiambu,Gatundu South,0.018013492523,2014.0,3.0,2014-03,0.7405859527558525
Kiambu,Githunguri,0.0140557399999,2014.0,3.0,2014-03,0.7252667748204946
Kiambu,Juja,0.0303444523402,2014.0,3.0,2014-03,0.5431028641214325
Kiambu,Kabete,0.00456838148631,2014.0,3.0,2014-03,0.6770954254268564
Kiambu,Kiambaa,0.00720464174127,2014.0,3.0,2014-03,0.6991035690945729
Kiambu,Kiambu,0.00796244668767,2014.0,3.0,2014-03,0.6637636857405546
Kiambu,Kikuyu,0.0141641490709,2014.0,3.0,2014-03,0.6040103945718257
Kiambu,Lari,0.037858207576,2014.0,3.0,2014-03,0.7414986290214713
Kiambu,Limuru,0.0231553754199,2014.0,3.0,2014-03,0.6401992071600758
Kiambu,Ruiru,0.0124421280679,2014.0,3.0,2014-03,0.5138848510478642
Kiambu,Thika Town,0.0178033031507,2014.0,3.0,2014-03,0.5775012794955139
Machakos,Kangundo,0.013896319438,2014.0,3.0,2014-03,0.6030048033330836
Machakos,Kathiani,0.0167415041685,2014.0,3.0,2014-03,0.5518545918909904
Machakos,Machakos Town,0.0615270519301,2014.0,3.0,2014-03,0.5282167115300713
Machakos,Masinga,0.11427469357,2014.0,3.0,2014-03,0.4346819846060127
Machakos,Matungulu,0.0472449879416,2014.0,3.0,2014-03,0.5480717803365697
Machakos,Mavoko,0.0684719511619,2014.0,3.0,2014-03,0.4960916852296347
Machakos,Mwala,0.0827962943547,2014.0,3.0,2014-03,0.5392384718470162
Machakos,Yatta,0.0862109028544,2014.0,3.0,2014-03,0.4481217224702
Nairobi,Dagoretti,0.00198642271282,2014.0,3.0,2014-03,0.5750966115957614
Nairobi,Embakasi Central,0.000664901959297,2014.0,3.0,2014-03,0.2855635046270123
Nairobi,Embakasi East,0.00697580217167,2014.0,3.0,2014-03,0.4121413675216099
Nairobi,Embakasi North,0.000441181256097,2014.0,3.0,2014-03,0.3279008795943093
Nairobi,Embakasi South,0.00142609820487,2014.0,3.0,2014-03,0.3272552044893311
Nairobi,Embakasi West,0.000793166442342,2014.0,3.0,2014-03,0.293912017070979
Nairobi,Kamukunji,0.000718135459802,2014.0,3.0,2014-03,0.353394326533983
Nairobi,Kasarani,0.0110736011415,2014.0,3.0,2014-03,0.4793496381497846
Nairobi,Kibra,0.00100197842996,2014.0,3.0,2014-03,0.434891571724751
Nairobi,Kilimani,0.00238546350977,2014.0,3.0,2014-03,0.5008288290380642
Nairobi,Langata,0.0170497156745,2014.0,3.0,2014-03,0.5441864545856407
Nairobi,Makadara,0.000974908477702,2014.0,3.0,2014-03,0.3269845972670606
Nairobi,Mathare,0.000235884309461,2014.0,3.0,2014-03,0.3349660142797144
Nairobi,Roysambu,0.00390887981589,2014.0,3.0,2014-03,0.5340524547515888
Nairobi,Ruaraka,0.000583416833502,2014.0,3.0,2014-03,0.4065779326955697
Nairobi,Starehe,0.00136813789598,2014.0,3.0,2014-03,0.3213167476289613
Nairobi,Westlands,0.00590790301496,2014.0,3.0,2014-03,0.6279260290346131
Turkana,Loima,0.792863767753,2014.0,3.0,2014-03,0.2179126152274149
Turkana,Turkana Central,0.538281501213,2014.0,3.0,2014-03,0.12729285709099
Turkana,Turkana East,0.909087463502,2014.0,3.0,2014-03,0.2051974997618086
Turkana,Turkana North,1.66897152383,2014.0,3.0,2014-03,0.2402951639415581
Turkana,Turkana South,0.603285539944,2014.0,3.0,2014-03,0.1838391449425502
Turkana,Turkana West,1.19593592043,2014.0,3.0,2014-03,0.2674948443424714
Kiambu,Gatundu North,0.0190562071078,2014.0,4.0,2014-04,0.760808860928995
Kiambu,Gatundu South,0.018013492523,2014.0,4.0,2014-04,0.7518050161631074
Kiambu,Githunguri,0.0140557399999,2014.0,4.0,2014-04,0.7549103708754479
Kiambu,Juja,0.0303444523402,2014.0,4.0,2014-04,0.6032576940100364
Kiambu,Kabete,0.00456838148631,2014.0,4.0,2014-04,0.6908191957517952
Kiambu,Kiambaa,0.00720464174127,2014.0,4.0,2014-04,0.6999760674607759
Kiambu,Kiambu,0.00796244668767,2014.0,4.0,2014-04,0.6795692988297269
Kiambu,Kikuyu,0.0141641490709,2014.0,4.0,2014-04,0.6303413016275581
Kiambu,Lari,0.037858207576,2014.0,4.0,2014-04,0.7709431997354035
Kiambu,Limuru,0.0231553754199,2014.0,4.0,2014-04,0.6635031014384061
Kiambu,Ruiru,0.0124421280679,2014.0,4.0,2014-04,0.5747248884727045
Kiambu,Thika Town,0.0178033031507,2014.0,4.0,2014-04,0.6170656960302253
Machakos,Kangundo,0.013896319438,2014.0,4.0,2014-04,0.6735072720427372
Machakos,Kathiani,0.0167415041685,2014.0,4.0,2014-04,0.6443587794422431
Machakos,Machakos Town,0.0615270519301,2014.0,4.0,2014-04,0.5869055673701756
Machakos,Masinga,0.11427469357,2014.0,4.0,2014-04,0.4835973126335937
Machakos,Matungulu,0.0472449879416,2014.0,4.0,2014-04,0.6326551626729504
Machakos,Mavoko,0.0684719511619,2014.0,4.0,2014-04,0.5218133234931068
Machakos,Mwala,0.0827962943547,2014.0,4.0,2014-04,0.5988575520611851
Machakos,Yatta,0.0862109028544,2014.0,4.0,2014-04,0.5665869547526204
Nairobi,Dagoretti,0.00198642271282,2014.0,4.0,2014-04,0.5876486301983748
Nairobi,Embakasi Central,0.000664901959297,2014.0,4.0,2014-04,0.2733105707144346
Nairobi,Embakasi East,0.00697580217167,2014.0,4.0,2014-04,0.3934382698175921
Nairobi,Embakasi North,0.000441181256097,2014.0,4.0,2014-04,0.3506551608849794
Nairobi,Embakasi South,0.00142609820487,2014.0,4.0,2014-04,0.2999323818706473
Nairobi,Embakasi West,0.000793166442342,2014.0,4.0,2014-04,0.3174026579814315
Nairobi,Kamukunji,0.000718135459802,2014.0,4.0,2014-04,0.3669623048971839
Nairobi,Kasarani,0.0110736011415,2014.0,4.0,2014-04,0.5292008658143993
Nairobi,Kibra,0.00100197842996,2014.0,4.0,2014-04,0.4371776434001385
Nairobi,Kilimani,0.00238546350977,2014.0,4.0,2014-04,0.5083877230235815
Nairobi,Langata,0.0170497156745,2014.0,4.0,2014-04,0.5495786613939369
Nairobi,Makadara,0.000974908477702,2014.0,4.0,2014-04,0.3292267121479766
Nairobi,Mathare,0.000235884309461,2014.0,4.0,2014-04,0.3478615917681647
Nairobi,Roysambu,0.00390887981589,2014.0,4.0,2014-04,0.5616372950155881
Nairobi,Ruaraka,0.000583416833502,2014.0,4.0,2014-04,0.4226439751679221
Nairobi,Starehe,0.00136813789598,2014.0,4.0,2014-04,0.3307616535102933
Nairobi,Westlands,0.00590790301496,2014.0,4.0,2014-04,0.6383703829876991
Turkana,Loima,0.792863767753,2014.0,4.0,2014-04,0.2371506264348037
Turkana,Turkana Central,0.538281501213,2014.0,4.0,2014-04,0.1294577774560123
Turkana,Turkana East,0.909087463502,2014.0,4.0,2014-04,0.2137944014627169
Turkana,Turkana North,1.66897152383,2014.0,4.0,2014-04,0.2721741396482169
Turkana,Turkana South,0.603285539944,2014.0,4.0,2014-04,0.1959569027476358
Turkana,Turkana West,1.19593592043,2014.0,4.0,2014-04,0.3316245733332212
Kiambu,Gatundu North,0.0190562071078,2014.0,5.0,2014-05,0.5703889390199343
Kiambu,Gatundu South,0.018013492523,2014.0,5.0,2014-05,0.5676018310867492
Kiambu,Githunguri,0.0140557399999,2014.0,5.0,2014-05,0.5701140103889609
Kiambu,Juja,0.0303444523402,2014.0,5.0,2014-05,0.5105233120046309
Kiambu,Kabete,0.00456838148631,2014.0,5.0,2014-05,0.5414614549494527
Kiambu,Kiambaa,0.00720464174127,2014.0,5.0,2014-05,0.5367301920468338
Kiambu,Kiambu,0.00796244668767,2014.0,5.0,2014-05,0.5324320212686667
Kiambu,Kikuyu,0.0141641490709,2014.0,5.0,2014-05,0.5296333266763682
Kiambu,Lari,0.037858207576,2014.0,5.0,2014-05,0.6662081461628173
Kiambu,Limuru,0.0231553754199,2014.0,5.0,2014-05,0.5331187395459777
Kiambu,Ruiru,0.0124421280679,2014.0,5.0,2014-05,0.4430355145677071
Kiambu,Thika Town,0.0178033031507,2014.0,5.0,2014-05,0.5105685801038983
Machakos,Kangundo,0.013896319438,2014.0,5.0,2014-05,0.6723704636650517
Machakos,Kathiani,0.0167415041685,2014.0,5.0,2014-05,0.6094074766222629
Machakos,Machakos Town,0.0615270519301,2014.0,5.0,2014-05,0.4597484191878402
Machakos,Masinga,0.11427469357,2014.0,5.0,2014-05,0.4142876761016262
Machakos,Matungulu,0.0472449879416,2014.0,5.0,2014-05,0.535072513937924
Machakos,Mavoko,0.0684719511619,2014.0,5.0,2014-05,0.3558261042522896
Machakos,Mwala,0.0827962943547,2014.0,5.0,2014-05,0.563023927898411
Machakos,Yatta,0.0862109028544,2014.0,5.0,2014-05,0.5006263840182441
Nairobi,Dagoretti,0.00198642271282,2014.0,5.0,2014-05,0.4182146067359783
Nairobi,Embakasi Central,0.000664901959297,2014.0,5.0,2014-05,0.233072130806082
Nairobi,Embakasi East,0.00697580217167,2014.0,5.0,2014-05,0.3274731971890101
Nairobi,Embakasi North,0.000441181256097,2014.0,5.0,2014-05,0.2833092177893461
Nairobi,Embakasi South,0.00142609820487,2014.0,5.0,2014-05,0.2204759475319772
Nairobi,Embakasi West,0.000793166442342,2014.0,5.0,2014-05,0.2578903875910951
Nairobi,Kamukunji,0.000718135459802,2014.0,5.0,2014-05,0.2328027761719932
Nairobi,Kasarani,0.0110736011415,2014.0,5.0,2014-05,0.4206888515118925
Nairobi,Kibra,0.00100197842996,2014.0,5.0,2014-05,0.3288578398657319
Nairobi,Kilimani,0.00238546350977,2014.0,5.0,2014-05,0.3649467625809766
Nairobi,Langata,0.0170497156745,2014.0,5.0,2014-05,0.3936264699467116
Nairobi,Makadara,0.000974908477702,2014.0,5.0,2014-05,0.2789126058354144
Nairobi,Mathare,0.000235884309461,2014.0,5.0,2014-05,0.2610273960520789
Nairobi,Roysambu,0.00390887981589,2014.0,5.0,2014-05,0.4742115401162083
Nairobi,Ruaraka,0.000583416833502,2014.0,5.0,2014-05,0.370919925028835
Nairobi,Starehe,0.00136813789598,2014.0,5.0,2014-05,0.2182774679042333
Nairobi,Westlands,0.00590790301496,2014.0,5.0,2014-05,0.4654663932395422
Turkana,Loima,0.792863767753,2014.0,5.0,2014-05,0.2468917302825135
Turkana,Turkana Central,0.538281501213,2014.0,5.0,2014-05,0.1252127021206556
Turkana,Turkana East,0.909087463502,2014.0,5.0,2014-05,0.2132986061627766
Turkana,Turkana North,1.66897152383,2014.0,5.0,2014-05,0.2252905296851587
Turkana,Turkana South,0.603285539944,2014.0,5.0,2014-05,0.2042562672349765
Turkana,Turkana West,1.19593592043,2014.0,5.0,2014-05,0.3059660961235017
Kiambu,Gatundu North,0.0190562071078,2014.0,6.0,2014-06,0.499623268203919
Kiambu,Gatundu South,0.018013492523,2014.0,6.0,2014-06,0.5574422260067904
Kiambu,Githunguri,0.0140557399999,2014.0,6.0,2014-06,0.6650750413756995
Kiambu,Juja,0.0303444523402,2014.0,6.0,2014-06,0.428342670833325
Kiambu,Kabete,0.00456838148631,2014.0,6.0,2014-06,0.6815981223524518
Kiambu,Kiambaa,0.00720464174127,2014.0,6.0,2014-06,0.6439780656375106
Kiambu,Kiambu,0.00796244668767,2014.0,6.0,2014-06,0.6574838775560911
Kiambu,Kikuyu,0.0141641490709,2014.0,6.0,2014-06,0.5797134175090295
Kiambu,Lari,0.037858207576,2014.0,6.0,2014-06,0.693756364311347
Kiambu,Limuru,0.0231553754199,2014.0,6.0,2014-06,0.5826450806935229
Kiambu,Ruiru,0.0124421280679,2014.0,6.0,2014-06,0.3280289699106826
Kiambu,Thika Town,0.0178033031507,2014.0,6.0,2014-06,0.4064436357474246
Machakos,Kangundo,0.013896319438,2014.0,6.0,2014-06,0.4970456444750645
Machakos,Kathiani,0.0167415041685,2014.0,6.0,2014-06,0.4142441935537235
Machakos,Machakos Town,0.0615270519301,2014.0,6.0,2014-06,0.2949489014332817
Machakos,Masinga,0.11427469357,2014.0,6.0,2014-06,0.299080614367706
Machakos,Matungulu,0.0472449879416,2014.0,6.0,2014-06,0.3692955095123685
Machakos,Mavoko,0.0684719511619,2014.0,6.0,2014-06,0.3317828095258875
Machakos,Mwala,0.0827962943547,2014.0,6.0,2014-06,0.399603764378224
Machakos,Yatta,0.0862109028544,2014.0,6.0,2014-06,0.3475217695840061
Nairobi,Dagoretti,0.00198642271282,2014.0,6.0,2014-06,0.5773384196741561
Nairobi,Embakasi Central,0.000664901959297,2014.0,6.0,2014-06,0.2129780685571458
Nairobi,Embakasi East,0.00697580217167,2014.0,6.0,2014-06,0.3212447800156546
Nairobi,Embakasi North,0.000441181256097,2014.0,6.0,2014-06,0.2932653233406629
Nairobi,Embakasi South,0.00142609820487,2014.0,6.0,2014-06,0.2857640458089396
Nairobi,Embakasi West,0.000793166442342,2014.0,6.0,2014-06,0.2870143443645801
Nairobi,Kamukunji,0.000718135459802,2014.0,6.0,2014-06,0.30690203705233
Nairobi,Kasarani,0.0110736011415,2014.0,6.0,2014-06,0.3037940413961644
Nairobi,Kibra,0.00100197842996,2014.0,6.0,2014-06,0.4092571626024289
Nairobi,Kilimani,0.00238546350977,2014.0,6.0,2014-06,0.4745015996317153
Nairobi,Langata,0.0170497156745,2014.0,6.0,2014-06,0.5105872273960785
Nairobi,Makadara,0.000974908477702,2014.0,6.0,2014-06,0.2840695691458043
Nairobi,Mathare,0.000235884309461,2014.0,6.0,2014-06,0.3052613019739606
Nairobi,Roysambu,0.00390887981589,2014.0,6.0,2014-06,0.4764232819269545
Nairobi,Ruaraka,0.000583416833502,2014.0,6.0,2014-06,0.3422925096682271
Nairobi,Starehe,0.00136813789598,2014.0,6.0,2014-06,0.2755177314654174
Nairobi,Westlands,0.00590790301496,2014.0,6.0,2014-06,0.5855024504650488
Turkana,Loima,0.792863767753,2014.0,6.0,2014-06,0.2266308962418475
Turkana,Turkana Central,0.538281501213,2014.0,6.0,2014-06,0.1170949231885939
Turkana,Turkana East,0.909087463502,2014.0,6.0,2014-06,0.1898580384448793
Turkana,Turkana North,1.66897152383,2014.0,6.0,2014-06,0.1854622533425179
Turkana,Turkana South,0.603285539944,2014.0,6.0,2014-06,0.1798334175633472
Turkana,Turkana West,1.19593592043,2014.0,6.0,2014-06,0.2608152841940721
Kiambu,Gatundu North,0.0190562071078,2014.0,7.0,2014-07,0.6094977420787988
Kiambu,Gatundu South,0.018013492523,2014.0,7.0,2014-07,0.5911045959991915
Kiambu,Githunguri,0.0140557399999,2014.0,7.0,2014-07,0.5880861740425171
Kiambu,Juja,0.0303444523402,2014.0,7.0,2014-07,0.3911136767045854
Kiambu,Kabete,0.00456838148631,2014.0,7.0,2014-07,0.4727777194487035
Kiambu,Kiambaa,0.00720464174127,2014.0,7.0,2014-07,0.4787795613182421
Kiambu,Kiambu,0.00796244668767,2014.0,7.0,2014-07,0.4674603976693917
Kiambu,Kikuyu,0.0141641490709,2014.0,7.0,2014-07,0.3963928699014865
Kiambu,Lari,0.037858207576,2014.0,7.0,2014-07,0.6232805399006826
Kiambu,Limuru,0.0231553754199,2014.0,7.0,2014-07,0.463845191320364
Kiambu,Ruiru,0.0124421280679,2014.0,7.0,2014-07,0.2845042641106275
Kiambu,Thika Town,0.0178033031507,2014.0,7.0,2014-07,0.4014699207711756
Machakos,Kangundo,0.013896319438,2014.0,7.0,2014-07,0.5224638036220363
Machakos,Kathiani,0.0167415041685,2014.0,7.0,2014-07,0.4786013071327805
Machakos,Machakos Town,0.0615270519301,2014.0,7.0,2014-07,0.3447785478337775
Machakos,Masinga,0.11427469357,2014.0,7.0,2014-07,0.2938247557965927
Machakos,Matungulu,0.0472449879416,2014.0,7.0,2014-07,0.4084033162775098
Machakos,Mavoko,0.0684719511619,2014.0,7.0,2014-07,0.2738472250733099
Machakos,Mwala,0.0827962943547,2014.0,7.0,2014-07,0.3595466370461972
Machakos,Yatta,0.0862109028544,2014.0,7.0,2014-07,0.3244708631451179
Nairobi,Dagoretti,0.00198642271282,2014.0,7.0,2014-07,0.3975685164714785
Nairobi,Embakasi Central,0.000664901959297,2014.0,7.0,2014-07,0.1494664772220073
Nairobi,Embakasi East,0.00697580217167,2014.0,7.0,2014-07,0.2279117528699776
Nairobi,Embakasi North,0.000441181256097,2014.0,7.0,2014-07,0.2169127967508863
Nairobi,Embakasi South,0.00142609820487,2014.0,7.0,2014-07,0.2014673039038871
Nairobi,Embakasi West,0.000793166442342,2014.0,7.0,2014-07,0.1903485574523309
Nairobi,Kamukunji,0.000718135459802,2014.0,7.0,2014-07,0.213050558813004
Nairobi,Kasarani,0.0110736011415,2014.0,7.0,2014-07,0.2640440208517192
Nairobi,Kibra,0.00100197842996,2014.0,7.0,2014-07,0.2556551900483759
Nairobi,Kilimani,0.00238546350977,2014.0,7.0,2014-07,0.3096252681259798
Nairobi,Langata,0.0170497156745,2014.0,7.0,2014-07,0.3549688271751751
Nairobi,Makadara,0.000974908477702,2014.0,7.0,2014-07,0.1889293100647703
Nairobi,Mathare,0.000235884309461,2014.0,7.0,2014-07,0.2207038219235615
Nairobi,Roysambu,0.00390887981589,2014.0,7.0,2014-07,0.3625561406749805
Nairobi,Ruaraka,0.000583416833502,2014.0,7.0,2014-07,0.2809726270438974
Nairobi,Starehe,0.00136813789598,2014.0,7.0,2014-07,0.1750494730222068
Nairobi,Westlands,0.00590790301496,2014.0,7.0,2014-07,0.3836263830948379
Turkana,Loima,0.792863767753,2014.0,7.0,2014-07,0.238894597152301
Turkana,Turkana Central,0.538281501213,2014.0,7.0,2014-07,0.117593552177947
Turkana,Turkana East,0.909087463502,2014.0,7.0,2014-07,0.2134722915013352
Turkana,Turkana North,1.66897152383,2014.0,7.0,2014-07,0.1914868816778831
Turkana,Turkana South,0.603285539944,2014.0,7.0,2014-07,0.2031096726122464
Turkana,Turkana West,1.19593592043,2014.0,7.0,2014-07,0.2852198667728086
Kiambu,Gatundu North,0.0190562071078,2014.0,8.0,2014-08,0.7209270509381709
Kiambu,Gatundu South,0.018013492523,2014.0,8.0,2014-08,0.710925104148824
Kiambu,Githunguri,0.0140557399999,2014.0,8.0,2014-08,0.7035016543243237
Kiambu,Juja,0.0303444523402,2014.0,8.0,2014-08,0.3916186263063992
Kiambu,Kabete,0.00456838148631,2014.0,8.0,2014-08,0.6209168973119541
Kiambu,Kiambaa,0.00720464174127,2014.0,8.0,2014-08,0.6512686152802719
Kiambu,Kiambu,0.00796244668767,2014.0,8.0,2014-08,0.565663804507169
Kiambu,Kikuyu,0.0141641490709,2014.0,8.0,2014-08,0.4696168106060821
Kiambu,Lari,0.037858207576,2014.0,8.0,2014-08,0.720078254901633
Kiambu,Limuru,0.0231553754199,2014.0,8.0,2014-08,0.5427173358665038
Kiambu,Ruiru,0.0124421280679,2014.0,8.0,2014-08,0.2885843305341548
Kiambu,Thika Town,0.0178033031507,2014.0,8.0,2014-08,0.40212793732811
Machakos,Kangundo,0.013896319438,2014.0,8.0,2014-08,0.4275866993436615
Machakos,Kathiani,0.0167415041685,2014.0,8.0,2014-08,0.414482614159217
Machakos,Machakos Town,0.0615270519301,2014.0,8.0,2014-08,0.323425324966332
Machakos,Masinga,0.11427469357,2014.0,8.0,2014-08,0.2727630952138541
Machakos,Matungulu,0.0472449879416,2014.0,8.0,2014-08,0.3617292977723181
Machakos,Mavoko,0.0684719511619,2014.0,8.0,2014-08,0.2648868029498149
Machakos,Mwala,0.0827962943547,2014.0,8.0,2014-08,0.3143195233506077
Machakos,Yatta,0.0862109028544,2014.0,8.0,2014-08,0.2942309316993205
Nairobi,Dagoretti,0.00198642271282,2014.0,8.0,2014-08,0.4961391421685791
Nairobi,Embakasi Central,0.000664901959297,2014.0,8.0,2014-08,0.1889246198708602
Nairobi,Embakasi East,0.00697580217167,2014.0,8.0,2014-08,0.2537610343830117
Nairobi,Embakasi North,0.000441181256097,2014.0,8.0,2014-08,0.2579378629448458
Nairobi,Embakasi South,0.00142609820487,2014.0,8.0,2014-08,0.2361025110291055
Nairobi,Embakasi West,0.000793166442342,2014.0,8.0,2014-08,0.2447044574223821
Nairobi,Kamukunji,0.000718135459802,2014.0,8.0,2014-08,0.2792613083932059
Nairobi,Kasarani,0.0110736011415,2014.0,8.0,2014-08,0.2763240142239021
Nairobi,Kibra,0.00100197842996,2014.0,8.0,2014-08,0.366669297067825
Nairobi,Kilimani,0.00238546350977,2014.0,8.0,2014-08,0.4300883861843577
Nairobi,Langata,0.0170497156745,2014.0,8.0,2014-08,0.4170527004277661
Nairobi,Makadara,0.000974908477702,2014.0,8.0,2014-08,0.2662093490487501
Nairobi,Mathare,0.000235884309461,2014.0,8.0,2014-08,0.26004496850063
Nairobi,Roysambu,0.00390887981589,2014.0,8.0,2014-08,0.4196922703162324
Nairobi,Ruaraka,0.000583416833502,2014.0,8.0,2014-08,0.3194436783363866
Nairobi,Starehe,0.00136813789598,2014.0,8.0,2014-08,0.2604901666955818
Nairobi,Westlands,0.00590790301496,2014.0,8.0,2014-08,0.550841734409632
Turkana,Loima,0.792863767753,2014.0,8.0,2014-08,0.2601604790132131
Turkana,Turkana Central,0.538281501213,2014.0,8.0,2014-08,0.1271484957893555
Turkana,Turkana East,0.909087463502,2014.0,8.0,2014-08,0.2291630578868929
Turkana,Turkana North,1.66897152383,2014.0,8.0,2014-08,0.227194318482436
Turkana,Turkana South,0.603285539944,2014.0,8.0,2014-08,0.2067845814551833
Turkana,Turkana West,1.19593592043,2014.0,8.0,2014-08,0.3468225010412635
Kiambu,Gatundu North,0.0190562071078,2014.0,9.0,2014-09,0.7114417727359552
Kiambu,Gatundu South,0.018013492523,2014.0,9.0,2014-09,0.6863377129094025
Kiambu,Githunguri,0.0140557399999,2014.0,9.0,2014-09,0.6772909330923974
Kiambu,Juja,0.0303444523402,2014.0,9.0,2014-09,0.4017839796803691
Kiambu,Kabete,0.00456838148631,2014.0,9.0,2014-09,0.604117165856701
Kiambu,Kiambaa,0.00720464174127,2014.0,9.0,2014-09,0.6363142745934721
Kiambu,Kiambu,0.00796244668767,2014.0,9.0,2014-09,0.5739476461599632
Kiambu,Kikuyu,0.0141641490709,2014.0,9.0,2014-09,0.4692011074769351
Kiambu,Lari,0.037858207576,2014.0,9.0,2014-09,0.7237390307087477
Kiambu,Limuru,0.0231553754199,2014.0,9.0,2014-09,0.5502354963087376
Kiambu,Ruiru,0.0124421280679,2014.0,9.0,2014-09,0.3110993048423355
Kiambu,Thika Town,0.0178033031507,2014.0,9.0,2014-09,0.3777422384643167
Machakos,Kangundo,0.013896319438,2014.0,9.0,2014-09,0.378316056825801
Machakos,Kathiani,0.0167415041685,2014.0,9.0,2014-09,0.3653522553579156
Machakos,Machakos Town,0.0615270519301,2014.0,9.0,2014-09,0.3074564663743069
Machakos,Masinga,0.11427469357,2014.0,9.0,2014-09,0.2658051157180207
Machakos,Matungulu,0.0472449879416,2014.0,9.0,2014-09,0.3167280680700671
Machakos,Mavoko,0.0684719511619,2014.0,9.0,2014-09,0.2505686470376334
Machakos,Mwala,0.0827962943547,2014.0,9.0,2014-09,0.287945714054322
Machakos,Yatta,0.0862109028544,2014.0,9.0,2014-09,0.2773933152082261
Nairobi,Dagoretti,0.00198642271282,2014.0,9.0,2014-09,0.4853457695984705
Nairobi,Embakasi Central,0.000664901959297,2014.0,9.0,2014-09,0.2113978918082543
Nairobi,Embakasi East,0.00697580217167,2014.0,9.0,2014-09,0.2820142595628102
Nairobi,Embakasi North,0.000441181256097,2014.0,9.0,2014-09,0.2760911636673697
Nairobi,Embakasi South,0.00142609820487,2014.0,9.0,2014-09,0.2476834216586663
Nairobi,Embakasi West,0.000793166442342,2014.0,9.0,2014-09,0.27973036338225
Nairobi,Kamukunji,0.000718135459802,2014.0,9.0,2014-09,0.2995591667354858
Nairobi,Kasarani,0.0110736011415,2014.0,9.0,2014-09,0.2977329039841935
Nairobi,Kibra,0.00100197842996,2014.0,9.0,2014-09,0.3715245759699874
Nairobi,Kilimani,0.00238546350977,2014.0,9.0,2014-09,0.4388205393209959
Nairobi,Langata,0.0170497156745,2014.0,9.0,2014-09,0.436379613629587
Nairobi,Makadara,0.000974908477702,2014.0,9.0,2014-09,0.2683933666321494
Nairobi,Mathare,0.000235884309461,2014.0,9.0,2014-09,0.2992752498950022
Nairobi,Roysambu,0.00390887981589,2014.0,9.0,2014-09,0.4383428159290605
Nairobi,Ruaraka,0.000583416833502,2014.0,9.0,2014-09,0.3370813488024968
Nairobi,Starehe,0.00136813789598,2014.0,9.0,2014-09,0.2694276558524171
Nairobi,Westlands,0.00590790301496,2014.0,9.0,2014-09,0.5397138701209998
Turkana,Loima,0.792863767753,2014.0,9.0,2014-09,0.2755259967936478
Turkana,Turkana Central,0.538281501213,2014.0,9.0,2014-09,0.138139896678554
Turkana,Turkana East,0.909087463502,2014.0,9.0,2014-09,0.245226196009643
Turkana,Turkana North,1.66897152383,2014.0,9.0,2014-09,0.2759822091639163
Turkana,Turkana South,0.603285539944,2014.0,9.0,2014-09,0.2202399246216592
Turkana,Turkana West,1.19593592043,2014.0,9.0,2014-09,0.4003588821151427
Kiambu,Gatundu North,0.0190562071078,2014.0,10.0,2014-10,0.6289174311059991
Kiambu,Gatundu South,0.018013492523,2014.0,10.0,2014-10,0.5951088348068985
Kiambu,Githunguri,0.0140557399999,2014.0,10.0,2014-10,0.6447834402909263
Kiambu,Juja,0.0303444523402,2014.0,10.0,2014-10,0.3683337567784787
Kiambu,Kabete,0.00456838148631,2014.0,10.0,2014-10,0.4972392755355732
Kiambu,Kiambaa,0.00720464174127,2014.0,10.0,2014-10,0.5745302324112672
Kiambu,Kiambu,0.00796244668767,2014.0,10.0,2014-10,0.5356757529753773
Kiambu,Kikuyu,0.0141641490709,2014.0,10.0,2014-10,0.4726383829440174
Kiambu,Lari,0.037858207576,2014.0,10.0,2014-10,0.65979346877397
Kiambu,Limuru,0.0231553754199,2014.0,10.0,2014-10,0.5067294414326989
Kiambu,Ruiru,0.0124421280679,2014.0,10.0,2014-10,0.2880616431953243
Kiambu,Thika Town,0.0178033031507,2014.0,10.0,2014-10,0.3519827986776684
Machakos,Kangundo,0.013896319438,2014.0,10.0,2014-10,0.3580560806396282
Machakos,Kathiani,0.0167415041685,2014.0,10.0,2014-10,0.355525515822658
Machakos,Machakos Town,0.0615270519301,2014.0,10.0,2014-10,0.3205062037843426
Machakos,Masinga,0.11427469357,2014.0,10.0,2014-10,0.2875008635644205
Machakos,Matungulu,0.0472449879416,2014.0,10.0,2014-10,0.3053286926338857
Machakos,Mavoko,0.0684719511619,2014.0,10.0,2014-10,0.2643551419976826
Machakos,Mwala,0.0827962943547,2014.0,10.0,2014-10,0.2957143473574267
Machakos,Yatta,0.0862109028544,2014.0,10.0,2014-10,0.2809625379738183
Nairobi,Dagoretti,0.00198642271282,2014.0,10.0,2014-10,0.4845732940965583
Nairobi,Embakasi Central,0.000664901959297,2014.0,10.0,2014-10,0.1952219448329217
Nairobi,Embakasi East,0.00697580217167,2014.0,10.0,2014-10,0.2722604413866641
Nairobi,Embakasi North,0.000441181256097,2014.0,10.0,2014-10,0.2640150383700578
Nairobi,Embakasi South,0.00142609820487,2014.0,10.0,2014-10,0.2401387045309507
Nairobi,Embakasi West,0.000793166442342,2014.0,10.0,2014-10,0.2697392133373267
Nairobi,Kamukunji,0.000718135459802,2014.0,10.0,2014-10,0.2920575467283285
Nairobi,Kasarani,0.0110736011415,2014.0,10.0,2014-10,0.2704787423940886
Nairobi,Kibra,0.00100197842996,2014.0,10.0,2014-10,0.3724028512192716
Nairobi,Kilimani,0.00238546350977,2014.0,10.0,2014-10,0.4057518675503279
Nairobi,Langata,0.0170497156745,2014.0,10.0,2014-10,0.3792265127001492
Nairobi,Makadara,0.000974908477702,2014.0,10.0,2014-10,0.2758780857241475
Nairobi,Mathare,0.000235884309461,2014.0,10.0,2014-10,0.2514168080638387
Nairobi,Roysambu,0.00390887981589,2014.0,10.0,2014-10,0.4271748932056526
Nairobi,Ruaraka,0.000583416833502,2014.0,10.0,2014-10,0.3228308263789948
Nairobi,Starehe,0.00136813789598,2014.0,10.0,2014-10,0.2848208261045569
Nairobi,Westlands,0.00590790301496,2014.0,10.0,2014-10,0.5039959926743853
Turkana,Loima,0.792863767753,2014.0,10.0,2014-10,0.2935223918018369
Turkana,Turkana Central,0.538281501213,2014.0,10.0,2014-10,0.1331037861451002
Turkana,Turkana East,0.909087463502,2014.0,10.0,2014-10,0.2574586123232044
Turkana,Turkana North,1.66897152383,2014.0,10.0,2014-10,0.2866043885792269
Turkana,Turkana South,0.603285539944,2014.0,10.0,2014-10,0.2367038077745264
Turkana,Turkana West,1.19593592043,2014.0,10.0,2014-10,0.4207598647342733
Kiambu,Gatundu North,0.0190562071078,2014.0,11.0,2014-11,0.7390095505956219
Kiambu,Gatundu South,0.018013492523,2014.0,11.0,2014-11,0.7338089649792024
Kiambu,Githunguri,0.0140557399999,2014.0,11.0,2014-11,0.7446177463754038
Kiambu,Juja,0.0303444523402,2014.0,11.0,2014-11,0.4733082490321584
Kiambu,Kabete,0.00456838148631,2014.0,11.0,2014-11,0.6770688490258756
Kiambu,Kiambaa,0.00720464174127,2014.0,11.0,2014-11,0.7100308929326545
Kiambu,Kiambu,0.00796244668767,2014.0,11.0,2014-11,0.6691087481054493
Kiambu,Kikuyu,0.0141641490709,2014.0,11.0,2014-11,0.4970384448817254
Kiambu,Lari,0.037858207576,2014.0,11.0,2014-11,0.7473041443382243
Kiambu,Limuru,0.0231553754199,2014.0,11.0,2014-11,0.5963814615471366
Kiambu,Ruiru,0.0124421280679,2014.0,11.0,2014-11,0.3797630989325813
Kiambu,Thika Town,0.0178033031507,2014.0,11.0,2014-11,0.4874060101119553
Machakos,Kangundo,0.013896319438,2014.0,11.0,2014-11,0.5115610660282144
Machakos,Kathiani,0.0167415041685,2014.0,11.0,2014-11,0.4989011993718669
Machakos,Machakos Town,0.0615270519301,2014.0,11.0,2014-11,0.4373656479410575
Machakos,Masinga,0.11427469357,2014.0,11.0,2014-11,0.3976999993790225
Machakos,Matungulu,0.0472449879416,2014.0,11.0,2014-11,0.4215895769829265
Machakos,Mavoko,0.0684719511619,2014.0,11.0,2014-11,0.3516010395647619
Machakos,Mwala,0.0827962943547,2014.0,11.0,2014-11,0.4248250795299583
Machakos,Yatta,0.0862109028544,2014.0,11.0,2014-11,0.3876224394328904
Nairobi,Dagoretti,0.00198642271282,2014.0,11.0,2014-11,0.5614423956341625
Nairobi,Embakasi Central,0.000664901959297,2014.0,11.0,2014-11,0.2590243937274973
Nairobi,Embakasi East,0.00697580217167,2014.0,11.0,2014-11,0.3400192538058388
Nairobi,Embakasi North,0.000441181256097,2014.0,11.0,2014-11,0.3419434703585691
Nairobi,Embakasi South,0.00142609820487,2014.0,11.0,2014-11,0.2946812671679474
Nairobi,Embakasi West,0.000793166442342,2014.0,11.0,2014-11,0.3406478736148547
Nairobi,Kamukunji,0.000718135459802,2014.0,11.0,2014-11,0.421679717565447
Nairobi,Kasarani,0.0110736011415,2014.0,11.0,2014-11,0.3422829999178223
Nairobi,Kibra,0.00100197842996,2014.0,11.0,2014-11,0.4347731701056377
Nairobi,Kilimani,0.00238546350977,2014.0,11.0,2014-11,0.5080043567879629
Nairobi,Langata,0.0170497156745,2014.0,11.0,2014-11,0.51218321936284
Nairobi,Makadara,0.000974908477702,2014.0,11.0,2014-11,0.3477801252766441
Nairobi,Mathare,0.000235884309461,2014.0,11.0,2014-11,0.3339659764804705
Nairobi,Roysambu,0.00390887981589,2014.0,11.0,2014-11,0.5255598235615656
Nairobi,Ruaraka,0.000583416833502,2014.0,11.0,2014-11,0.4131351380690685
Nairobi,Starehe,0.00136813789598,2014.0,11.0,2014-11,0.3140677907413834
Nairobi,Westlands,0.00590790301496,2014.0,11.0,2014-11,0.6231882441960906
Turkana,Loima,0.792863767753,2014.0,11.0,2014-11,0.2846757373892248
Turkana,Turkana Central,0.538281501213,2014.0,11.0,2014-11,0.1320420291476889
Turkana,Turkana East,0.909087463502,2014.0,11.0,2014-11,0.2469464839302221
Turkana,Turkana North,1.66897152383,2014.0,11.0,2014-11,0.2589918798135439
Turkana,Turkana South,0.603285539944,2014.0,11.0,2014-11,0.2240128432348334
Turkana,Turkana West,1.19593592043,2014.0,11.0,2014-11,0.3924064821054118
Kiambu,Gatundu North,0.0190562071078,2014.0,12.0,2014-12,0.7882060198948689
Kiambu,Gatundu South,0.018013492523,2014.0,12.0,2014-12,0.775714399274856
Kiambu,Githunguri,0.0140557399999,2014.0,12.0,2014-12,0.7650407141108004
Kiambu,Juja,0.0303444523402,2014.0,12.0,2014-12,0.5633756970776671
Kiambu,Kabete,0.00456838148631,2014.0,12.0,2014-12,0.702032393859855
Kiambu,Kiambaa,0.00720464174127,2014.0,12.0,2014-12,0.7330989299306392
Kiambu,Kiambu,0.00796244668767,2014.0,12.0,2014-12,0.6875908445349953
Kiambu,Kikuyu,0.0141641490709,2014.0,12.0,2014-12,0.5145080832548934
Kiambu,Lari,0.037858207576,2014.0,12.0,2014-12,0.7699673358755006
Kiambu,Limuru,0.0231553754199,2014.0,12.0,2014-12,0.6136805742259106
Kiambu,Ruiru,0.0124421280679,2014.0,12.0,2014-12,0.4472859613128266
Kiambu,Thika Town,0.0178033031507,2014.0,12.0,2014-12,0.6160164750395879
Machakos,Kangundo,0.013896319438,2014.0,12.0,2014-12,0.7098723239335384
Machakos,Kathiani,0.0167415041685,2014.0,12.0,2014-12,0.66806160042679
Machakos,Machakos Town,0.0615270519301,2014.0,12.0,2014-12,0.5445229758342008
Machakos,Masinga,0.11427469357,2014.0,12.0,2014-12,0.5139804275735617
Machakos,Matungulu,0.0472449879416,2014.0,12.0,2014-12,0.5716847379268516
Machakos,Mavoko,0.0684719511619,2014.0,12.0,2014-12,0.4783114332335451
Machakos,Mwala,0.0827962943547,2014.0,12.0,2014-12,0.6292634383651192
Machakos,Yatta,0.0862109028544,2014.0,12.0,2014-12,0.5935840654041024
Nairobi,Dagoretti,0.00198642271282,2014.0,12.0,2014-12,0.586242430489165
Nairobi,Embakasi Central,0.000664901959297,2014.0,12.0,2014-12,0.2581675796709018
Nairobi,Embakasi East,0.00697580217167,2014.0,12.0,2014-12,0.3601066624883729
Nairobi,Embakasi North,0.000441181256097,2014.0,12.0,2014-12,0.3257723556074135
Nairobi,Embakasi South,0.00142609820487,2014.0,12.0,2014-12,0.2815577855775367
Nairobi,Embakasi West,0.000793166442342,2014.0,12.0,2014-12,0.3242858939802338
Nairobi,Kamukunji,0.000718135459802,2014.0,12.0,2014-12,0.3829325639331625
Nairobi,Kasarani,0.0110736011415,2014.0,12.0,2014-12,0.3768355385860419
Nairobi,Kibra,0.00100197842996,2014.0,12.0,2014-12,0.4489234425905818
Nairobi,Kilimani,0.00238546350977,2014.0,12.0,2014-12,0.5260504172231029
Nairobi,Langata,0.0170497156745,2014.0,12.0,2014-12,0.5309967607745041
Nairobi,Makadara,0.000974908477702,2014.0,12.0,2014-12,0.3189672646240686
Nairobi,Mathare,0.000235884309461,2014.0,12.0,2014-12,0.3447442587148258
Nairobi,Roysambu,0.00390887981589,2014.0,12.0,2014-12,0.5512879658966672
Nairobi,Ruaraka,0.000583416833502,2014.0,12.0,2014-12,0.411613781464143
Nairobi,Starehe,0.00136813789598,2014.0,12.0,2014-12,0.3167980670252134
Nairobi,Westlands,0.00590790301496,2014.0,12.0,2014-12,0.6560801684422696
Turkana,Loima,0.792863767753,2014.0,12.0,2014-12,0.3036383071744029
Turkana,Turkana Central,0.538281501213,2014.0,12.0,2014-12,0.1465100141963273
Turkana,Turkana East,0.909087463502,2014.0,12.0,2014-12,0.2536524348800166
Turkana,Turkana North,1.66897152383,2014.0,12.0,2014-12,0.2702696715009312
Turkana,Turkana South,0.603285539944,2014.0,12.0,2014-12,0.2416485269187098
Turkana,Turkana West,1.19593592043,2014.0,12.0,2014-12,0.3451564563037014
Kiambu,Gatundu North,0.0190562071078,2015.0,1.0,2015-01,0.7498240685244617
Kiambu,Gatundu South,0.018013492523,2015.0,1.0,2015-01,0.7195036486676412
Kiambu,Githunguri,0.0140557399999,2015.0,1.0,2015-01,0.6883976800054042
Kiambu,Juja,0.0303444523402,2015.0,1.0,2015-01,0.4673999473952845
Kiambu,Kabete,0.00456838148631,2015.0,1.0,2015-01,0.6441754680041926
Kiambu,Kiambaa,0.00720464174127,2015.0,1.0,2015-01,0.6688203915899193
Kiambu,Kiambu,0.00796244668767,2015.0,1.0,2015-01,0.5780807363281744
Kiambu,Kikuyu,0.0141641490709,2015.0,1.0,2015-01,0.5049940202530012
Kiambu,Lari,0.037858207576,2015.0,1.0,2015-01,0.741139817734077
Kiambu,Limuru,0.0231553754199,2015.0,1.0,2015-01,0.5887123280158432
Kiambu,Ruiru,0.0124421280679,2015.0,1.0,2015-01,0.3813744002327529
Kiambu,Thika Town,0.0178033031507,2015.0,1.0,2015-01,0.5421028827957878
Machakos,Kangundo,0.013896319438,2015.0,1.0,2015-01,0.6254327272170842
Machakos,Kathiani,0.0167415041685,2015.0,1.0,2015-01,0.5760567754082979
Machakos,Machakos Town,0.0615270519301,2015.0,1.0,2015-01,0.4328401607688408
Machakos,Masinga,0.11427469357,2015.0,1.0,2015-01,0.3902282008055225
Machakos,Matungulu,0.0472449879416,2015.0,1.0,2015-01,0.4713044673571898
Machakos,Mavoko,0.0684719511619,2015.0,1.0,2015-01,0.3518012215882591
Machakos,Mwala,0.0827962943547,2015.0,1.0,2015-01,0.5418859982001258
Machakos,Yatta,0.0862109028544,2015.0,1.0,2015-01,0.4845737422265665
Nairobi,Dagoretti,0.00198642271282,2015.0,1.0,2015-01,0.5282640515455707
Nairobi,Embakasi Central,0.000664901959297,2015.0,1.0,2015-01,0.214019332281965
Nairobi,Embakasi East,0.00697580217167,2015.0,1.0,2015-01,0.2783313777593756
Nairobi,Embakasi North,0.000441181256097,2015.0,1.0,2015-01,0.2601891868240362
Nairobi,Embakasi South,0.00142609820487,2015.0,1.0,2015-01,0.234183602008823
Nairobi,Embakasi West,0.000793166442342,2015.0,1.0,2015-01,0.260783511779974
Nairobi,Kamukunji,0.000718135459802,2015.0,1.0,2015-01,0.3197294890852533
Nairobi,Kasarani,0.0110736011415,2015.0,1.0,2015-01,0.3287248370736134
Nairobi,Kibra,0.00100197842996,2015.0,1.0,2015-01,0.412488012636983
Nairobi,Kilimani,0.00238546350977,2015.0,1.0,2015-01,0.495758225847925
Nairobi,Langata,0.0170497156745,2015.0,1.0,2015-01,0.4483652465022814
Nairobi,Makadara,0.000974908477702,2015.0,1.0,2015-01,0.2631646372662485
Nairobi,Mathare,0.000235884309461,2015.0,1.0,2015-01,0.3134230533389333
Nairobi,Roysambu,0.00390887981589,2015.0,1.0,2015-01,0.47540065999919
Nairobi,Ruaraka,0.000583416833502,2015.0,1.0,2015-01,0.3577015282583623
Nairobi,Starehe,0.00136813789598,2015.0,1.0,2015-01,0.2905969827087671
Nairobi,Westlands,0.00590790301496,2015.0,1.0,2015-01,0.6054554501838104
Turkana,Loima,0.792863767753,2015.0,1.0,2015-01,0.2487819129220871
Turkana,Turkana Central,0.538281501213,2015.0,1.0,2015-01,0.130704092847663
Turkana,Turkana East,0.909087463502,2015.0,1.0,2015-01,0.1886318511538583
Turkana,Turkana North,1.66897152383,2015.0,1.0,2015-01,0.2068547454344715
Turkana,Turkana South,0.603285539944,2015.0,1.0,2015-01,0.1920344019556999
Turkana,Turkana West,1.19593592043,2015.0,1.0,2015-01,0.2679499381054993
Kiambu,Gatundu North,0.0190562071078,2015.0,2.0,2015-02,0.7057641691510165
Kiambu,Gatundu South,0.018013492523,2015.0,2.0,2015-02,0.6663293754035282
Kiambu,Githunguri,0.0140557399999,2015.0,2.0,2015-02,0.6317925706694136
Kiambu,Juja,0.0303444523402,2015.0,2.0,2015-02,0.390466805707383
Kiambu,Kabete,0.00456838148631,2015.0,2.0,2015-02,0.557406830998727
Kiambu,Kiambaa,0.00720464174127,2015.0,2.0,2015-02,0.6013591620398592
Kiambu,Kiambu,0.00796244668767,2015.0,2.0,2015-02,0.5065436432529131
Kiambu,Kikuyu,0.0141641490709,2015.0,2.0,2015-02,0.4152005581376514
Kiambu,Lari,0.037858207576,2015.0,2.0,2015-02,0.7059708607039615
Kiambu,Limuru,0.0231553754199,2015.0,2.0,2015-02,0.5114145530248545
Kiambu,Ruiru,0.0124421280679,2015.0,2.0,2015-02,0.3205174194825388
Kiambu,Thika Town,0.0178033031507,2015.0,2.0,2015-02,0.4600581491235376
Machakos,Kangundo,0.013896319438,2015.0,2.0,2015-02,0.5330190893523868
Machakos,Kathiani,0.0167415041685,2015.0,2.0,2015-02,0.4845893358052177
Machakos,Machakos Town,0.0615270519301,2015.0,2.0,2015-02,0.3747336369449415
Machakos,Masinga,0.11427469357,2015.0,2.0,2015-02,0.3299664020591932
Machakos,Matungulu,0.0472449879416,2015.0,2.0,2015-02,0.3885252847137711
Machakos,Mavoko,0.0684719511619,2015.0,2.0,2015-02,0.3014972686942405
Machakos,Mwala,0.0827962943547,2015.0,2.0,2015-02,0.4142131001298653
Machakos,Yatta,0.0862109028544,2015.0,2.0,2015-02,0.3810369275305456
Nairobi,Dagoretti,0.00198642271282,2015.0,2.0,2015-02,0.4586994004939449
Nairobi,Embakasi Central,0.000664901959297,2015.0,2.0,2015-02,0.1906067828131043
Nairobi,Embakasi East,0.00697580217167,2015.0,2.0,2015-02,0.2446848156351389
Nairobi,Embakasi North,0.000441181256097,2015.0,2.0,2015-02,0.244201052371763
Nairobi,Embakasi South,0.00142609820487,2015.0,2.0,2015-02,0.2101293963818982
Nairobi,Embakasi West,0.000793166442342,2015.0,2.0,2015-02,0.2451166467006087
Nairobi,Kamukunji,0.000718135459802,2015.0,2.0,2015-02,0.2964505987282184
Nairobi,Kasarani,0.0110736011415,2015.0,2.0,2015-02,0.289575290569921
Nairobi,Kibra,0.00100197842996,2015.0,2.0,2015-02,0.3542098084707276
Nairobi,Kilimani,0.00238546350977,2015.0,2.0,2015-02,0.4529389742781545
Nairobi,Langata,0.0170497156745,2015.0,2.0,2015-02,0.4007960514851156
Nairobi,Makadara,0.000974908477702,2015.0,2.0,2015-02,0.2486511786562709
Nairobi,Mathare,0.000235884309461,2015.0,2.0,2015-02,0.285760340193196
Nairobi,Roysambu,0.00390887981589,2015.0,2.0,2015-02,0.4249602008847228
Nairobi,Ruaraka,0.000583416833502,2015.0,2.0,2015-02,0.3184488449012824
Nairobi,Starehe,0.00136813789598,2015.0,2.0,2015-02,0.268897847270414
Nairobi,Westlands,0.00590790301496,2015.0,2.0,2015-02,0.5516699199472342
Turkana,Loima,0.792863767753,2015.0,2.0,2015-02,0.2004540538361784
Turkana,Turkana Central,0.538281501213,2015.0,2.0,2015-02,0.1170535191140924
Turkana,Turkana East,0.909087463502,2015.0,2.0,2015-02,0.1623159991518754
Turkana,Turkana North,1.66897152383,2015.0,2.0,2015-02,0.1719105228567217
Turkana,Turkana South,0.603285539944,2015.0,2.0,2015-02,0.1628693534159737
Turkana,Turkana West,1.19593592043,2015.0,2.0,2015-02,0.2225280237856341
Kiambu,Gatundu North,0.0190562071078,2015.0,3.0,2015-03,0.6756625299990454
Kiambu,Gatundu South,0.018013492523,2015.0,3.0,2015-03,0.6262519126709101
Kiambu,Githunguri,0.0140557399999,2015.0,3.0,2015-03,0.5627323249765679
Kiambu,Juja,0.0303444523402,2015.0,3.0,2015-03,0.3636716626479788
Kiambu,Kabete,0.00456838148631,2015.0,3.0,2015-03,0.447586407304417
Kiambu,Kiambaa,0.00720464174127,2015.0,3.0,2015-03,0.5394140229335883
Kiambu,Kiambu,0.00796244668767,2015.0,3.0,2015-03,0.4554206164434606
Kiambu,Kikuyu,0.0141641490709,2015.0,3.0,2015-03,0.3615109888805411
Kiambu,Lari,0.037858207576,2015.0,3.0,2015-03,0.6508447925179166
Kiambu,Limuru,0.0231553754199,2015.0,3.0,2015-03,0.4506333734266655
Kiambu,Ruiru,0.0124421280679,2015.0,3.0,2015-03,0.2837419330709035
Kiambu,Thika Town,0.0178033031507,2015.0,3.0,2015-03,0.3973950058060393
Machakos,Kangundo,0.013896319438,2015.0,3.0,2015-03,0.4620941745796991
Machakos,Kathiani,0.0167415041685,2015.0,3.0,2015-03,0.4253431229750516
Machakos,Machakos Town,0.0615270519301,2015.0,3.0,2015-03,0.3513290142299453
Machakos,Masinga,0.11427469357,2015.0,3.0,2015-03,0.2986465691947546
Machakos,Matungulu,0.0472449879416,2015.0,3.0,2015-03,0.3435893449249299
Machakos,Mavoko,0.0684719511619,2015.0,3.0,2015-03,0.2967430305886717
Machakos,Mwala,0.0827962943547,2015.0,3.0,2015-03,0.3778360739196205
Machakos,Yatta,0.0862109028544,2015.0,3.0,2015-03,0.3373650812130977
Nairobi,Dagoretti,0.00198642271282,2015.0,3.0,2015-03,0.3905190283420967
Nairobi,Embakasi Central,0.000664901959297,2015.0,3.0,2015-03,0.2044242866069568
Nairobi,Embakasi East,0.00697580217167,2015.0,3.0,2015-03,0.2233785409624066
Nairobi,Embakasi North,0.000441181256097,2015.0,3.0,2015-03,0.2330261791500245
Nairobi,Embakasi South,0.00142609820487,2015.0,3.0,2015-03,0.1948711911434198
Nairobi,Embakasi West,0.000793166442342,2015.0,3.0,2015-03,0.2431999338624339
Nairobi,Kamukunji,0.000718135459802,2015.0,3.0,2015-03,0.2489624397830813
Nairobi,Kasarani,0.0110736011415,2015.0,3.0,2015-03,0.2637472571378549
Nairobi,Kibra,0.00100197842996,2015.0,3.0,2015-03,0.3262139688024486
Nairobi,Kilimani,0.00238546350977,2015.0,3.0,2015-03,0.3799853150739468
Nairobi,Langata,0.0170497156745,2015.0,3.0,2015-03,0.3525089234603249
Nairobi,Makadara,0.000974908477702,2015.0,3.0,2015-03,0.2023594231589205
Nairobi,Mathare,0.000235884309461,2015.0,3.0,2015-03,0.2392633725325494
Nairobi,Roysambu,0.00390887981589,2015.0,3.0,2015-03,0.3719919380390329
Nairobi,Ruaraka,0.000583416833502,2015.0,3.0,2015-03,0.3037776901418005
Nairobi,Starehe,0.00136813789598,2015.0,3.0,2015-03,0.2046420252139716
Nairobi,Westlands,0.00590790301496,2015.0,3.0,2015-03,0.4601791591613707
Turkana,Loima,0.792863767753,2015.0,3.0,2015-03,0.189801275161649
Turkana,Turkana Central,0.538281501213,2015.0,3.0,2015-03,0.1077256697533207
Turkana,Turkana East,0.909087463502,2015.0,3.0,2015-03,0.1607539003880667
Turkana,Turkana North,1.66897152383,2015.0,3.0,2015-03,0.1586951566744316
Turkana,Turkana South,0.603285539944,2015.0,3.0,2015-03,0.1590679161234366
Turkana,Turkana West,1.19593592043,2015.0,3.0,2015-03,0.2228184697138098
Kiambu,Gatundu North,0.0190562071078,2015.0,4.0,2015-04,0.6966860658069013
Kiambu,Gatundu South,0.018013492523,2015.0,4.0,2015-04,0.704756151149206
Kiambu,Githunguri,0.0140557399999,2015.0,4.0,2015-04,0.6809893580011311
Kiambu,Juja,0.0303444523402,2015.0,4.0,2015-04,0.5463042086379942
Kiambu,Kabete,0.00456838148631,2015.0,4.0,2015-04,0.5744394141393133
Kiambu,Kiambaa,0.00720464174127,2015.0,4.0,2015-04,0.6275003540812016
Kiambu,Kiambu,0.00796244668767,2015.0,4.0,2015-04,0.5831741763361246
Kiambu,Kikuyu,0.0141641490709,2015.0,4.0,2015-04,0.5035933656126315
Kiambu,Lari,0.037858207576,2015.0,4.0,2015-04,0.6584323653814416
Kiambu,Limuru,0.0231553754199,2015.0,4.0,2015-04,0.5525581356857415
Kiambu,Ruiru,0.0124421280679,2015.0,4.0,2015-04,0.4315097742585775
Kiambu,Thika Town,0.0178033031507,2015.0,4.0,2015-04,0.5865513774481202
Machakos,Kangundo,0.013896319438,2015.0,4.0,2015-04,0.6414097853766288
Machakos,Kathiani,0.0167415041685,2015.0,4.0,2015-04,0.5991473948326742
Machakos,Machakos Town,0.0615270519301,2015.0,4.0,2015-04,0.4627491499099991
Machakos,Masinga,0.11427469357,2015.0,4.0,2015-04,0.4909879721220417
Machakos,Matungulu,0.0472449879416,2015.0,4.0,2015-04,0.5577810079388702
Machakos,Mavoko,0.0684719511619,2015.0,4.0,2015-04,0.4257548095975292
Machakos,Mwala,0.0827962943547,2015.0,4.0,2015-04,0.5657556908116982
Machakos,Yatta,0.0862109028544,2015.0,4.0,2015-04,0.5301758518169272
Nairobi,Dagoretti,0.00198642271282,2015.0,4.0,2015-04,0.5159089228808157
Nairobi,Embakasi Central,0.000664901959297,2015.0,4.0,2015-04,0.2584100098193829
Nairobi,Embakasi East,0.00697580217167,2015.0,4.0,2015-04,0.3523889809310981
Nairobi,Embakasi North,0.000441181256097,2015.0,4.0,2015-04,0.2874961562626216
Nairobi,Embakasi South,0.00142609820487,2015.0,4.0,2015-04,0.2709308315529534
Nairobi,Embakasi West,0.000793166442342,2015.0,4.0,2015-04,0.3227100242088449
Nairobi,Kamukunji,0.000718135459802,2015.0,4.0,2015-04,0.3591549150769401
Nairobi,Kasarani,0.0110736011415,2015.0,4.0,2015-04,0.3832571614364673
Nairobi,Kibra,0.00100197842996,2015.0,4.0,2015-04,0.4101011699081848
Nairobi,Kilimani,0.00238546350977,2015.0,4.0,2015-04,0.438412939307725
Nairobi,Langata,0.0170497156745,2015.0,4.0,2015-04,0.4809301899018348
Nairobi,Makadara,0.000974908477702,2015.0,4.0,2015-04,0.3358783821648293
Nairobi,Mathare,0.000235884309461,2015.0,4.0,2015-04,0.2964307559848803
Nairobi,Roysambu,0.00390887981589,2015.0,4.0,2015-04,0.5017931565574767
Nairobi,Ruaraka,0.000583416833502,2015.0,4.0,2015-04,0.3946012551733498
Nairobi,Starehe,0.00136813789598,2015.0,4.0,2015-04,0.306204110282211
Nairobi,Westlands,0.00590790301496,2015.0,4.0,2015-04,0.5700939434775911
Turkana,Loima,0.792863767753,2015.0,4.0,2015-04,0.2618529806861762
Turkana,Turkana Central,0.538281501213,2015.0,4.0,2015-04,0.1245369497976546
Turkana,Turkana East,0.909087463502,2015.0,4.0,2015-04,0.2527847732605091
Turkana,Turkana North,1.66897152383,2015.0,4.0,2015-04,0.2988405896180209
Turkana,Turkana South,0.603285539944,2015.0,4.0,2015-04,0.2227417734619119
Turkana,Turkana West,1.19593592043,2015.0,4.0,2015-04,0.3912830144195519
Kiambu,Gatundu North,0.0190562071078,2015.0,5.0,2015-05,0.5822273874672498
Kiambu,Gatundu South,0.018013492523,2015.0,5.0,2015-05,0.5720205148476598
Kiambu,Githunguri,0.0140557399999,2015.0,5.0,2015-05,0.5466849863910539
Kiambu,Juja,0.0303444523402,2015.0,5.0,2015-05,0.580928801407747
Kiambu,Kabete,0.00456838148631,2015.0,5.0,2015-05,0.541310438377643
Kiambu,Kiambaa,0.00720464174127,2015.0,5.0,2015-05,0.510227960882196
Kiambu,Kiambu,0.00796244668767,2015.0,5.0,2015-05,0.5665007703679789
Kiambu,Kikuyu,0.0141641490709,2015.0,5.0,2015-05,0.4935572030690942
Kiambu,Lari,0.037858207576,2015.0,5.0,2015-05,0.5264742885813524
Kiambu,Limuru,0.0231553754199,2015.0,5.0,2015-05,0.5134188106632314
Kiambu,Ruiru,0.0124421280679,2015.0,5.0,2015-05,0.5614727060194528
Kiambu,Thika Town,0.0178033031507,2015.0,5.0,2015-05,0.5386636827513412
Machakos,Kangundo,0.013896319438,2015.0,5.0,2015-05,0.6074828526916185
Machakos,Kathiani,0.0167415041685,2015.0,5.0,2015-05,0.5878924487013157
Machakos,Machakos Town,0.0615270519301,2015.0,5.0,2015-05,0.4255151854027245
Machakos,Masinga,0.11427469357,2015.0,5.0,2015-05,0.4361122881464681
Machakos,Matungulu,0.0472449879416,2015.0,5.0,2015-05,0.5283873695432566
Machakos,Mavoko,0.0684719511619,2015.0,5.0,2015-05,0.4299311762253801
Machakos,Mwala,0.0827962943547,2015.0,5.0,2015-05,0.5999893521354367
Machakos,Yatta,0.0862109028544,2015.0,5.0,2015-05,0.5442956999790077
Nairobi,Dagoretti,0.00198642271282,2015.0,5.0,2015-05,0.3965933760556083
Nairobi,Embakasi Central,0.000664901959297,2015.0,5.0,2015-05,0.2828376856012141
Nairobi,Embakasi East,0.00697580217167,2015.0,5.0,2015-05,0.3791974302073648
Nairobi,Embakasi North,0.000441181256097,2015.0,5.0,2015-05,0.2638814365211145
Nairobi,Embakasi South,0.00142609820487,2015.0,5.0,2015-05,0.245947536833051
Nairobi,Embakasi West,0.000793166442342,2015.0,5.0,2015-05,0.244961576569831
Nairobi,Kamukunji,0.000718135459802,2015.0,5.0,2015-05,0.3577443912241579
Nairobi,Kasarani,0.0110736011415,2015.0,5.0,2015-05,0.4649323792969156
Nairobi,Kibra,0.00100197842996,2015.0,5.0,2015-05,0.2719350804620399
Nairobi,Kilimani,0.00238546350977,2015.0,5.0,2015-05,0.3301282007150024
Nairobi,Langata,0.0170497156745,2015.0,5.0,2015-05,0.4009199035524219
Nairobi,Makadara,0.000974908477702,2015.0,5.0,2015-05,0.2658297374672595
Nairobi,Mathare,0.000235884309461,2015.0,5.0,2015-05,0.3122584754304914
Nairobi,Roysambu,0.00390887981589,2015.0,5.0,2015-05,0.48015187345629
Nairobi,Ruaraka,0.000583416833502,2015.0,5.0,2015-05,0.4427789945043762
Nairobi,Starehe,0.00136813789598,2015.0,5.0,2015-05,0.2331987530360859
Nairobi,Westlands,0.00590790301496,2015.0,5.0,2015-05,0.4003160927487126
Turkana,Loima,0.792863767753,2015.0,5.0,2015-05,0.2854090533528426
Turkana,Turkana Central,0.538281501213,2015.0,5.0,2015-05,0.1348962085102085
Turkana,Turkana East,0.909087463502,2015.0,5.0,2015-05,0.3038277859755415
Turkana,Turkana North,1.66897152383,2015.0,5.0,2015-05,0.2888246692408447
Turkana,Turkana South,0.603285539944,2015.0,5.0,2015-05,0.2517714363945398
Turkana,Turkana West,1.19593592043,2015.0,5.0,2015-05,0.3769812387637453
Kiambu,Gatundu North,0.0190562071078,2015.0,6.0,2015-06,0.764725250009343
Kiambu,Gatundu South,0.018013492523,2015.0,6.0,2015-06,0.7596380464381872
Kiambu,Githunguri,0.0140557399999,2015.0,6.0,2015-06,0.7346115542345348
Kiambu,Juja,0.0303444523402,2015.0,6.0,2015-06,0.5916340381843752
Kiambu,Kabete,0.00456838148631,2015.0,6.0,2015-06,0.663714000493776
Kiambu,Kiambaa,0.00720464174127,2015.0,6.0,2015-06,0.7142205984919627
Kiambu,Kiambu,0.00796244668767,2015.0,6.0,2015-06,0.7065760774716138
Kiambu,Kikuyu,0.0141641490709,2015.0,6.0,2015-06,0.6733162366872333
Kiambu,Lari,0.037858207576,2015.0,6.0,2015-06,0.7327287241385453
Kiambu,Limuru,0.0231553754199,2015.0,6.0,2015-06,0.7093649596105254
Kiambu,Ruiru,0.0124421280679,2015.0,6.0,2015-06,0.5335449075825845
Kiambu,Thika Town,0.0178033031507,2015.0,6.0,2015-06,0.5911904911520391
Machakos,Kangundo,0.013896319438,2015.0,6.0,2015-06,0.6475707391681231
Machakos,Kathiani,0.0167415041685,2015.0,6.0,2015-06,0.5845100179837841
Machakos,Machakos Town,0.0615270519301,2015.0,6.0,2015-06,0.4546604816571195
Machakos,Masinga,0.11427469357,2015.0,6.0,2015-06,0.421781399669519
Machakos,Matungulu,0.0472449879416,2015.0,6.0,2015-06,0.5415887189167669
Machakos,Mavoko,0.0684719511619,2015.0,6.0,2015-06,0.4586673676588649
Machakos,Mwala,0.0827962943547,2015.0,6.0,2015-06,0.4889982877407758
Machakos,Yatta,0.0862109028544,2015.0,6.0,2015-06,0.4713582903550342
Nairobi,Dagoretti,0.00198642271282,2015.0,6.0,2015-06,0.57480261014181
Nairobi,Embakasi Central,0.000664901959297,2015.0,6.0,2015-06,0.2807363942035886
Nairobi,Embakasi East,0.00697580217167,2015.0,6.0,2015-06,0.463836036368174
Nairobi,Embakasi North,0.000441181256097,2015.0,6.0,2015-06,0.3562756069649507
Nairobi,Embakasi South,0.00142609820487,2015.0,6.0,2015-06,0.3259526227074718
Nairobi,Embakasi West,0.000793166442342,2015.0,6.0,2015-06,0.3321385369871215
Nairobi,Kamukunji,0.000718135459802,2015.0,6.0,2015-06,0.4077179618465603
Nairobi,Kasarani,0.0110736011415,2015.0,6.0,2015-06,0.4880319743926879
Nairobi,Kibra,0.00100197842996,2015.0,6.0,2015-06,0.4633162227268245
Nairobi,Kilimani,0.00238546350977,2015.0,6.0,2015-06,0.5080912267022786
Nairobi,Langata,0.0170497156745,2015.0,6.0,2015-06,0.6387359392819971
Nairobi,Makadara,0.000974908477702,2015.0,6.0,2015-06,0.351539237781974
Nairobi,Mathare,0.000235884309461,2015.0,6.0,2015-06,0.3440243175136498
Nairobi,Roysambu,0.00390887981589,2015.0,6.0,2015-06,0.5853451079584558
Nairobi,Ruaraka,0.000583416833502,2015.0,6.0,2015-06,0.4419714889069816
Nairobi,Starehe,0.00136813789598,2015.0,6.0,2015-06,0.3314762093742767
Nairobi,Westlands,0.00590790301496,2015.0,6.0,2015-06,0.6264196094121427
Turkana,Loima,0.792863767753,2015.0,6.0,2015-06,0.2606424436602702
Turkana,Turkana Central,0.538281501213,2015.0,6.0,2015-06,0.1301783910430624
Turkana,Turkana East,0.909087463502,2015.0,6.0,2015-06,0.2435238743625684
Turkana,Turkana North,1.66897152383,2015.0,6.0,2015-06,0.2543286875233916
Turkana,Turkana South,0.603285539944,2015.0,6.0,2015-06,0.2165430194652662
Turkana,Turkana West,1.19593592043,2015.0,6.0,2015-06,0.3699066764220093
Kiambu,Gatundu North,0.0190562071078,2015.0,7.0,2015-07,0.714528307991579
Kiambu,Gatundu South,0.018013492523,2015.0,7.0,2015-07,0.6975629666108865
Kiambu,Githunguri,0.0140557399999,2015.0,7.0,2015-07,0.6945118815810581
Kiambu,Juja,0.0303444523402,2015.0,7.0,2015-07,0.468036115223231
Kiambu,Kabete,0.00456838148631,2015.0,7.0,2015-07,0.6735334355535917
Kiambu,Kiambaa,0.00720464174127,2015.0,7.0,2015-07,0.6800295876786876
Kiambu,Kiambu,0.00796244668767,2015.0,7.0,2015-07,0.6526009213109064
Kiambu,Kikuyu,0.0141641490709,2015.0,7.0,2015-07,0.6347156608830208
Kiambu,Lari,0.037858207576,2015.0,7.0,2015-07,0.7236636583445325
Kiambu,Limuru,0.0231553754199,2015.0,7.0,2015-07,0.6463662645801052
Kiambu,Ruiru,0.0124421280679,2015.0,7.0,2015-07,0.3802545842249689
Kiambu,Thika Town,0.0178033031507,2015.0,7.0,2015-07,0.4440606685001522
Machakos,Kangundo,0.013896319438,2015.0,7.0,2015-07,0.4913593100252941
Machakos,Kathiani,0.0167415041685,2015.0,7.0,2015-07,0.4428470819479204
Machakos,Machakos Town,0.0615270519301,2015.0,7.0,2015-07,0.3457528606810426
Machakos,Masinga,0.11427469357,2015.0,7.0,2015-07,0.2993112729625249
Machakos,Matungulu,0.0472449879416,2015.0,7.0,2015-07,0.3899390495041714
Machakos,Mavoko,0.0684719511619,2015.0,7.0,2015-07,0.312425940543806
Machakos,Mwala,0.0827962943547,2015.0,7.0,2015-07,0.3598556070532003
Machakos,Yatta,0.0862109028544,2015.0,7.0,2015-07,0.3480933983428149
Nairobi,Dagoretti,0.00198642271282,2015.0,7.0,2015-07,0.5716866405752067
Nairobi,Embakasi Central,0.000664901959297,2015.0,7.0,2015-07,0.228131493438867
Nairobi,Embakasi East,0.00697580217167,2015.0,7.0,2015-07,0.3586130946979158
Nairobi,Embakasi North,0.000441181256097,2015.0,7.0,2015-07,0.2960591751559482
Nairobi,Embakasi South,0.00142609820487,2015.0,7.0,2015-07,0.2769305769817706
Nairobi,Embakasi West,0.000793166442342,2015.0,7.0,2015-07,0.2810488918837976
Nairobi,Kamukunji,0.000718135459802,2015.0,7.0,2015-07,0.3307649214083187
Nairobi,Kasarani,0.0110736011415,2015.0,7.0,2015-07,0.3464532487021265
Nairobi,Kibra,0.00100197842996,2015.0,7.0,2015-07,0.4251956708460858
Nairobi,Kilimani,0.00238546350977,2015.0,7.0,2015-07,0.4795815708491279
Nairobi,Langata,0.0170497156745,2015.0,7.0,2015-07,0.5648528766044139
Nairobi,Makadara,0.000974908477702,2015.0,7.0,2015-07,0.3096744238695663
Nairobi,Mathare,0.000235884309461,2015.0,7.0,2015-07,0.306624766904662
Nairobi,Roysambu,0.00390887981589,2015.0,7.0,2015-07,0.5209037858849249
Nairobi,Ruaraka,0.000583416833502,2015.0,7.0,2015-07,0.3779855180134338
Nairobi,Starehe,0.00136813789598,2015.0,7.0,2015-07,0.2940924061704832
Nairobi,Westlands,0.00590790301496,2015.0,7.0,2015-07,0.6197161983808648
Turkana,Loima,0.792863767753,2015.0,7.0,2015-07,0.2323739074199242
Turkana,Turkana Central,0.538281501213,2015.0,7.0,2015-07,0.1131900773003277
Turkana,Turkana East,0.909087463502,2015.0,7.0,2015-07,0.2005901993911843
Turkana,Turkana North,1.66897152383,2015.0,7.0,2015-07,0.2188867498465025
Turkana,Turkana South,0.603285539944,2015.0,7.0,2015-07,0.1858432455334056
Turkana,Turkana West,1.19593592043,2015.0,7.0,2015-07,0.3189497292953885
Kiambu,Gatundu North,0.0190562071078,2015.0,8.0,2015-08,0.7329452905132429
Kiambu,Gatundu South,0.018013492523,2015.0,8.0,2015-08,0.7094686497217574
Kiambu,Githunguri,0.0140557399999,2015.0,8.0,2015-08,0.6878333576802581
Kiambu,Juja,0.0303444523402,2015.0,8.0,2015-08,0.3876988735615999
Kiambu,Kabete,0.00456838148631,2015.0,8.0,2015-08,0.6212764776458153
Kiambu,Kiambaa,0.00720464174127,2015.0,8.0,2015-08,0.648574996979533
Kiambu,Kiambu,0.00796244668767,2015.0,8.0,2015-08,0.5850096650682052
Kiambu,Kikuyu,0.0141641490709,2015.0,8.0,2015-08,0.5343388469531122
Kiambu,Lari,0.037858207576,2015.0,8.0,2015-08,0.7503739729352106
Kiambu,Limuru,0.0231553754199,2015.0,8.0,2015-08,0.5772988041195911
Kiambu,Ruiru,0.0124421280679,2015.0,8.0,2015-08,0.3029222351882532
Kiambu,Thika Town,0.0178033031507,2015.0,8.0,2015-08,0.3920248685168199
Machakos,Kangundo,0.013896319438,2015.0,8.0,2015-08,0.4095796165447026
Machakos,Kathiani,0.0167415041685,2015.0,8.0,2015-08,0.367898831763002
Machakos,Machakos Town,0.0615270519301,2015.0,8.0,2015-08,0.295753230325925
Machakos,Masinga,0.11427469357,2015.0,8.0,2015-08,0.2862282665356112
Machakos,Matungulu,0.0472449879416,2015.0,8.0,2015-08,0.3211054036272717
Machakos,Mavoko,0.0684719511619,2015.0,8.0,2015-08,0.2520094686161849
Machakos,Mwala,0.0827962943547,2015.0,8.0,2015-08,0.2994732039225538
Machakos,Yatta,0.0862109028544,2015.0,8.0,2015-08,0.2920680737141209
Nairobi,Dagoretti,0.00198642271282,2015.0,8.0,2015-08,0.482653269897227
Nairobi,Embakasi Central,0.000664901959297,2015.0,8.0,2015-08,0.2048722215609842
Nairobi,Embakasi East,0.00697580217167,2015.0,8.0,2015-08,0.2636508635456134
Nairobi,Embakasi North,0.000441181256097,2015.0,8.0,2015-08,0.2581089215994255
Nairobi,Embakasi South,0.00142609820487,2015.0,8.0,2015-08,0.2249843587858271
Nairobi,Embakasi West,0.000793166442342,2015.0,8.0,2015-08,0.2706472833682737
Nairobi,Kamukunji,0.000718135459802,2015.0,8.0,2015-08,0.3083528381093951
Nairobi,Kasarani,0.0110736011415,2015.0,8.0,2015-08,0.2729885103847706
Nairobi,Kibra,0.00100197842996,2015.0,8.0,2015-08,0.3656321147201107
Nairobi,Kilimani,0.00238546350977,2015.0,8.0,2015-08,0.425838365862358
Nairobi,Langata,0.0170497156745,2015.0,8.0,2015-08,0.4355604603216779
Nairobi,Makadara,0.000974908477702,2015.0,8.0,2015-08,0.2493806237436803
Nairobi,Mathare,0.000235884309461,2015.0,8.0,2015-08,0.2875256320873583
Nairobi,Roysambu,0.00390887981589,2015.0,8.0,2015-08,0.4591015530732475
Nairobi,Ruaraka,0.000583416833502,2015.0,8.0,2015-08,0.3437935121107269
Nairobi,Starehe,0.00136813789598,2015.0,8.0,2015-08,0.2587694063728891
Nairobi,Westlands,0.00590790301496,2015.0,8.0,2015-08,0.5641258743529817
Turkana,Loima,0.792863767753,2015.0,8.0,2015-08,0.2109933813442106
Turkana,Turkana Central,0.538281501213,2015.0,8.0,2015-08,0.1198800272242548
Turkana,Turkana East,0.909087463502,2015.0,8.0,2015-08,0.1807899215717835
Turkana,Turkana North,1.66897152383,2015.0,8.0,2015-08,0.1954275625655826
Turkana,Turkana South,0.603285539944,2015.0,8.0,2015-08,0.1691472932394603
Turkana,Turkana West,1.19593592043,2015.0,8.0,2015-08,0.2716236100492475
Kiambu,Gatundu North,0.0190562071078,2015.0,9.0,2015-09,0.7009841760746715
Kiambu,Gatundu South,0.018013492523,2015.0,9.0,2015-09,0.6731675532218595
Kiambu,Githunguri,0.0140557399999,2015.0,9.0,2015-09,0.6555658933351342
Kiambu,Juja,0.0303444523402,2015.0,9.0,2015-09,0.3657364661494839
Kiambu,Kabete,0.00456838148631,2015.0,9.0,2015-09,0.596725121278273
Kiambu,Kiambaa,0.00720464174127,2015.0,9.0,2015-09,0.601657752717048
Kiambu,Kiambu,0.00796244668767,2015.0,9.0,2015-09,0.5257475902551741
Kiambu,Kikuyu,0.0141641490709,2015.0,9.0,2015-09,0.487428483245396
Kiambu,Lari,0.037858207576,2015.0,9.0,2015-09,0.705249882070296
Kiambu,Limuru,0.0231553754199,2015.0,9.0,2015-09,0.5341637950815059
Kiambu,Ruiru,0.0124421280679,2015.0,9.0,2015-09,0.2814806937745034
Kiambu,Thika Town,0.0178033031507,2015.0,9.0,2015-09,0.37179781148429
Machakos,Kangundo,0.013896319438,2015.0,9.0,2015-09,0.3692923769417245
Machakos,Kathiani,0.0167415041685,2015.0,9.0,2015-09,0.3397612515626511
Machakos,Machakos Town,0.0615270519301,2015.0,9.0,2015-09,0.2803918125169385
Machakos,Masinga,0.11427469357,2015.0,9.0,2015-09,0.2757570249158846
Machakos,Matungulu,0.0472449879416,2015.0,9.0,2015-09,0.311440903225996
Machakos,Mavoko,0.0684719511619,2015.0,9.0,2015-09,0.2335653545240539
Machakos,Mwala,0.0827962943547,2015.0,9.0,2015-09,0.283620888212748
Machakos,Yatta,0.0862109028544,2015.0,9.0,2015-09,0.277289146605729
Nairobi,Dagoretti,0.00198642271282,2015.0,9.0,2015-09,0.4764982189093372
Nairobi,Embakasi Central,0.000664901959297,2015.0,9.0,2015-09,0.1806191611866575
Nairobi,Embakasi East,0.00697580217167,2015.0,9.0,2015-09,0.2430645383363209
Nairobi,Embakasi North,0.000441181256097,2015.0,9.0,2015-09,0.2410264529013147
Nairobi,Embakasi South,0.00142609820487,2015.0,9.0,2015-09,0.2076617831081269
Nairobi,Embakasi West,0.000793166442342,2015.0,9.0,2015-09,0.2429270527603073
Nairobi,Kamukunji,0.000718135459802,2015.0,9.0,2015-09,0.2732633537038565
Nairobi,Kasarani,0.0110736011415,2015.0,9.0,2015-09,0.2525971351217122
Nairobi,Kibra,0.00100197842996,2015.0,9.0,2015-09,0.3528771142264786
Nairobi,Kilimani,0.00238546350977,2015.0,9.0,2015-09,0.3990126755364593
Nairobi,Langata,0.0170497156745,2015.0,9.0,2015-09,0.3955740526081914
Nairobi,Makadara,0.000974908477702,2015.0,9.0,2015-09,0.2451353586729202
Nairobi,Mathare,0.000235884309461,2015.0,9.0,2015-09,0.2727696934061318
Nairobi,Roysambu,0.00390887981589,2015.0,9.0,2015-09,0.4271697539174797
Nairobi,Ruaraka,0.000583416833502,2015.0,9.0,2015-09,0.3183108894768981
Nairobi,Starehe,0.00136813789598,2015.0,9.0,2015-09,0.2417693485426788
Nairobi,Westlands,0.00590790301496,2015.0,9.0,2015-09,0.5304373294986577
Turkana,Loima,0.792863767753,2015.0,9.0,2015-09,0.1996583175470874
Turkana,Turkana Central,0.538281501213,2015.0,9.0,2015-09,0.1162379616701674
Turkana,Turkana East,0.909087463502,2015.0,9.0,2015-09,0.1674880735559331
Turkana,Turkana North,1.66897152383,2015.0,9.0,2015-09,0.1785659682284708
Turkana,Turkana South,0.603285539944,2015.0,9.0,2015-09,0.1598741437288274
Turkana,Turkana West,1.19593592043,2015.0,9.0,2015-09,0.2560621239931197
Kiambu,Gatundu North,0.0190562071078,2015.0,10.0,2015-10,0.672948216561963
Kiambu,Gatundu South,0.018013492523,2015.0,10.0,2015-10,0.649407667154195
Kiambu,Githunguri,0.0140557399999,2015.0,10.0,2015-10,0.624359589029529
Kiambu,Juja,0.0303444523402,2015.0,10.0,2015-10,0.3541536377757919
Kiambu,Kabete,0.00456838148631,2015.0,10.0,2015-10,0.5611856670738151
Kiambu,Kiambaa,0.00720464174127,2015.0,10.0,2015-10,0.5878792285176098
Kiambu,Kiambu,0.00796244668767,2015.0,10.0,2015-10,0.5119039033965264
Kiambu,Kikuyu,0.0141641490709,2015.0,10.0,2015-10,0.4295813784666272
Kiambu,Lari,0.037858207576,2015.0,10.0,2015-10,0.6597080413741504
Kiambu,Limuru,0.0231553754199,2015.0,10.0,2015-10,0.5016081043770629
Kiambu,Ruiru,0.0124421280679,2015.0,10.0,2015-10,0.2712678125705493
Kiambu,Thika Town,0.0178033031507,2015.0,10.0,2015-10,0.3596871551518184
Machakos,Kangundo,0.013896319438,2015.0,10.0,2015-10,0.3698360410115966
Machakos,Kathiani,0.0167415041685,2015.0,10.0,2015-10,0.3512968348776695
Machakos,Machakos Town,0.0615270519301,2015.0,10.0,2015-10,0.2903100307244399
Machakos,Masinga,0.11427469357,2015.0,10.0,2015-10,0.2948109663489314
Machakos,Matungulu,0.0472449879416,2015.0,10.0,2015-10,0.2968085513142069
Machakos,Mavoko,0.0684719511619,2015.0,10.0,2015-10,0.2179563490841481
Machakos,Mwala,0.0827962943547,2015.0,10.0,2015-10,0.2858645993257275
Machakos,Yatta,0.0862109028544,2015.0,10.0,2015-10,0.2758489963394168
Nairobi,Dagoretti,0.00198642271282,2015.0,10.0,2015-10,0.4582490678776295
Nairobi,Embakasi Central,0.000664901959297,2015.0,10.0,2015-10,0.1763165084654982
Nairobi,Embakasi East,0.00697580217167,2015.0,10.0,2015-10,0.2172940808131225
Nairobi,Embakasi North,0.000441181256097,2015.0,10.0,2015-10,0.2329438226450655
Nairobi,Embakasi South,0.00142609820487,2015.0,10.0,2015-10,0.1943092020199215
Nairobi,Embakasi West,0.000793166442342,2015.0,10.0,2015-10,0.2416469701507435
Nairobi,Kamukunji,0.000718135459802,2015.0,10.0,2015-10,0.2698253447848704
Nairobi,Kasarani,0.0110736011415,2015.0,10.0,2015-10,0.2352032921134341
Nairobi,Kibra,0.00100197842996,2015.0,10.0,2015-10,0.3319662197650312
Nairobi,Kilimani,0.00238546350977,2015.0,10.0,2015-10,0.4178902230443185
Nairobi,Langata,0.0170497156745,2015.0,10.0,2015-10,0.357428031520363
Nairobi,Makadara,0.000974908477702,2015.0,10.0,2015-10,0.2330262410915514
Nairobi,Mathare,0.000235884309461,2015.0,10.0,2015-10,0.2692190508189835
Nairobi,Roysambu,0.00390887981589,2015.0,10.0,2015-10,0.4165737103696806
Nairobi,Ruaraka,0.000583416833502,2015.0,10.0,2015-10,0.3101803548408983
Nairobi,Starehe,0.00136813789598,2015.0,10.0,2015-10,0.2484482752139715
Nairobi,Westlands,0.00590790301496,2015.0,10.0,2015-10,0.5380849570440402
Turkana,Loima,0.792863767753,2015.0,10.0,2015-10,0.2004874776702272
Turkana,Turkana Central,0.538281501213,2015.0,10.0,2015-10,0.1071642987093799
Turkana,Turkana East,0.909087463502,2015.0,10.0,2015-10,0.1745014985237116
Turkana,Turkana North,1.66897152383,2015.0,10.0,2015-10,0.1902153532884577
Turkana,Turkana South,0.603285539944,2015.0,10.0,2015-10,0.1673325006929236
Turkana,Turkana West,1.19593592043,2015.0,10.0,2015-10,0.2592733110456129
Kiambu,Gatundu North,0.0190562071078,2015.0,11.0,2015-11,0.664311597900689
Kiambu,Gatundu South,0.018013492523,2015.0,11.0,2015-11,0.6629576896639567
Kiambu,Githunguri,0.0140557399999,2015.0,11.0,2015-11,0.7228358281191504
Kiambu,Juja,0.0303444523402,2015.0,11.0,2015-11,0.5686601926362518
Kiambu,Kabete,0.00456838148631,2015.0,11.0,2015-11,0.6717960567235811
Kiambu,Kiambaa,0.00720464174127,2015.0,11.0,2015-11,0.649802689451977
Kiambu,Kiambu,0.00796244668767,2015.0,11.0,2015-11,0.6529118596417123
Kiambu,Kikuyu,0.0141641490709,2015.0,11.0,2015-11,0.600626819795488
Kiambu,Lari,0.037858207576,2015.0,11.0,2015-11,0.6606122730493276
Kiambu,Limuru,0.0231553754199,2015.0,11.0,2015-11,0.6298433917334849
Kiambu,Ruiru,0.0124421280679,2015.0,11.0,2015-11,0.4701763571671582
Kiambu,Thika Town,0.0178033031507,2015.0,11.0,2015-11,0.5787076959746645
Machakos,Kangundo,0.013896319438,2015.0,11.0,2015-11,0.4988109241131731
Machakos,Kathiani,0.0167415041685,2015.0,11.0,2015-11,0.4222105159644485
Machakos,Machakos Town,0.0615270519301,2015.0,11.0,2015-11,0.4086808926579939
Machakos,Masinga,0.11427469357,2015.0,11.0,2015-11,0.4682079159194461
Machakos,Matungulu,0.0472449879416,2015.0,11.0,2015-11,0.4395860447026679
Machakos,Mavoko,0.0684719511619,2015.0,11.0,2015-11,0.3701230904937856
Machakos,Mwala,0.0827962943547,2015.0,11.0,2015-11,0.4556576865860272
Machakos,Yatta,0.0862109028544,2015.0,11.0,2015-11,0.4348469565651317
Nairobi,Dagoretti,0.00198642271282,2015.0,11.0,2015-11,0.5717132663121411
Nairobi,Embakasi Central,0.000664901959297,2015.0,11.0,2015-11,0.2567910122891065
Nairobi,Embakasi East,0.00697580217167,2015.0,11.0,2015-11,0.4041671518025275
Nairobi,Embakasi North,0.000441181256097,2015.0,11.0,2015-11,0.3621878584571194
Nairobi,Embakasi South,0.00142609820487,2015.0,11.0,2015-11,0.2661752746871617
Nairobi,Embakasi West,0.000793166442342,2015.0,11.0,2015-11,0.3135797469302185
Nairobi,Kamukunji,0.000718135459802,2015.0,11.0,2015-11,0.4022657252181572
Nairobi,Kasarani,0.0110736011415,2015.0,11.0,2015-11,0.3911222127439875
Nairobi,Kibra,0.00100197842996,2015.0,11.0,2015-11,0.4396522786059829
Nairobi,Kilimani,0.00238546350977,2015.0,11.0,2015-11,0.4694081395831093
Nairobi,Langata,0.0170497156745,2015.0,11.0,2015-11,0.5562797535499279
Nairobi,Makadara,0.000974908477702,2015.0,11.0,2015-11,0.3403090089541332
Nairobi,Mathare,0.000235884309461,2015.0,11.0,2015-11,0.3329846283074339
Nairobi,Roysambu,0.00390887981589,2015.0,11.0,2015-11,0.5657931588350813
Nairobi,Ruaraka,0.000583416833502,2015.0,11.0,2015-11,0.3666544253341475
Nairobi,Starehe,0.00136813789598,2015.0,11.0,2015-11,0.3222400438063843
Nairobi,Westlands,0.00590790301496,2015.0,11.0,2015-11,0.5990636682313393
Turkana,Loima,0.792863767753,2015.0,11.0,2015-11,0.2837843487654248
Turkana,Turkana Central,0.538281501213,2015.0,11.0,2015-11,0.1232760757610709
Turkana,Turkana East,0.909087463502,2015.0,11.0,2015-11,0.2561498227800173
Turkana,Turkana North,1.66897152383,2015.0,11.0,2015-11,0.3296350895161233
Turkana,Turkana South,0.603285539944,2015.0,11.0,2015-11,0.2335379820178885
Turkana,Turkana West,1.19593592043,2015.0,11.0,2015-11,0.4228112094836577
Kiambu,Gatundu North,0.0190562071078,2015.0,12.0,2015-12,0.8112490956170254
Kiambu,Gatundu South,0.018013492523,2015.0,12.0,2015-12,0.8014953995537577
Kiambu,Githunguri,0.0140557399999,2015.0,12.0,2015-12,0.7905870223147309
Kiambu,Juja,0.0303444523402,2015.0,12.0,2015-12,0.6576723989836276
Kiambu,Kabete,0.00456838148631,2015.0,12.0,2015-12,0.7348527748901997
Kiambu,Kiambaa,0.00720464174127,2015.0,12.0,2015-12,0.7508656509657258
Kiambu,Kiambu,0.00796244668767,2015.0,12.0,2015-12,0.7435375292568417
Kiambu,Kikuyu,0.0141641490709,2015.0,12.0,2015-12,0.7041397982241248
Kiambu,Lari,0.037858207576,2015.0,12.0,2015-12,0.8004644560812437
Kiambu,Limuru,0.0231553754199,2015.0,12.0,2015-12,0.7282487458162543
Kiambu,Ruiru,0.0124421280679,2015.0,12.0,2015-12,0.5975845338747271
Kiambu,Thika Town,0.0178033031507,2015.0,12.0,2015-12,0.6662886659999447
Machakos,Kangundo,0.013896319438,2015.0,12.0,2015-12,0.7071777861680526
Machakos,Kathiani,0.0167415041685,2015.0,12.0,2015-12,0.6780472305918114
Machakos,Machakos Town,0.0615270519301,2015.0,12.0,2015-12,0.6175494677795231
Machakos,Masinga,0.11427469357,2015.0,12.0,2015-12,0.6027360211540786
Machakos,Matungulu,0.0472449879416,2015.0,12.0,2015-12,0.6460464964391673
Machakos,Mavoko,0.0684719511619,2015.0,12.0,2015-12,0.5725312744880249
Machakos,Mwala,0.0827962943547,2015.0,12.0,2015-12,0.6460590497161391
Machakos,Yatta,0.0862109028544,2015.0,12.0,2015-12,0.6457619438259347
Nairobi,Dagoretti,0.00198642271282,2015.0,12.0,2015-12,0.6312844491913638
Nairobi,Embakasi Central,0.000664901959297,2015.0,12.0,2015-12,0.2920692281369952
Nairobi,Embakasi East,0.00697580217167,2015.0,12.0,2015-12,0.496531862564376
Nairobi,Embakasi North,0.000441181256097,2015.0,12.0,2015-12,0.3897818134901042
Nairobi,Embakasi South,0.00142609820487,2015.0,12.0,2015-12,0.3343682777947337
Nairobi,Embakasi West,0.000793166442342,2015.0,12.0,2015-12,0.3629500212139361
Nairobi,Kamukunji,0.000718135459802,2015.0,12.0,2015-12,0.4566768808324383
Nairobi,Kasarani,0.0110736011415,2015.0,12.0,2015-12,0.5751025754695747
Nairobi,Kibra,0.00100197842996,2015.0,12.0,2015-12,0.4798061832362519
Nairobi,Kilimani,0.00238546350977,2015.0,12.0,2015-12,0.5525247708590816
Nairobi,Langata,0.0170497156745,2015.0,12.0,2015-12,0.6697693334292419
Nairobi,Makadara,0.000974908477702,2015.0,12.0,2015-12,0.3853597551318755
Nairobi,Mathare,0.000235884309461,2015.0,12.0,2015-12,0.3869535993280134
Nairobi,Roysambu,0.00390887981589,2015.0,12.0,2015-12,0.6348047265356113
Nairobi,Ruaraka,0.000583416833502,2015.0,12.0,2015-12,0.4739285280548211
Nairobi,Starehe,0.00136813789598,2015.0,12.0,2015-12,0.3623183733807542
Nairobi,Westlands,0.00590790301496,2015.0,12.0,2015-12,0.6771317417084621
Turkana,Loima,0.792863767753,2015.0,12.0,2015-12,0.3108367846798592
Turkana,Turkana Central,0.538281501213,2015.0,12.0,2015-12,0.1308255070700319
Turkana,Turkana East,0.909087463502,2015.0,12.0,2015-12,0.2643646210629543
Turkana,Turkana North,1.66897152383,2015.0,12.0,2015-12,0.3734438362770614
Turkana,Turkana South,0.603285539944,2015.0,12.0,2015-12,0.2344250577190368
Turkana,Turkana West,1.19593592043,2015.0,12.0,2015-12,0.4851879008443964
Kiambu,Gatundu North,0.0190562071078,2016.0,1.0,2016-01,0.8032792237928759
Kiambu,Gatundu South,0.018013492523,2016.0,1.0,2016-01,0.7955945323789194
Kiambu,Githunguri,0.0140557399999,2016.0,1.0,2016-01,0.7845217463782187
Kiambu,Juja,0.0303444523402,2016.0,1.0,2016-01,0.6204092293246192
Kiambu,Kabete,0.00456838148631,2016.0,1.0,2016-01,0.7209728349662586
Kiambu,Kiambaa,0.00720464174127,2016.0,1.0,2016-01,0.7466132510667738
Kiambu,Kiambu,0.00796244668767,2016.0,1.0,2016-01,0.7196073969488413
Kiambu,Kikuyu,0.0141641490709,2016.0,1.0,2016-01,0.6697789066842443
Kiambu,Lari,0.037858207576,2016.0,1.0,2016-01,0.786846068739902
Kiambu,Limuru,0.0231553754199,2016.0,1.0,2016-01,0.6985090418861414
Kiambu,Ruiru,0.0124421280679,2016.0,1.0,2016-01,0.5693248387107034
Kiambu,Thika Town,0.0178033031507,2016.0,1.0,2016-01,0.6049497722587992
Machakos,Kangundo,0.013896319438,2016.0,1.0,2016-01,0.6695138723020843
Machakos,Kathiani,0.0167415041685,2016.0,1.0,2016-01,0.6483449597550807
Machakos,Machakos Town,0.0615270519301,2016.0,1.0,2016-01,0.6138856396595719
Machakos,Masinga,0.11427469357,2016.0,1.0,2016-01,0.5290001638658586
Machakos,Matungulu,0.0472449879416,2016.0,1.0,2016-01,0.6246154319615412
Machakos,Mavoko,0.0684719511619,2016.0,1.0,2016-01,0.5665609115012225
Machakos,Mwala,0.0827962943547,2016.0,1.0,2016-01,0.617822903433573
Machakos,Yatta,0.0862109028544,2016.0,1.0,2016-01,0.6077690124799401
Nairobi,Dagoretti,0.00198642271282,2016.0,1.0,2016-01,0.6052032758723713
Nairobi,Embakasi Central,0.000664901959297,2016.0,1.0,2016-01,0.2848625688100692
Nairobi,Embakasi East,0.00697580217167,2016.0,1.0,2016-01,0.4826520247237785
Nairobi,Embakasi North,0.000441181256097,2016.0,1.0,2016-01,0.3433075461113852
Nairobi,Embakasi South,0.00142609820487,2016.0,1.0,2016-01,0.3234711169223938
Nairobi,Embakasi West,0.000793166442342,2016.0,1.0,2016-01,0.3352756738544473
Nairobi,Kamukunji,0.000718135459802,2016.0,1.0,2016-01,0.4443922550719847
Nairobi,Kasarani,0.0110736011415,2016.0,1.0,2016-01,0.554449354815083
Nairobi,Kibra,0.00100197842996,2016.0,1.0,2016-01,0.4617523319182546
Nairobi,Kilimani,0.00238546350977,2016.0,1.0,2016-01,0.5312719448568752
Nairobi,Langata,0.0170497156745,2016.0,1.0,2016-01,0.6266394038186889
Nairobi,Makadara,0.000974908477702,2016.0,1.0,2016-01,0.3789690503746118
Nairobi,Mathare,0.000235884309461,2016.0,1.0,2016-01,0.3775570012599749
Nairobi,Roysambu,0.00390887981589,2016.0,1.0,2016-01,0.604383821162489
Nairobi,Ruaraka,0.000583416833502,2016.0,1.0,2016-01,0.4583452846190382
Nairobi,Starehe,0.00136813789598,2016.0,1.0,2016-01,0.360384607766597
Nairobi,Westlands,0.00590790301496,2016.0,1.0,2016-01,0.6641589177977621
Turkana,Loima,0.792863767753,2016.0,1.0,2016-01,0.2561041775774644
Turkana,Turkana Central,0.538281501213,2016.0,1.0,2016-01,0.1184907831993943
Turkana,Turkana East,0.909087463502,2016.0,1.0,2016-01,0.2166030328223778
Turkana,Turkana North,1.66897152383,2016.0,1.0,2016-01,0.2600131475704678
Turkana,Turkana South,0.603285539944,2016.0,1.0,2016-01,0.1954729382419092
Turkana,Turkana West,1.19593592043,2016.0,1.0,2016-01,0.3479209298252688
Kiambu,Gatundu North,0.0190562071078,2016.0,2.0,2016-02,0.7648716154018623
Kiambu,Gatundu South,0.018013492523,2016.0,2.0,2016-02,0.7370235489439083
Kiambu,Githunguri,0.0140557399999,2016.0,2.0,2016-02,0.7469284831584001
Kiambu,Juja,0.0303444523402,2016.0,2.0,2016-02,0.5596872426068205
Kiambu,Kabete,0.00456838148631,2016.0,2.0,2016-02,0.6928144262671411
Kiambu,Kiambaa,0.00720464174127,2016.0,2.0,2016-02,0.7188683563438065
Kiambu,Kiambu,0.00796244668767,2016.0,2.0,2016-02,0.7203348346460604
Kiambu,Kikuyu,0.0141641490709,2016.0,2.0,2016-02,0.6294278073073925
Kiambu,Lari,0.037858207576,2016.0,2.0,2016-02,0.7326600661911153
Kiambu,Limuru,0.0231553754199,2016.0,2.0,2016-02,0.643797629424858
Kiambu,Ruiru,0.0124421280679,2016.0,2.0,2016-02,0.4865771666343402
Kiambu,Thika Town,0.0178033031507,2016.0,2.0,2016-02,0.5631269509125759
Machakos,Kangundo,0.013896319438,2016.0,2.0,2016-02,0.6660311361886206
Machakos,Kathiani,0.0167415041685,2016.0,2.0,2016-02,0.6138297508147059
Machakos,Machakos Town,0.0615270519301,2016.0,2.0,2016-02,0.5349046105628174
Machakos,Masinga,0.11427469357,2016.0,2.0,2016-02,0.4668971357696022
Machakos,Matungulu,0.0472449879416,2016.0,2.0,2016-02,0.5256674994044693
Machakos,Mavoko,0.0684719511619,2016.0,2.0,2016-02,0.4611691354331657
Machakos,Mwala,0.0827962943547,2016.0,2.0,2016-02,0.5694041035212967
Machakos,Yatta,0.0862109028544,2016.0,2.0,2016-02,0.5461888343491419
Nairobi,Dagoretti,0.00198642271282,2016.0,2.0,2016-02,0.5769400359504459
Nairobi,Embakasi Central,0.000664901959297,2016.0,2.0,2016-02,0.3076495759811944
Nairobi,Embakasi East,0.00697580217167,2016.0,2.0,2016-02,0.4999591260748242
Nairobi,Embakasi North,0.000441181256097,2016.0,2.0,2016-02,0.3674018803572226
Nairobi,Embakasi South,0.00142609820487,2016.0,2.0,2016-02,0.3328772314863623
Nairobi,Embakasi West,0.000793166442342,2016.0,2.0,2016-02,0.3546513489567735
Nairobi,Kamukunji,0.000718135459802,2016.0,2.0,2016-02,0.4210492842789107
Nairobi,Kasarani,0.0110736011415,2016.0,2.0,2016-02,0.4834166873599849
Nairobi,Kibra,0.00100197842996,2016.0,2.0,2016-02,0.4488864251160038
Nairobi,Kilimani,0.00238546350977,2016.0,2.0,2016-02,0.5180339091233344
Nairobi,Langata,0.0170497156745,2016.0,2.0,2016-02,0.5889752419310863
Nairobi,Makadara,0.000974908477702,2016.0,2.0,2016-02,0.3733419159001848
Nairobi,Mathare,0.000235884309461,2016.0,2.0,2016-02,0.3840768248635029
Nairobi,Roysambu,0.00390887981589,2016.0,2.0,2016-02,0.5960836187087495
Nairobi,Ruaraka,0.000583416833502,2016.0,2.0,2016-02,0.4491330839948437
Nairobi,Starehe,0.00136813789598,2016.0,2.0,2016-02,0.3398685150647696
Nairobi,Westlands,0.00590790301496,2016.0,2.0,2016-02,0.6704979056040281
Turkana,Loima,0.792863767753,2016.0,2.0,2016-02,0.2082736920195814
Turkana,Turkana Central,0.538281501213,2016.0,2.0,2016-02,0.1000402606846184
Turkana,Turkana East,0.909087463502,2016.0,2.0,2016-02,0.1719782675974668
Turkana,Turkana North,1.66897152383,2016.0,2.0,2016-02,0.1866612707258849
Turkana,Turkana South,0.603285539944,2016.0,2.0,2016-02,0.1621284150326271
Turkana,Turkana West,1.19593592043,2016.0,2.0,2016-02,0.2518549686683118
Kiambu,Gatundu North,0.0190562071078,2016.0,3.0,2016-03,0.7627496569313368
Kiambu,Gatundu South,0.018013492523,2016.0,3.0,2016-03,0.7352539696238979
Kiambu,Githunguri,0.0140557399999,2016.0,3.0,2016-03,0.7120373529684949
Kiambu,Juja,0.0303444523402,2016.0,3.0,2016-03,0.4198243237816985
Kiambu,Kabete,0.00456838148631,2016.0,3.0,2016-03,0.6068255907984442
Kiambu,Kiambaa,0.00720464174127,2016.0,3.0,2016-03,0.6674209193480177
Kiambu,Kiambu,0.00796244668767,2016.0,3.0,2016-03,0.6031895222004126
Kiambu,Kikuyu,0.0141641490709,2016.0,3.0,2016-03,0.5166284383457954
Kiambu,Lari,0.037858207576,2016.0,3.0,2016-03,0.7709913835030088
Kiambu,Limuru,0.0231553754199,2016.0,3.0,2016-03,0.5891846004021867
Kiambu,Ruiru,0.0124421280679,2016.0,3.0,2016-03,0.3489412689946167
Kiambu,Thika Town,0.0178033031507,2016.0,3.0,2016-03,0.4656899742756343
Machakos,Kangundo,0.013896319438,2016.0,3.0,2016-03,0.5719439197162275
Machakos,Kathiani,0.0167415041685,2016.0,3.0,2016-03,0.5093669881770209
Machakos,Machakos Town,0.0615270519301,2016.0,3.0,2016-03,0.4223027584644919
Machakos,Masinga,0.11427469357,2016.0,3.0,2016-03,0.4383779829937434
Machakos,Matungulu,0.0472449879416,2016.0,3.0,2016-03,0.4277952442553817
Machakos,Mavoko,0.0684719511619,2016.0,3.0,2016-03,0.3413194487094414
Machakos,Mwala,0.0827962943547,2016.0,3.0,2016-03,0.4976251213614257
Machakos,Yatta,0.0862109028544,2016.0,3.0,2016-03,0.4792713340078617
Nairobi,Dagoretti,0.00198642271282,2016.0,3.0,2016-03,0.4905474321821223
Nairobi,Embakasi Central,0.000664901959297,2016.0,3.0,2016-03,0.2261678623501057
Nairobi,Embakasi East,0.00697580217167,2016.0,3.0,2016-03,0.3408555617158611
Nairobi,Embakasi North,0.000441181256097,2016.0,3.0,2016-03,0.2941269173809629
Nairobi,Embakasi South,0.00142609820487,2016.0,3.0,2016-03,0.2474238520018867
Nairobi,Embakasi West,0.000793166442342,2016.0,3.0,2016-03,0.2801512815713287
Nairobi,Kamukunji,0.000718135459802,2016.0,3.0,2016-03,0.3343333870124148
Nairobi,Kasarani,0.0110736011415,2016.0,3.0,2016-03,0.3547853306405227
Nairobi,Kibra,0.00100197842996,2016.0,3.0,2016-03,0.387031358475664
Nairobi,Kilimani,0.00238546350977,2016.0,3.0,2016-03,0.4533139790476031
Nairobi,Langata,0.0170497156745,2016.0,3.0,2016-03,0.4555667120112226
Nairobi,Makadara,0.000974908477702,2016.0,3.0,2016-03,0.3018628657286149
Nairobi,Mathare,0.000235884309461,2016.0,3.0,2016-03,0.2939804703905922
Nairobi,Roysambu,0.00390887981589,2016.0,3.0,2016-03,0.4850346162995509
Nairobi,Ruaraka,0.000583416833502,2016.0,3.0,2016-03,0.3630255393853042
Nairobi,Starehe,0.00136813789598,2016.0,3.0,2016-03,0.2771475263127458
Nairobi,Westlands,0.00590790301496,2016.0,3.0,2016-03,0.5981374632547429
Turkana,Loima,0.792863767753,2016.0,3.0,2016-03,0.2441649685033858
Turkana,Turkana Central,0.538281501213,2016.0,3.0,2016-03,0.0954083583152493
Turkana,Turkana East,0.909087463502,2016.0,3.0,2016-03,0.163548420103655
Turkana,Turkana North,1.66897152383,2016.0,3.0,2016-03,0.1711196409290042
Turkana,Turkana South,0.603285539944,2016.0,3.0,2016-03,0.1589942001531611
Turkana,Turkana West,1.19593592043,2016.0,3.0,2016-03,0.2751017461031663
Kiambu,Gatundu North,0.0190562071078,2016.0,4.0,2016-04,0.6466898598037714
Kiambu,Gatundu South,0.018013492523,2016.0,4.0,2016-04,0.6126780494687691
Kiambu,Githunguri,0.0140557399999,2016.0,4.0,2016-04,0.5628932961514979
Kiambu,Juja,0.0303444523402,2016.0,4.0,2016-04,0.5416638890138274
Kiambu,Kabete,0.00456838148631,2016.0,4.0,2016-04,0.5315583625700596
Kiambu,Kiambaa,0.00720464174127,2016.0,4.0,2016-04,0.5613634324321353
Kiambu,Kiambu,0.00796244668767,2016.0,4.0,2016-04,0.5949082704300951
Kiambu,Kikuyu,0.0141641490709,2016.0,4.0,2016-04,0.5160316808930214
Kiambu,Lari,0.037858207576,2016.0,4.0,2016-04,0.6244534632249513
Kiambu,Limuru,0.0231553754199,2016.0,4.0,2016-04,0.5485966694487124
Kiambu,Ruiru,0.0124421280679,2016.0,4.0,2016-04,0.4955231369456623
Kiambu,Thika Town,0.0178033031507,2016.0,4.0,2016-04,0.5633052327138371
Machakos,Kangundo,0.013896319438,2016.0,4.0,2016-04,0.6445380393518878
Machakos,Kathiani,0.0167415041685,2016.0,4.0,2016-04,0.5700732006172613
Machakos,Machakos Town,0.0615270519301,2016.0,4.0,2016-04,0.5064388423376802
Machakos,Masinga,0.11427469357,2016.0,4.0,2016-04,0.5081301062528478
Machakos,Matungulu,0.0472449879416,2016.0,4.0,2016-04,0.529246127356846
Machakos,Mavoko,0.0684719511619,2016.0,4.0,2016-04,0.4384866374069411
Machakos,Mwala,0.0827962943547,2016.0,4.0,2016-04,0.594003540205988
Machakos,Yatta,0.0862109028544,2016.0,4.0,2016-04,0.5597202949803771
Nairobi,Dagoretti,0.00198642271282,2016.0,4.0,2016-04,0.5005624746056407
Nairobi,Embakasi Central,0.000664901959297,2016.0,4.0,2016-04,0.2934336566786682
Nairobi,Embakasi East,0.00697580217167,2016.0,4.0,2016-04,0.4033091938539381
Nairobi,Embakasi North,0.000441181256097,2016.0,4.0,2016-04,0.3368567069066102
Nairobi,Embakasi South,0.00142609820487,2016.0,4.0,2016-04,0.2837800844871117
Nairobi,Embakasi West,0.000793166442342,2016.0,4.0,2016-04,0.3125331498951781
Nairobi,Kamukunji,0.000718135459802,2016.0,4.0,2016-04,0.342977564896633
Nairobi,Kasarani,0.0110736011415,2016.0,4.0,2016-04,0.4504811889695976
Nairobi,Kibra,0.00100197842996,2016.0,4.0,2016-04,0.4154910455128839
Nairobi,Kilimani,0.00238546350977,2016.0,4.0,2016-04,0.4385719129223042
Nairobi,Langata,0.0170497156745,2016.0,4.0,2016-04,0.516977667507039
Nairobi,Makadara,0.000974908477702,2016.0,4.0,2016-04,0.3473687498730993
Nairobi,Mathare,0.000235884309461,2016.0,4.0,2016-04,0.2929109953800923
Nairobi,Roysambu,0.00390887981589,2016.0,4.0,2016-04,0.5307975859922259
Nairobi,Ruaraka,0.000583416833502,2016.0,4.0,2016-04,0.3952305210665582
Nairobi,Starehe,0.00136813789598,2016.0,4.0,2016-04,0.3102619925399031
Nairobi,Westlands,0.00590790301496,2016.0,4.0,2016-04,0.571345380476634
Turkana,Loima,0.792863767753,2016.0,4.0,2016-04,0.2580448148988474
Turkana,Turkana Central,0.538281501213,2016.0,4.0,2016-04,0.1006289472659169
Turkana,Turkana East,0.909087463502,2016.0,4.0,2016-04,0.2058710867998992
Turkana,Turkana North,1.66897152383,2016.0,4.0,2016-04,0.2210751313319744
Turkana,Turkana South,0.603285539944,2016.0,4.0,2016-04,0.1908337640841172
Turkana,Turkana West,1.19593592043,2016.0,4.0,2016-04,0.3232943953239114
Kiambu,Gatundu North,0.0190562071078,2016.0,5.0,2016-05,0.6860372964424659
Kiambu,Gatundu South,0.018013492523,2016.0,5.0,2016-05,0.6771997982356734
Kiambu,Githunguri,0.0140557399999,2016.0,5.0,2016-05,0.7105056035222825
Kiambu,Juja,0.0303444523402,2016.0,5.0,2016-05,0.5617057183346662
Kiambu,Kabete,0.00456838148631,2016.0,5.0,2016-05,0.5955610040541599
Kiambu,Kiambaa,0.00720464174127,2016.0,5.0,2016-05,0.6575838985726921
Kiambu,Kiambu,0.00796244668767,2016.0,5.0,2016-05,0.6200046018336762
Kiambu,Kikuyu,0.0141641490709,2016.0,5.0,2016-05,0.5856485114699985
Kiambu,Lari,0.037858207576,2016.0,5.0,2016-05,0.7642773794159619
Kiambu,Limuru,0.0231553754199,2016.0,5.0,2016-05,0.6415862326392751
Kiambu,Ruiru,0.0124421280679,2016.0,5.0,2016-05,0.478386511715533
Kiambu,Thika Town,0.0178033031507,2016.0,5.0,2016-05,0.5324753665583238
Machakos,Kangundo,0.013896319438,2016.0,5.0,2016-05,0.5583446929895107
Machakos,Kathiani,0.0167415041685,2016.0,5.0,2016-05,0.5354665873820481
Machakos,Machakos Town,0.0615270519301,2016.0,5.0,2016-05,0.4808134817024517
Machakos,Masinga,0.11427469357,2016.0,5.0,2016-05,0.5086588512894085
Machakos,Matungulu,0.0472449879416,2016.0,5.0,2016-05,0.4957372901043148
Machakos,Mavoko,0.0684719511619,2016.0,5.0,2016-05,0.458120810794649
Machakos,Mwala,0.0827962943547,2016.0,5.0,2016-05,0.5997700283622605
Machakos,Yatta,0.0862109028544,2016.0,5.0,2016-05,0.556846101541894
Nairobi,Dagoretti,0.00198642271282,2016.0,5.0,2016-05,0.4606064426983746
Nairobi,Embakasi Central,0.000664901959297,2016.0,5.0,2016-05,0.2601318877019668
Nairobi,Embakasi East,0.00697580217167,2016.0,5.0,2016-05,0.4391748054540919
Nairobi,Embakasi North,0.000441181256097,2016.0,5.0,2016-05,0.3015992752322396
Nairobi,Embakasi South,0.00142609820487,2016.0,5.0,2016-05,0.287387568324963
Nairobi,Embakasi West,0.000793166442342,2016.0,5.0,2016-05,0.2982936383148648
Nairobi,Kamukunji,0.000718135459802,2016.0,5.0,2016-05,0.3123670493021719
Nairobi,Kasarani,0.0110736011415,2016.0,5.0,2016-05,0.4836403376792276
Nairobi,Kibra,0.00100197842996,2016.0,5.0,2016-05,0.3614801461151152
Nairobi,Kilimani,0.00238546350977,2016.0,5.0,2016-05,0.3864033427616357
Nairobi,Langata,0.0170497156745,2016.0,5.0,2016-05,0.4850613634807912
Nairobi,Makadara,0.000974908477702,2016.0,5.0,2016-05,0.2752064272806644
Nairobi,Mathare,0.000235884309461,2016.0,5.0,2016-05,0.2924005375892481
Nairobi,Roysambu,0.00390887981589,2016.0,5.0,2016-05,0.4537754772846901
Nairobi,Ruaraka,0.000583416833502,2016.0,5.0,2016-05,0.3528651061808809
Nairobi,Starehe,0.00136813789598,2016.0,5.0,2016-05,0.2608992641105711
Nairobi,Westlands,0.00590790301496,2016.0,5.0,2016-05,0.5281514390078949
Turkana,Loima,0.792863767753,2016.0,5.0,2016-05,0.3409907535238874
Turkana,Turkana Central,0.538281501213,2016.0,5.0,2016-05,0.1461790546541797
Turkana,Turkana East,0.909087463502,2016.0,5.0,2016-05,0.2968804209640129
Turkana,Turkana North,1.66897152383,2016.0,5.0,2016-05,0.3230718090620901
Turkana,Turkana South,0.603285539944,2016.0,5.0,2016-05,0.2668190296434879
Turkana,Turkana West,1.19593592043,2016.0,5.0,2016-05,0.4151067958068098
Kiambu,Gatundu North,0.0190562071078,2016.0,6.0,2016-06,0.6401528432658897
Kiambu,Gatundu South,0.018013492523,2016.0,6.0,2016-06,0.6400592338885011
Kiambu,Githunguri,0.0140557399999,2016.0,6.0,2016-06,0.6245414201716389
Kiambu,Juja,0.0303444523402,2016.0,6.0,2016-06,0.4572077588044456
Kiambu,Kabete,0.00456838148631,2016.0,6.0,2016-06,0.6124002689778841
Kiambu,Kiambaa,0.00720464174127,2016.0,6.0,2016-06,0.6779565328599433
Kiambu,Kiambu,0.00796244668767,2016.0,6.0,2016-06,0.6084868434914398
Kiambu,Kikuyu,0.0141641490709,2016.0,6.0,2016-06,0.5577824062694647
Kiambu,Lari,0.037858207576,2016.0,6.0,2016-06,0.682720149677196
Kiambu,Limuru,0.0231553754199,2016.0,6.0,2016-06,0.6287308940186335
Kiambu,Ruiru,0.0124421280679,2016.0,6.0,2016-06,0.4298804814513338
Kiambu,Thika Town,0.0178033031507,2016.0,6.0,2016-06,0.4644725721587918
Machakos,Kangundo,0.013896319438,2016.0,6.0,2016-06,0.5369116625126522
Machakos,Kathiani,0.0167415041685,2016.0,6.0,2016-06,0.5341158247845373
Machakos,Machakos Town,0.0615270519301,2016.0,6.0,2016-06,0.4688848513431527
Machakos,Masinga,0.11427469357,2016.0,6.0,2016-06,0.4076602046799988
Machakos,Matungulu,0.0472449879416,2016.0,6.0,2016-06,0.396182534024776
Machakos,Mavoko,0.0684719511619,2016.0,6.0,2016-06,0.4019093012244776
Machakos,Mwala,0.0827962943547,2016.0,6.0,2016-06,0.482032509441345
Machakos,Yatta,0.0862109028544,2016.0,6.0,2016-06,0.460841789395437
Nairobi,Dagoretti,0.00198642271282,2016.0,6.0,2016-06,0.5214094198135756
Nairobi,Embakasi Central,0.000664901959297,2016.0,6.0,2016-06,0.2043507870384147
Nairobi,Embakasi East,0.00697580217167,2016.0,6.0,2016-06,0.3963371460739162
Nairobi,Embakasi North,0.000441181256097,2016.0,6.0,2016-06,0.2854970852219178
Nairobi,Embakasi South,0.00142609820487,2016.0,6.0,2016-06,0.213575080463916
Nairobi,Embakasi West,0.000793166442342,2016.0,6.0,2016-06,0.2641755802635518
Nairobi,Kamukunji,0.000718135459802,2016.0,6.0,2016-06,0.3313370963745973
Nairobi,Kasarani,0.0110736011415,2016.0,6.0,2016-06,0.3941362310231847
Nairobi,Kibra,0.00100197842996,2016.0,6.0,2016-06,0.343307081646757
Nairobi,Kilimani,0.00238546350977,2016.0,6.0,2016-06,0.4496180679169533
Nairobi,Langata,0.0170497156745,2016.0,6.0,2016-06,0.4482950305075069
Nairobi,Makadara,0.000974908477702,2016.0,6.0,2016-06,0.2514423158920634
Nairobi,Mathare,0.000235884309461,2016.0,6.0,2016-06,0.2714534439311213
Nairobi,Roysambu,0.00390887981589,2016.0,6.0,2016-06,0.4888068948151596
Nairobi,Ruaraka,0.000583416833502,2016.0,6.0,2016-06,0.347945420313454
Nairobi,Starehe,0.00136813789598,2016.0,6.0,2016-06,0.2495714752486699
Nairobi,Westlands,0.00590790301496,2016.0,6.0,2016-06,0.5640736554081655
Turkana,Loima,0.792863767753,2016.0,6.0,2016-06,0.2999727631529223
Turkana,Turkana Central,0.538281501213,2016.0,6.0,2016-06,0.1277155742385106
Turkana,Turkana East,0.909087463502,2016.0,6.0,2016-06,0.2565339558013693
Turkana,Turkana North,1.66897152383,2016.0,6.0,2016-06,0.2718506977085582
Turkana,Turkana South,0.603285539944,2016.0,6.0,2016-06,0.2309424610167824
Turkana,Turkana West,1.19593592043,2016.0,6.0,2016-06,0.3551628445589267
Kiambu,Gatundu North,0.0190562071078,2016.0,7.0,2016-07,0.72467777657251
Kiambu,Gatundu South,0.018013492523,2016.0,7.0,2016-07,0.7117678462879755
Kiambu,Githunguri,0.0140557399999,2016.0,7.0,2016-07,0.6942766484838762
Kiambu,Juja,0.0303444523402,2016.0,7.0,2016-07,0.4924295495745668
Kiambu,Kabete,0.00456838148631,2016.0,7.0,2016-07,0.6239049652624379
Kiambu,Kiambaa,0.00720464174127,2016.0,7.0,2016-07,0.6496408729701079
Kiambu,Kiambu,0.00796244668767,2016.0,7.0,2016-07,0.6322953087186622
Kiambu,Kikuyu,0.0141641490709,2016.0,7.0,2016-07,0.5623460788612963
Kiambu,Lari,0.037858207576,2016.0,7.0,2016-07,0.7164509301920972
Kiambu,Limuru,0.0231553754199,2016.0,7.0,2016-07,0.6034269123920857
Kiambu,Ruiru,0.0124421280679,2016.0,7.0,2016-07,0.3838989628676902
Kiambu,Thika Town,0.0178033031507,2016.0,7.0,2016-07,0.4807534020057219
Machakos,Kangundo,0.013896319438,2016.0,7.0,2016-07,0.5299060669036187
Machakos,Kathiani,0.0167415041685,2016.0,7.0,2016-07,0.510343981753903
Machakos,Machakos Town,0.0615270519301,2016.0,7.0,2016-07,0.4115668167525191
Machakos,Masinga,0.11427469357,2016.0,7.0,2016-07,0.3810518488710549
Machakos,Matungulu,0.0472449879416,2016.0,7.0,2016-07,0.4022219350907449
Machakos,Mavoko,0.0684719511619,2016.0,7.0,2016-07,0.3391242819951584
Machakos,Mwala,0.0827962943547,2016.0,7.0,2016-07,0.3876836336710105
Machakos,Yatta,0.0862109028544,2016.0,7.0,2016-07,0.3948791486017854
Nairobi,Dagoretti,0.00198642271282,2016.0,7.0,2016-07,0.5200781289834289
Nairobi,Embakasi Central,0.000664901959297,2016.0,7.0,2016-07,0.2224817969470646
Nairobi,Embakasi East,0.00697580217167,2016.0,7.0,2016-07,0.3111059673979628
Nairobi,Embakasi North,0.000441181256097,2016.0,7.0,2016-07,0.2800463851366511
Nairobi,Embakasi South,0.00142609820487,2016.0,7.0,2016-07,0.2323001220831829
Nairobi,Embakasi West,0.000793166442342,2016.0,7.0,2016-07,0.2693186146051711
Nairobi,Kamukunji,0.000718135459802,2016.0,7.0,2016-07,0.312369910810141
Nairobi,Kasarani,0.0110736011415,2016.0,7.0,2016-07,0.3469454925486187
Nairobi,Kibra,0.00100197842996,2016.0,7.0,2016-07,0.3800222874913619
Nairobi,Kilimani,0.00238546350977,2016.0,7.0,2016-07,0.4449280821008803
Nairobi,Langata,0.0170497156745,2016.0,7.0,2016-07,0.5095582124306346
Nairobi,Makadara,0.000974908477702,2016.0,7.0,2016-07,0.2721547856896306
Nairobi,Mathare,0.000235884309461,2016.0,7.0,2016-07,0.2845864846703066
Nairobi,Roysambu,0.00390887981589,2016.0,7.0,2016-07,0.4906039878325302
Nairobi,Ruaraka,0.000583416833502,2016.0,7.0,2016-07,0.3394159644480631
Nairobi,Starehe,0.00136813789598,2016.0,7.0,2016-07,0.2719941085473048
Nairobi,Westlands,0.00590790301496,2016.0,7.0,2016-07,0.5643517892178198
Turkana,Loima,0.792863767753,2016.0,7.0,2016-07,0.2863854389812114
Turkana,Turkana Central,0.538281501213,2016.0,7.0,2016-07,0.1338480957401029
Turkana,Turkana East,0.909087463502,2016.0,7.0,2016-07,0.239164092273685
Turkana,Turkana North,1.66897152383,2016.0,7.0,2016-07,0.2776516075917444
Turkana,Turkana South,0.603285539944,2016.0,7.0,2016-07,0.2151695081606947
Turkana,Turkana West,1.19593592043,2016.0,7.0,2016-07,0.37155361765001
Kiambu,Gatundu North,0.0190562071078,2016.0,8.0,2016-08,0.698076138043357
Kiambu,Gatundu South,0.018013492523,2016.0,8.0,2016-08,0.7013509361315714
Kiambu,Githunguri,0.0140557399999,2016.0,8.0,2016-08,0.6894384482986705
Kiambu,Juja,0.0303444523402,2016.0,8.0,2016-08,0.4537086831351363
Kiambu,Kabete,0.00456838148631,2016.0,8.0,2016-08,0.6140792430070078
Kiambu,Kiambaa,0.00720464174127,2016.0,8.0,2016-08,0.6639567415468095
Kiambu,Kiambu,0.00796244668767,2016.0,8.0,2016-08,0.6511650018634931
Kiambu,Kikuyu,0.0141641490709,2016.0,8.0,2016-08,0.5043442430751275
Kiambu,Lari,0.037858207576,2016.0,8.0,2016-08,0.684488735701612
Kiambu,Limuru,0.0231553754199,2016.0,8.0,2016-08,0.5586468019446422
Kiambu,Ruiru,0.0124421280679,2016.0,8.0,2016-08,0.3509590558892457
Kiambu,Thika Town,0.0178033031507,2016.0,8.0,2016-08,0.4291371579298272
Machakos,Kangundo,0.013896319438,2016.0,8.0,2016-08,0.4907841178279169
Machakos,Kathiani,0.0167415041685,2016.0,8.0,2016-08,0.4608071789209258
Machakos,Machakos Town,0.0615270519301,2016.0,8.0,2016-08,0.3731358878308788
Machakos,Masinga,0.11427469357,2016.0,8.0,2016-08,0.3142782783952358
Machakos,Matungulu,0.0472449879416,2016.0,8.0,2016-08,0.3604435284998445
Machakos,Mavoko,0.0684719511619,2016.0,8.0,2016-08,0.2990567500500481
Machakos,Mwala,0.0827962943547,2016.0,8.0,2016-08,0.3388295356922043
Machakos,Yatta,0.0862109028544,2016.0,8.0,2016-08,0.3334959598907439
Nairobi,Dagoretti,0.00198642271282,2016.0,8.0,2016-08,0.5127154776131294
Nairobi,Embakasi Central,0.000664901959297,2016.0,8.0,2016-08,0.196241662451275
Nairobi,Embakasi East,0.00697580217167,2016.0,8.0,2016-08,0.2729152714284097
Nairobi,Embakasi North,0.000441181256097,2016.0,8.0,2016-08,0.2600252389714129
Nairobi,Embakasi South,0.00142609820487,2016.0,8.0,2016-08,0.2211178879609333
Nairobi,Embakasi West,0.000793166442342,2016.0,8.0,2016-08,0.2513070330438253
Nairobi,Kamukunji,0.000718135459802,2016.0,8.0,2016-08,0.2969915365981226
Nairobi,Kasarani,0.0110736011415,2016.0,8.0,2016-08,0.3094239789410498
Nairobi,Kibra,0.00100197842996,2016.0,8.0,2016-08,0.3642144713199727
Nairobi,Kilimani,0.00238546350977,2016.0,8.0,2016-08,0.4526557017725765
Nairobi,Langata,0.0170497156745,2016.0,8.0,2016-08,0.4562878347037258
Nairobi,Makadara,0.000974908477702,2016.0,8.0,2016-08,0.2574081825749732
Nairobi,Mathare,0.000235884309461,2016.0,8.0,2016-08,0.2849607139857205
Nairobi,Roysambu,0.00390887981589,2016.0,8.0,2016-08,0.5059719510466864
Nairobi,Ruaraka,0.000583416833502,2016.0,8.0,2016-08,0.337674026392564
Nairobi,Starehe,0.00136813789598,2016.0,8.0,2016-08,0.2659016582812859
Nairobi,Westlands,0.00590790301496,2016.0,8.0,2016-08,0.5811043371122068
Turkana,Loima,0.792863767753,2016.0,8.0,2016-08,0.2577331696621187
Turkana,Turkana Central,0.538281501213,2016.0,8.0,2016-08,0.1268973250036379
Turkana,Turkana East,0.909087463502,2016.0,8.0,2016-08,0.2110262622167339
Turkana,Turkana North,1.66897152383,2016.0,8.0,2016-08,0.2416212383979694
Turkana,Turkana South,0.603285539944,2016.0,8.0,2016-08,0.2055565020699842
Turkana,Turkana West,1.19593592043,2016.0,8.0,2016-08,0.3386397487163807
Kiambu,Gatundu North,0.0190562071078,2016.0,9.0,2016-09,0.7148772894772899
Kiambu,Gatundu South,0.018013492523,2016.0,9.0,2016-09,0.6834915888158323
Kiambu,Githunguri,0.0140557399999,2016.0,9.0,2016-09,0.6733508102741202
Kiambu,Juja,0.0303444523402,2016.0,9.0,2016-09,0.397542006038788
Kiambu,Kabete,0.00456838148631,2016.0,9.0,2016-09,0.5616761699021975
Kiambu,Kiambaa,0.00720464174127,2016.0,9.0,2016-09,0.6227141095660957
Kiambu,Kiambu,0.00796244668767,2016.0,9.0,2016-09,0.5944051832434711
Kiambu,Kikuyu,0.0141641490709,2016.0,9.0,2016-09,0.45101507676924
Kiambu,Lari,0.037858207576,2016.0,9.0,2016-09,0.688522113569911
Kiambu,Limuru,0.0231553754199,2016.0,9.0,2016-09,0.5269683599122507
Kiambu,Ruiru,0.0124421280679,2016.0,9.0,2016-09,0.3010607438226761
Kiambu,Thika Town,0.0178033031507,2016.0,9.0,2016-09,0.3933103340278361
Machakos,Kangundo,0.013896319438,2016.0,9.0,2016-09,0.4272095846031438
Machakos,Kathiani,0.0167415041685,2016.0,9.0,2016-09,0.3988712267729155
Machakos,Machakos Town,0.0615270519301,2016.0,9.0,2016-09,0.3334396708881018
Machakos,Masinga,0.11427469357,2016.0,9.0,2016-09,0.2954804733771415
Machakos,Matungulu,0.0472449879416,2016.0,9.0,2016-09,0.3316439421265855
Machakos,Mavoko,0.0684719511619,2016.0,9.0,2016-09,0.2665565528314461
Machakos,Mwala,0.0827962943547,2016.0,9.0,2016-09,0.3135231672155008
Machakos,Yatta,0.0862109028544,2016.0,9.0,2016-09,0.304585553142698
Nairobi,Dagoretti,0.00198642271282,2016.0,9.0,2016-09,0.4692874711201405
Nairobi,Embakasi Central,0.000664901959297,2016.0,9.0,2016-09,0.1927516187103876
Nairobi,Embakasi East,0.00697580217167,2016.0,9.0,2016-09,0.2449803643340063
Nairobi,Embakasi North,0.000441181256097,2016.0,9.0,2016-09,0.2425864380918188
Nairobi,Embakasi South,0.00142609820487,2016.0,9.0,2016-09,0.2005273036264253
Nairobi,Embakasi West,0.000793166442342,2016.0,9.0,2016-09,0.2386802011580312
Nairobi,Kamukunji,0.000718135459802,2016.0,9.0,2016-09,0.2744267129132599
Nairobi,Kasarani,0.0110736011415,2016.0,9.0,2016-09,0.2780160489636665
Nairobi,Kibra,0.00100197842996,2016.0,9.0,2016-09,0.3372368180471912
Nairobi,Kilimani,0.00238546350977,2016.0,9.0,2016-09,0.4327607615358452
Nairobi,Langata,0.0170497156745,2016.0,9.0,2016-09,0.4176135089260122
Nairobi,Makadara,0.000974908477702,2016.0,9.0,2016-09,0.2425349850764451
Nairobi,Mathare,0.000235884309461,2016.0,9.0,2016-09,0.2624084208315833
Nairobi,Roysambu,0.00390887981589,2016.0,9.0,2016-09,0.4576993311434591
Nairobi,Ruaraka,0.000583416833502,2016.0,9.0,2016-09,0.3118070086165954
Nairobi,Starehe,0.00136813789598,2016.0,9.0,2016-09,0.2519610629192688
Nairobi,Westlands,0.00590790301496,2016.0,9.0,2016-09,0.5429739577404429
Turkana,Loima,0.792863767753,2016.0,9.0,2016-09,0.2290092436534352
Turkana,Turkana Central,0.538281501213,2016.0,9.0,2016-09,0.1243420698700379
Turkana,Turkana East,0.909087463502,2016.0,9.0,2016-09,0.1784425756993946
Turkana,Turkana North,1.66897152383,2016.0,9.0,2016-09,0.1991119495491778
Turkana,Turkana South,0.603285539944,2016.0,9.0,2016-09,0.1745717648504475
Turkana,Turkana West,1.19593592043,2016.0,9.0,2016-09,0.2810894492910141
Kiambu,Gatundu North,0.0190562071078,2016.0,10.0,2016-10,0.6777292966106273
Kiambu,Gatundu South,0.018013492523,2016.0,10.0,2016-10,0.6503896082313256
Kiambu,Githunguri,0.0140557399999,2016.0,10.0,2016-10,0.6114137408136084
Kiambu,Juja,0.0303444523402,2016.0,10.0,2016-10,0.3613877263485743
Kiambu,Kabete,0.00456838148631,2016.0,10.0,2016-10,0.5384424320191968
Kiambu,Kiambaa,0.00720464174127,2016.0,10.0,2016-10,0.5674987940095888
Kiambu,Kiambu,0.00796244668767,2016.0,10.0,2016-10,0.5484419148011029
Kiambu,Kikuyu,0.0141641490709,2016.0,10.0,2016-10,0.4442036812784722
Kiambu,Lari,0.037858207576,2016.0,10.0,2016-10,0.6729682826310492
Kiambu,Limuru,0.0231553754199,2016.0,10.0,2016-10,0.5311146010770527
Kiambu,Ruiru,0.0124421280679,2016.0,10.0,2016-10,0.2751425191655247
Kiambu,Thika Town,0.0178033031507,2016.0,10.0,2016-10,0.3807157366447207
Machakos,Kangundo,0.013896319438,2016.0,10.0,2016-10,0.3929975312903445
Machakos,Kathiani,0.0167415041685,2016.0,10.0,2016-10,0.3561724538530436
Machakos,Machakos Town,0.0615270519301,2016.0,10.0,2016-10,0.2971209585080203
Machakos,Masinga,0.11427469357,2016.0,10.0,2016-10,0.2994776058915434
Machakos,Matungulu,0.0472449879416,2016.0,10.0,2016-10,0.3308602386852363
Machakos,Mavoko,0.0684719511619,2016.0,10.0,2016-10,0.2422376553634531
Machakos,Mwala,0.0827962943547,2016.0,10.0,2016-10,0.304132591145298
Machakos,Yatta,0.0862109028544,2016.0,10.0,2016-10,0.2934765355120167
Nairobi,Dagoretti,0.00198642271282,2016.0,10.0,2016-10,0.4600023327955703
Nairobi,Embakasi Central,0.000664901959297,2016.0,10.0,2016-10,0.1835359404290772
Nairobi,Embakasi East,0.00697580217167,2016.0,10.0,2016-10,0.227945373295597
Nairobi,Embakasi North,0.000441181256097,2016.0,10.0,2016-10,0.2432401359780998
Nairobi,Embakasi South,0.00142609820487,2016.0,10.0,2016-10,0.2057489706167973
Nairobi,Embakasi West,0.000793166442342,2016.0,10.0,2016-10,0.2215271825396824
Nairobi,Kamukunji,0.000718135459802,2016.0,10.0,2016-10,0.2562614336443967
Nairobi,Kasarani,0.0110736011415,2016.0,10.0,2016-10,0.2591980013827301
Nairobi,Kibra,0.00100197842996,2016.0,10.0,2016-10,0.3475142896633432
Nairobi,Kilimani,0.00238546350977,2016.0,10.0,2016-10,0.4206510662828986
Nairobi,Langata,0.0170497156745,2016.0,10.0,2016-10,0.3876279022158697
Nairobi,Makadara,0.000974908477702,2016.0,10.0,2016-10,0.2346797801059876
Nairobi,Mathare,0.000235884309461,2016.0,10.0,2016-10,0.264572687946241
Nairobi,Roysambu,0.00390887981589,2016.0,10.0,2016-10,0.414517517562862
Nairobi,Ruaraka,0.000583416833502,2016.0,10.0,2016-10,0.2877455186919058
Nairobi,Starehe,0.00136813789598,2016.0,10.0,2016-10,0.2436876850566735
Nairobi,Westlands,0.00590790301496,2016.0,10.0,2016-10,0.5293246395784085
Turkana,Loima,0.792863767753,2016.0,10.0,2016-10,0.2095688263088002
Turkana,Turkana Central,0.538281501213,2016.0,10.0,2016-10,0.1212475498504446
Turkana,Turkana East,0.909087463502,2016.0,10.0,2016-10,0.1699569885721478
Turkana,Turkana North,1.66897152383,2016.0,10.0,2016-10,0.1827021115796149
Turkana,Turkana South,0.603285539944,2016.0,10.0,2016-10,0.1654375841729123
Turkana,Turkana West,1.19593592043,2016.0,10.0,2016-10,0.2443308304728899
Kiambu,Gatundu North,0.0190562071078,2016.0,11.0,2016-11,0.7082014642164072
Kiambu,Gatundu South,0.018013492523,2016.0,11.0,2016-11,0.6875160619776098
Kiambu,Githunguri,0.0140557399999,2016.0,11.0,2016-11,0.6782604383572448
Kiambu,Juja,0.0303444523402,2016.0,11.0,2016-11,0.4591188644291081
Kiambu,Kabete,0.00456838148631,2016.0,11.0,2016-11,0.535125140119719
Kiambu,Kiambaa,0.00720464174127,2016.0,11.0,2016-11,0.5597077582088076
Kiambu,Kiambu,0.00796244668767,2016.0,11.0,2016-11,0.5562230881804863
Kiambu,Kikuyu,0.0141641490709,2016.0,11.0,2016-11,0.5018619005589062
Kiambu,Lari,0.037858207576,2016.0,11.0,2016-11,0.7190777590952678
Kiambu,Limuru,0.0231553754199,2016.0,11.0,2016-11,0.6060419914710564
Kiambu,Ruiru,0.0124421280679,2016.0,11.0,2016-11,0.3695814939411194
Kiambu,Thika Town,0.0178033031507,2016.0,11.0,2016-11,0.5048122030169176
Machakos,Kangundo,0.013896319438,2016.0,11.0,2016-11,0.3648739465619416
Machakos,Kathiani,0.0167415041685,2016.0,11.0,2016-11,0.4209751915946491
Machakos,Machakos Town,0.0615270519301,2016.0,11.0,2016-11,0.3811486508669031
Machakos,Masinga,0.11427469357,2016.0,11.0,2016-11,0.4496282909751618
Machakos,Matungulu,0.0472449879416,2016.0,11.0,2016-11,0.4419069905431021
Machakos,Mavoko,0.0684719511619,2016.0,11.0,2016-11,0.3957819685807982
Machakos,Mwala,0.0827962943547,2016.0,11.0,2016-11,0.488108234539942
Machakos,Yatta,0.0862109028544,2016.0,11.0,2016-11,0.4242406511501977
Nairobi,Dagoretti,0.00198642271282,2016.0,11.0,2016-11,0.3814941742351816
Nairobi,Embakasi Central,0.000664901959297,2016.0,11.0,2016-11,0.2071725027524028
Nairobi,Embakasi East,0.00697580217167,2016.0,11.0,2016-11,0.3522979930008852
Nairobi,Embakasi North,0.000441181256097,2016.0,11.0,2016-11,0.3100605259614952
Nairobi,Embakasi South,0.00142609820487,2016.0,11.0,2016-11,0.2583513401403955
Nairobi,Embakasi West,0.000793166442342,2016.0,11.0,2016-11,0.2743321877807725
Nairobi,Kamukunji,0.000718135459802,2016.0,11.0,2016-11,0.2505218047182534
Nairobi,Kasarani,0.0110736011415,2016.0,11.0,2016-11,0.3615216140073817
Nairobi,Kibra,0.00100197842996,2016.0,11.0,2016-11,0.325672913416922
Nairobi,Kilimani,0.00238546350977,2016.0,11.0,2016-11,0.4073060990884127
Nairobi,Langata,0.0170497156745,2016.0,11.0,2016-11,0.4440917086176318
Nairobi,Makadara,0.000974908477702,2016.0,11.0,2016-11,0.3043801384743458
Nairobi,Mathare,0.000235884309461,2016.0,11.0,2016-11,0.2093955144897103
Nairobi,Roysambu,0.00390887981589,2016.0,11.0,2016-11,0.4168876477912299
Nairobi,Ruaraka,0.000583416833502,2016.0,11.0,2016-11,0.3999672331908545
Nairobi,Starehe,0.00136813789598,2016.0,11.0,2016-11,0.2476800586976635
Nairobi,Westlands,0.00590790301496,2016.0,11.0,2016-11,0.4761213423820973
Turkana,Loima,0.792863767753,2016.0,11.0,2016-11,0.2073305474933867
Turkana,Turkana Central,0.538281501213,2016.0,11.0,2016-11,0.1240910428464015
Turkana,Turkana East,0.909087463502,2016.0,11.0,2016-11,0.1734177853710371
Turkana,Turkana North,1.66897152383,2016.0,11.0,2016-11,0.1897291787374174
Turkana,Turkana South,0.603285539944,2016.0,11.0,2016-11,0.1660209079497917
Turkana,Turkana West,1.19593592043,2016.0,11.0,2016-11,0.2499043688509035
Kiambu,Gatundu North,0.0190562071078,2016.0,12.0,2016-12,0.774569951596696
Kiambu,Gatundu South,0.018013492523,2016.0,12.0,2016-12,0.7696383712375761
Kiambu,Githunguri,0.0140557399999,2016.0,12.0,2016-12,0.7623226354631967
Kiambu,Juja,0.0303444523402,2016.0,12.0,2016-12,0.5491328831295305
Kiambu,Kabete,0.00456838148631,2016.0,12.0,2016-12,0.6756723316614258
Kiambu,Kiambaa,0.00720464174127,2016.0,12.0,2016-12,0.7096645565953287
Kiambu,Kiambu,0.00796244668767,2016.0,12.0,2016-12,0.6815326870325736
Kiambu,Kikuyu,0.0141641490709,2016.0,12.0,2016-12,0.5545054574312684
Kiambu,Lari,0.037858207576,2016.0,12.0,2016-12,0.7549447176688688
Kiambu,Limuru,0.0231553754199,2016.0,12.0,2016-12,0.6257149907483486
Kiambu,Ruiru,0.0124421280679,2016.0,12.0,2016-12,0.4477889267624178
Kiambu,Thika Town,0.0178033031507,2016.0,12.0,2016-12,0.5918218697113644
Machakos,Kangundo,0.013896319438,2016.0,12.0,2016-12,0.6965763087285585
Machakos,Kathiani,0.0167415041685,2016.0,12.0,2016-12,0.6526222975288253
Machakos,Machakos Town,0.0615270519301,2016.0,12.0,2016-12,0.5344453813678781
Machakos,Masinga,0.11427469357,2016.0,12.0,2016-12,0.5493978586578325
Machakos,Matungulu,0.0472449879416,2016.0,12.0,2016-12,0.5762312776126198
Machakos,Mavoko,0.0684719511619,2016.0,12.0,2016-12,0.4378315059533905
Machakos,Mwala,0.0827962943547,2016.0,12.0,2016-12,0.6126809883980378
Machakos,Yatta,0.0862109028544,2016.0,12.0,2016-12,0.5722106248917361
Nairobi,Dagoretti,0.00198642271282,2016.0,12.0,2016-12,0.5610748441483432
Nairobi,Embakasi Central,0.000664901959297,2016.0,12.0,2016-12,0.2294040155324784
Nairobi,Embakasi East,0.00697580217167,2016.0,12.0,2016-12,0.3692064081039994
Nairobi,Embakasi North,0.000441181256097,2016.0,12.0,2016-12,0.3196069268051875
Nairobi,Embakasi South,0.00142609820487,2016.0,12.0,2016-12,0.256991173247135
Nairobi,Embakasi West,0.000793166442342,2016.0,12.0,2016-12,0.29552611934711
Nairobi,Kamukunji,0.000718135459802,2016.0,12.0,2016-12,0.3963820436589861
Nairobi,Kasarani,0.0110736011415,2016.0,12.0,2016-12,0.415781073474084
Nairobi,Kibra,0.00100197842996,2016.0,12.0,2016-12,0.4320521453253037
Nairobi,Kilimani,0.00238546350977,2016.0,12.0,2016-12,0.5145200760623427
Nairobi,Langata,0.0170497156745,2016.0,12.0,2016-12,0.5393332958201411
Nairobi,Makadara,0.000974908477702,2016.0,12.0,2016-12,0.3247673468559015
Nairobi,Mathare,0.000235884309461,2016.0,12.0,2016-12,0.3254746073078539
Nairobi,Roysambu,0.00390887981589,2016.0,12.0,2016-12,0.5514010755354904
Nairobi,Ruaraka,0.000583416833502,2016.0,12.0,2016-12,0.4115316354569512
Nairobi,Starehe,0.00136813789598,2016.0,12.0,2016-12,0.3105786628209579
Nairobi,Westlands,0.00590790301496,2016.0,12.0,2016-12,0.6297299066218468
Turkana,Loima,0.792863767753,2016.0,12.0,2016-12,0.2102658710803545
Turkana,Turkana Central,0.538281501213,2016.0,12.0,2016-12,0.1237115130636715
Turkana,Turkana East,0.909087463502,2016.0,12.0,2016-12,0.1723555726353781
Turkana,Turkana North,1.66897152383,2016.0,12.0,2016-12,0.1854147732153316
Turkana,Turkana South,0.603285539944,2016.0,12.0,2016-12,0.1669707112886893
Turkana,Turkana West,1.19593592043,2016.0,12.0,2016-12,0.2450622445877105
Kiambu,Gatundu North,0.0190562071078,2017.0,1.0,2017-01,0.7425038358294479
Kiambu,Gatundu South,0.018013492523,2017.0,1.0,2017-01,0.7341428281154617
Kiambu,Githunguri,0.0140557399999,2017.0,1.0,2017-01,0.7201134960777512
Kiambu,Juja,0.0303444523402,2017.0,1.0,2017-01,0.4708671253119941
Kiambu,Kabete,0.00456838148631,2017.0,1.0,2017-01,0.62282893396398
Kiambu,Kiambaa,0.00720464174127,2017.0,1.0,2017-01,0.6643810326979369
Kiambu,Kiambu,0.00796244668767,2017.0,1.0,2017-01,0.6321171390414194
Kiambu,Kikuyu,0.0141641490709,2017.0,1.0,2017-01,0.4870331461003692
Kiambu,Lari,0.037858207576,2017.0,1.0,2017-01,0.7209212938879299
Kiambu,Limuru,0.0231553754199,2017.0,1.0,2017-01,0.5719016152800025
Kiambu,Ruiru,0.0124421280679,2017.0,1.0,2017-01,0.3615474405161257
Kiambu,Thika Town,0.0178033031507,2017.0,1.0,2017-01,0.5225397753146097
Machakos,Kangundo,0.013896319438,2017.0,1.0,2017-01,0.6638220672907891
Machakos,Kathiani,0.0167415041685,2017.0,1.0,2017-01,0.6286831858710316
Machakos,Machakos Town,0.0615270519301,2017.0,1.0,2017-01,0.4600113568712684
Machakos,Masinga,0.11427469357,2017.0,1.0,2017-01,0.4651588997311385
Machakos,Matungulu,0.0472449879416,2017.0,1.0,2017-01,0.5356103724859513
Machakos,Mavoko,0.0684719511619,2017.0,1.0,2017-01,0.3479666737827522
Machakos,Mwala,0.0827962943547,2017.0,1.0,2017-01,0.5327334695941857
Machakos,Yatta,0.0862109028544,2017.0,1.0,2017-01,0.4976084582761186
Nairobi,Dagoretti,0.00198642271282,2017.0,1.0,2017-01,0.5097178253465587
Nairobi,Embakasi Central,0.000664901959297,2017.0,1.0,2017-01,0.2095586544469901
Nairobi,Embakasi East,0.00697580217167,2017.0,1.0,2017-01,0.3008190029663996
Nairobi,Embakasi North,0.000441181256097,2017.0,1.0,2017-01,0.2714203877395323
Nairobi,Embakasi South,0.00142609820487,2017.0,1.0,2017-01,0.216767020892872
Nairobi,Embakasi West,0.000793166442342,2017.0,1.0,2017-01,0.2795151455026454
Nairobi,Kamukunji,0.000718135459802,2017.0,1.0,2017-01,0.345053772675971
Nairobi,Kasarani,0.0110736011415,2017.0,1.0,2017-01,0.3402093093136011
Nairobi,Kibra,0.00100197842996,2017.0,1.0,2017-01,0.3853760055286805
Nairobi,Kilimani,0.00238546350977,2017.0,1.0,2017-01,0.4797511969243271
Nairobi,Langata,0.0170497156745,2017.0,1.0,2017-01,0.4497169699820977
Nairobi,Makadara,0.000974908477702,2017.0,1.0,2017-01,0.2793772024933506
Nairobi,Mathare,0.000235884309461,2017.0,1.0,2017-01,0.2965807391852164
Nairobi,Roysambu,0.00390887981589,2017.0,1.0,2017-01,0.4953266418998263
Nairobi,Ruaraka,0.000583416833502,2017.0,1.0,2017-01,0.3569530785670671
Nairobi,Starehe,0.00136813789598,2017.0,1.0,2017-01,0.2865300182165161
Nairobi,Westlands,0.00590790301496,2017.0,1.0,2017-01,0.5970725952363416
Turkana,Loima,0.792863767753,2017.0,1.0,2017-01,0.1973634431836704
Turkana,Turkana Central,0.538281501213,2017.0,1.0,2017-01,0.1225479496317311
Turkana,Turkana East,0.909087463502,2017.0,1.0,2017-01,0.15937157425439
Turkana,Turkana North,1.66897152383,2017.0,1.0,2017-01,0.1718639984396231
Turkana,Turkana South,0.603285539944,2017.0,1.0,2017-01,0.1581119790557763
Turkana,Turkana West,1.19593592043,2017.0,1.0,2017-01,0.21817509110893
Kiambu,Gatundu North,0.0190562071078,2017.0,2.0,2017-02,0.7101989884405061
Kiambu,Gatundu South,0.018013492523,2017.0,2.0,2017-02,0.6995084310037368
Kiambu,Githunguri,0.0140557399999,2017.0,2.0,2017-02,0.6820841156718184
Kiambu,Juja,0.0303444523402,2017.0,2.0,2017-02,0.4047493298276559
Kiambu,Kabete,0.00456838148631,2017.0,2.0,2017-02,0.580345887800272
Kiambu,Kiambaa,0.00720464174127,2017.0,2.0,2017-02,0.6305766362697776
Kiambu,Kiambu,0.00796244668767,2017.0,2.0,2017-02,0.5938036187790403
Kiambu,Kikuyu,0.0141641490709,2017.0,2.0,2017-02,0.4525758231360728
Kiambu,Lari,0.037858207576,2017.0,2.0,2017-02,0.7053928797263319
Kiambu,Limuru,0.0231553754199,2017.0,2.0,2017-02,0.5532348995217845
Kiambu,Ruiru,0.0124421280679,2017.0,2.0,2017-02,0.3013953542482124
Kiambu,Thika Town,0.0178033031507,2017.0,2.0,2017-02,0.4208216183570848
Machakos,Kangundo,0.013896319438,2017.0,2.0,2017-02,0.5132250902804562
Machakos,Kathiani,0.0167415041685,2017.0,2.0,2017-02,0.4750876601939234
Machakos,Machakos Town,0.0615270519301,2017.0,2.0,2017-02,0.3639084249167274
Machakos,Masinga,0.11427469357,2017.0,2.0,2017-02,0.3454919125314738
Machakos,Matungulu,0.0472449879416,2017.0,2.0,2017-02,0.4173146733248848
Machakos,Mavoko,0.0684719511619,2017.0,2.0,2017-02,0.2668434943138234
Machakos,Mwala,0.0827962943547,2017.0,2.0,2017-02,0.3940841940120078
Machakos,Yatta,0.0862109028544,2017.0,2.0,2017-02,0.3566844355004304
Nairobi,Dagoretti,0.00198642271282,2017.0,2.0,2017-02,0.4608016566085085
Nairobi,Embakasi Central,0.000664901959297,2017.0,2.0,2017-02,0.1899800205314367
Nairobi,Embakasi East,0.00697580217167,2017.0,2.0,2017-02,0.2519385908467003
Nairobi,Embakasi North,0.000441181256097,2017.0,2.0,2017-02,0.2510555131714759
Nairobi,Embakasi South,0.00142609820487,2017.0,2.0,2017-02,0.2037977664326739
Nairobi,Embakasi West,0.000793166442342,2017.0,2.0,2017-02,0.2490770852051513
Nairobi,Kamukunji,0.000718135459802,2017.0,2.0,2017-02,0.2980569328598562
Nairobi,Kasarani,0.0110736011415,2017.0,2.0,2017-02,0.2841273130366119
Nairobi,Kibra,0.00100197842996,2017.0,2.0,2017-02,0.3518726429065062
Nairobi,Kilimani,0.00238546350977,2017.0,2.0,2017-02,0.4491976596521202
Nairobi,Langata,0.0170497156745,2017.0,2.0,2017-02,0.3827775389566767
Nairobi,Makadara,0.000974908477702,2017.0,2.0,2017-02,0.2645299019309253
Nairobi,Mathare,0.000235884309461,2017.0,2.0,2017-02,0.2677530995380092
Nairobi,Roysambu,0.00390887981589,2017.0,2.0,2017-02,0.4623551198020002
Nairobi,Ruaraka,0.000583416833502,2017.0,2.0,2017-02,0.3264997404844291
Nairobi,Starehe,0.00136813789598,2017.0,2.0,2017-02,0.2574628534871614
Nairobi,Westlands,0.00590790301496,2017.0,2.0,2017-02,0.5624303385251002
Turkana,Loima,0.792863767753,2017.0,2.0,2017-02,0.1966185396991549
Turkana,Turkana Central,0.538281501213,2017.0,2.0,2017-02,0.1117426884236835
Turkana,Turkana East,0.909087463502,2017.0,2.0,2017-02,0.1622402370463423
Turkana,Turkana North,1.66897152383,2017.0,2.0,2017-02,0.183703115197256
Turkana,Turkana South,0.603285539944,2017.0,2.0,2017-02,0.1583304329842474
Turkana,Turkana West,1.19593592043,2017.0,2.0,2017-02,0.2228481194388477
Kiambu,Gatundu North,0.0190562071078,2017.0,3.0,2017-03,0.6911454946935939
Kiambu,Gatundu South,0.018013492523,2017.0,3.0,2017-03,0.681557862110691
Kiambu,Githunguri,0.0140557399999,2017.0,3.0,2017-03,0.6738652593299389
Kiambu,Juja,0.0303444523402,2017.0,3.0,2017-03,0.3878447075875296
Kiambu,Kabete,0.00456838148631,2017.0,3.0,2017-03,0.543029061522735
Kiambu,Kiambaa,0.00720464174127,2017.0,3.0,2017-03,0.6306892104771792
Kiambu,Kiambu,0.00796244668767,2017.0,3.0,2017-03,0.5964935003851225
Kiambu,Kikuyu,0.0141641490709,2017.0,3.0,2017-03,0.4062897894955888
Kiambu,Lari,0.037858207576,2017.0,3.0,2017-03,0.6786446263608672
Kiambu,Limuru,0.0231553754199,2017.0,3.0,2017-03,0.4977768184660548
Kiambu,Ruiru,0.0124421280679,2017.0,3.0,2017-03,0.2841556496564359
Kiambu,Thika Town,0.0178033031507,2017.0,3.0,2017-03,0.4009379624968746
Machakos,Kangundo,0.013896319438,2017.0,3.0,2017-03,0.4705138609858899
Machakos,Kathiani,0.0167415041685,2017.0,3.0,2017-03,0.4549362951042045
Machakos,Machakos Town,0.0615270519301,2017.0,3.0,2017-03,0.343161316042517
Machakos,Masinga,0.11427469357,2017.0,3.0,2017-03,0.3146089354709879
Machakos,Matungulu,0.0472449879416,2017.0,3.0,2017-03,0.3783171985412541
Machakos,Mavoko,0.0684719511619,2017.0,3.0,2017-03,0.2491017578079299
Machakos,Mwala,0.0827962943547,2017.0,3.0,2017-03,0.3566532594740745
Machakos,Yatta,0.0862109028544,2017.0,3.0,2017-03,0.3203915253195113
Nairobi,Dagoretti,0.00198642271282,2017.0,3.0,2017-03,0.4525913066642768
Nairobi,Embakasi Central,0.000664901959297,2017.0,3.0,2017-03,0.1818574835599727
Nairobi,Embakasi East,0.00697580217167,2017.0,3.0,2017-03,0.2387704234918444
Nairobi,Embakasi North,0.000441181256097,2017.0,3.0,2017-03,0.2461489969932233
Nairobi,Embakasi South,0.00142609820487,2017.0,3.0,2017-03,0.1929144210759967
Nairobi,Embakasi West,0.000793166442342,2017.0,3.0,2017-03,0.2440168663272435
Nairobi,Kamukunji,0.000718135459802,2017.0,3.0,2017-03,0.2991869257026454
Nairobi,Kasarani,0.0110736011415,2017.0,3.0,2017-03,0.2699606341623762
Nairobi,Kibra,0.00100197842996,2017.0,3.0,2017-03,0.3489841159048277
Nairobi,Kilimani,0.00238546350977,2017.0,3.0,2017-03,0.4594750176262243
Nairobi,Langata,0.0170497156745,2017.0,3.0,2017-03,0.3611179972828075
Nairobi,Makadara,0.000974908477702,2017.0,3.0,2017-03,0.2570854987715986
Nairobi,Mathare,0.000235884309461,2017.0,3.0,2017-03,0.2928478286434273
Nairobi,Roysambu,0.00390887981589,2017.0,3.0,2017-03,0.457757770427582
Nairobi,Ruaraka,0.000583416833502,2017.0,3.0,2017-03,0.3405175859963362
Nairobi,Starehe,0.00136813789598,2017.0,3.0,2017-03,0.2767916572692575
Nairobi,Westlands,0.00590790301496,2017.0,3.0,2017-03,0.5777818650854768
Turkana,Loima,0.792863767753,2017.0,3.0,2017-03,0.1933438509988071
Turkana,Turkana Central,0.538281501213,2017.0,3.0,2017-03,0.1170769455543725
Turkana,Turkana East,0.909087463502,2017.0,3.0,2017-03,0.1562631208778421
Turkana,Turkana North,1.66897152383,2017.0,3.0,2017-03,0.1815801742620066
Turkana,Turkana South,0.603285539944,2017.0,3.0,2017-03,0.1530847885437432
Turkana,Turkana West,1.19593592043,2017.0,3.0,2017-03,0.2265359329947068
Kiambu,Gatundu North,0.0190562071078,2017.0,4.0,2017-04,0.5845099033179572
Kiambu,Gatundu South,0.018013492523,2017.0,4.0,2017-04,0.5679348820598296
Kiambu,Githunguri,0.0140557399999,2017.0,4.0,2017-04,0.5674967596071847
Kiambu,Juja,0.0303444523402,2017.0,4.0,2017-04,0.4915692585081775
Kiambu,Kabete,0.00456838148631,2017.0,4.0,2017-04,0.5195516008732033
Kiambu,Kiambaa,0.00720464174127,2017.0,4.0,2017-04,0.5795632271776194
Kiambu,Kiambu,0.00796244668767,2017.0,4.0,2017-04,0.5963721340721043
Kiambu,Kikuyu,0.0141641490709,2017.0,4.0,2017-04,0.4101378111200179
Kiambu,Lari,0.037858207576,2017.0,4.0,2017-04,0.549936515728489
Kiambu,Limuru,0.0231553754199,2017.0,4.0,2017-04,0.4508858965301616
Kiambu,Ruiru,0.0124421280679,2017.0,4.0,2017-04,0.395332582504761
Kiambu,Thika Town,0.0178033031507,2017.0,4.0,2017-04,0.5387624222574096
Machakos,Kangundo,0.013896319438,2017.0,4.0,2017-04,0.5852057128988958
Machakos,Kathiani,0.0167415041685,2017.0,4.0,2017-04,0.5936174251876953
Machakos,Machakos Town,0.0615270519301,2017.0,4.0,2017-04,0.4700923249660105
Machakos,Masinga,0.11427469357,2017.0,4.0,2017-04,0.4598427593150226
Machakos,Matungulu,0.0472449879416,2017.0,4.0,2017-04,0.5404078562077707
Machakos,Mavoko,0.0684719511619,2017.0,4.0,2017-04,0.3343996402717661
Machakos,Mwala,0.0827962943547,2017.0,4.0,2017-04,0.5023013419993669
Machakos,Yatta,0.0862109028544,2017.0,4.0,2017-04,0.4751004563970735
Nairobi,Dagoretti,0.00198642271282,2017.0,4.0,2017-04,0.4662644578553219
Nairobi,Embakasi Central,0.000664901959297,2017.0,4.0,2017-04,0.2097247329425417
Nairobi,Embakasi East,0.00697580217167,2017.0,4.0,2017-04,0.2719181263754339
Nairobi,Embakasi North,0.000441181256097,2017.0,4.0,2017-04,0.2874969461024099
Nairobi,Embakasi South,0.00142609820487,2017.0,4.0,2017-04,0.1930492002164202
Nairobi,Embakasi West,0.000793166442342,2017.0,4.0,2017-04,0.2618356057202756
Nairobi,Kamukunji,0.000718135459802,2017.0,4.0,2017-04,0.3385485740633687
Nairobi,Kasarani,0.0110736011415,2017.0,4.0,2017-04,0.3457679327106877
Nairobi,Kibra,0.00100197842996,2017.0,4.0,2017-04,0.3159746924671736
Nairobi,Kilimani,0.00238546350977,2017.0,4.0,2017-04,0.4105381385877452
Nairobi,Langata,0.0170497156745,2017.0,4.0,2017-04,0.3693760666605558
Nairobi,Makadara,0.000974908477702,2017.0,4.0,2017-04,0.2752891707782583
Nairobi,Mathare,0.000235884309461,2017.0,4.0,2017-04,0.2938526123477533
Nairobi,Roysambu,0.00390887981589,2017.0,4.0,2017-04,0.5028357120804147
Nairobi,Ruaraka,0.000583416833502,2017.0,4.0,2017-04,0.3994011805414207
Nairobi,Starehe,0.00136813789598,2017.0,4.0,2017-04,0.2819963986236407
Nairobi,Westlands,0.00590790301496,2017.0,4.0,2017-04,0.5430164509940469
Turkana,Loima,0.792863767753,2017.0,4.0,2017-04,0.2132136954409706
Turkana,Turkana Central,0.538281501213,2017.0,4.0,2017-04,0.111729230881999
Turkana,Turkana East,0.909087463502,2017.0,4.0,2017-04,0.1778884105384565
Turkana,Turkana North,1.66897152383,2017.0,4.0,2017-04,0.1884958916504518
Turkana,Turkana South,0.603285539944,2017.0,4.0,2017-04,0.1679540452291029
Turkana,Turkana West,1.19593592043,2017.0,4.0,2017-04,0.2352597833326146
Kiambu,Gatundu North,0.0190562071078,2017.0,5.0,2017-05,0.7753865421066172
Kiambu,Gatundu South,0.018013492523,2017.0,5.0,2017-05,0.7458834569723155
Kiambu,Githunguri,0.0140557399999,2017.0,5.0,2017-05,0.7256017389756293
Kiambu,Juja,0.0303444523402,2017.0,5.0,2017-05,0.5622525820636833
Kiambu,Kabete,0.00456838148631,2017.0,5.0,2017-05,0.6476044461481152
Kiambu,Kiambaa,0.00720464174127,2017.0,5.0,2017-05,0.6727764240132672
Kiambu,Kiambu,0.00796244668767,2017.0,5.0,2017-05,0.6784354136954314
Kiambu,Kikuyu,0.0141641490709,2017.0,5.0,2017-05,0.5999127960371038
Kiambu,Lari,0.037858207576,2017.0,5.0,2017-05,0.7796880783362553
Kiambu,Limuru,0.0231553754199,2017.0,5.0,2017-05,0.6145967831936034
Kiambu,Ruiru,0.0124421280679,2017.0,5.0,2017-05,0.4427153185086024
Kiambu,Thika Town,0.0178033031507,2017.0,5.0,2017-05,0.6008055214045619
Machakos,Kangundo,0.013896319438,2017.0,5.0,2017-05,0.7120480970288942
Machakos,Kathiani,0.0167415041685,2017.0,5.0,2017-05,0.6890149629335554
Machakos,Machakos Town,0.0615270519301,2017.0,5.0,2017-05,0.5959610577604669
Machakos,Masinga,0.11427469357,2017.0,5.0,2017-05,0.5353245320664028
Machakos,Matungulu,0.0472449879416,2017.0,5.0,2017-05,0.6298488612286475
Machakos,Mavoko,0.0684719511619,2017.0,5.0,2017-05,0.4333950959530466
Machakos,Mwala,0.0827962943547,2017.0,5.0,2017-05,0.5981082777571256
Machakos,Yatta,0.0862109028544,2017.0,5.0,2017-05,0.5827946392128663
Nairobi,Dagoretti,0.00198642271282,2017.0,5.0,2017-05,0.5667592430489163
Nairobi,Embakasi Central,0.000664901959297,2017.0,5.0,2017-05,0.222984144672241
Nairobi,Embakasi East,0.00697580217167,2017.0,5.0,2017-05,0.3447499230040615
Nairobi,Embakasi North,0.000441181256097,2017.0,5.0,2017-05,0.2801055490732844
Nairobi,Embakasi South,0.00142609820487,2017.0,5.0,2017-05,0.2425684539829637
Nairobi,Embakasi West,0.000793166442342,2017.0,5.0,2017-05,0.2779324785364878
Nairobi,Kamukunji,0.000718135459802,2017.0,5.0,2017-05,0.3509508051862249
Nairobi,Kasarani,0.0110736011415,2017.0,5.0,2017-05,0.3919050107009766
Nairobi,Kibra,0.00100197842996,2017.0,5.0,2017-05,0.4052341623062492
Nairobi,Kilimani,0.00238546350977,2017.0,5.0,2017-05,0.4868262751018178
Nairobi,Langata,0.0170497156745,2017.0,5.0,2017-05,0.5372044011096171
Nairobi,Makadara,0.000974908477702,2017.0,5.0,2017-05,0.3130500101520783
Nairobi,Mathare,0.000235884309461,2017.0,5.0,2017-05,0.3136150650986982
Nairobi,Roysambu,0.00390887981589,2017.0,5.0,2017-05,0.554466055087662
Nairobi,Ruaraka,0.000583416833502,2017.0,5.0,2017-05,0.374004404979985
Nairobi,Starehe,0.00136813789598,2017.0,5.0,2017-05,0.3136732484674994
Nairobi,Westlands,0.00590790301496,2017.0,5.0,2017-05,0.6146725239220836
Turkana,Loima,0.792863767753,2017.0,5.0,2017-05,0.241138066248974
Turkana,Turkana Central,0.538281501213,2017.0,5.0,2017-05,0.1242688835035875
Turkana,Turkana East,0.909087463502,2017.0,5.0,2017-05,0.2255471586067856
Turkana,Turkana North,1.66897152383,2017.0,5.0,2017-05,0.251771212940201
Turkana,Turkana South,0.603285539944,2017.0,5.0,2017-05,0.207334464164724
Turkana,Turkana West,1.19593592043,2017.0,5.0,2017-05,0.2684402277977946
Kiambu,Gatundu North,0.0190562071078,2017.0,6.0,2017-06,0.6131430679369378
Kiambu,Gatundu South,0.018013492523,2017.0,6.0,2017-06,0.6336235871006989
Kiambu,Githunguri,0.0140557399999,2017.0,6.0,2017-06,0.618377337093736
Kiambu,Juja,0.0303444523402,2017.0,6.0,2017-06,0.4530247281600804
Kiambu,Kabete,0.00456838148631,2017.0,6.0,2017-06,0.5647098124951268
Kiambu,Kiambaa,0.00720464174127,2017.0,6.0,2017-06,0.5655358198647924
Kiambu,Kiambu,0.00796244668767,2017.0,6.0,2017-06,0.5742502198921663
Kiambu,Kikuyu,0.0141641490709,2017.0,6.0,2017-06,0.5189569215911914
Kiambu,Lari,0.037858207576,2017.0,6.0,2017-06,0.6831102739658034
Kiambu,Limuru,0.0231553754199,2017.0,6.0,2017-06,0.5415820879769544
Kiambu,Ruiru,0.0124421280679,2017.0,6.0,2017-06,0.3648275611532063
Kiambu,Thika Town,0.0178033031507,2017.0,6.0,2017-06,0.4594887855099036
Machakos,Kangundo,0.013896319438,2017.0,6.0,2017-06,0.6660194112589728
Machakos,Kathiani,0.0167415041685,2017.0,6.0,2017-06,0.6082589002597143
Machakos,Machakos Town,0.0615270519301,2017.0,6.0,2017-06,0.5119513758807508
Machakos,Masinga,0.11427469357,2017.0,6.0,2017-06,0.4240129085313265
Machakos,Matungulu,0.0472449879416,2017.0,6.0,2017-06,0.5187209978159002
Machakos,Mavoko,0.0684719511619,2017.0,6.0,2017-06,0.3454873723762806
Machakos,Mwala,0.0827962943547,2017.0,6.0,2017-06,0.533451788850707
Machakos,Yatta,0.0862109028544,2017.0,6.0,2017-06,0.4939137508876138
Nairobi,Dagoretti,0.00198642271282,2017.0,6.0,2017-06,0.4250791243427341
Nairobi,Embakasi Central,0.000664901959297,2017.0,6.0,2017-06,0.1869513092510489
Nairobi,Embakasi East,0.00697580217167,2017.0,6.0,2017-06,0.2509469038557523
Nairobi,Embakasi North,0.000441181256097,2017.0,6.0,2017-06,0.1928381389399991
Nairobi,Embakasi South,0.00142609820487,2017.0,6.0,2017-06,0.1826840258316917
Nairobi,Embakasi West,0.000793166442342,2017.0,6.0,2017-06,0.1995822876110611
Nairobi,Kamukunji,0.000718135459802,2017.0,6.0,2017-06,0.2274073567869627
Nairobi,Kasarani,0.0110736011415,2017.0,6.0,2017-06,0.3146335412193038
Nairobi,Kibra,0.00100197842996,2017.0,6.0,2017-06,0.3157713337940568
Nairobi,Kilimani,0.00238546350977,2017.0,6.0,2017-06,0.3795915750794217
Nairobi,Langata,0.0170497156745,2017.0,6.0,2017-06,0.360573656863348
Nairobi,Makadara,0.000974908477702,2017.0,6.0,2017-06,0.2164494050882215
Nairobi,Mathare,0.000235884309461,2017.0,6.0,2017-06,0.2301146913061739
Nairobi,Roysambu,0.00390887981589,2017.0,6.0,2017-06,0.42480782255942
Nairobi,Ruaraka,0.000583416833502,2017.0,6.0,2017-06,0.2581675334147502
Nairobi,Starehe,0.00136813789598,2017.0,6.0,2017-06,0.2332999371096459
Nairobi,Westlands,0.00590790301496,2017.0,6.0,2017-06,0.517335627833319
Turkana,Loima,0.792863767753,2017.0,6.0,2017-06,0.235707108077859
Turkana,Turkana Central,0.538281501213,2017.0,6.0,2017-06,0.122130768427698
Turkana,Turkana East,0.909087463502,2017.0,6.0,2017-06,0.2050268739279735
Turkana,Turkana North,1.66897152383,2017.0,6.0,2017-06,0.2231087594761326
Turkana,Turkana South,0.603285539944,2017.0,6.0,2017-06,0.1982796185360173
Turkana,Turkana West,1.19593592043,2017.0,6.0,2017-06,0.2634457378405989
Kiambu,Gatundu North,0.0190562071078,2017.0,7.0,2017-07,0.3713872074314593
Kiambu,Gatundu South,0.018013492523,2017.0,7.0,2017-07,0.370390382731828
Kiambu,Githunguri,0.0140557399999,2017.0,7.0,2017-07,0.374960248296419
Kiambu,Juja,0.0303444523402,2017.0,7.0,2017-07,0.2518978929106179
Kiambu,Kabete,0.00456838148631,2017.0,7.0,2017-07,0.3926336558035982
Kiambu,Kiambaa,0.00720464174127,2017.0,7.0,2017-07,0.3412590535776066
Kiambu,Kiambu,0.00796244668767,2017.0,7.0,2017-07,0.332648875568365
Kiambu,Kikuyu,0.0141641490709,2017.0,7.0,2017-07,0.3255879014778465
Kiambu,Lari,0.037858207576,2017.0,7.0,2017-07,0.4647540128233529
Kiambu,Limuru,0.0231553754199,2017.0,7.0,2017-07,0.3391173040452694
Kiambu,Ruiru,0.0124421280679,2017.0,7.0,2017-07,0.2022812704095746
Kiambu,Thika Town,0.0178033031507,2017.0,7.0,2017-07,0.3246304922076841
Machakos,Kangundo,0.013896319438,2017.0,7.0,2017-07,0.4238925903124841
Machakos,Kathiani,0.0167415041685,2017.0,7.0,2017-07,0.4290100500639238
Machakos,Machakos Town,0.0615270519301,2017.0,7.0,2017-07,0.34963989017387
Machakos,Masinga,0.11427469357,2017.0,7.0,2017-07,0.3042756513616914
Machakos,Matungulu,0.0472449879416,2017.0,7.0,2017-07,0.3793729885829804
Machakos,Mavoko,0.0684719511619,2017.0,7.0,2017-07,0.2282696319462354
Machakos,Mwala,0.0827962943547,2017.0,7.0,2017-07,0.3832493503460709
Machakos,Yatta,0.0862109028544,2017.0,7.0,2017-07,0.3618503698554233
Nairobi,Dagoretti,0.00198642271282,2017.0,7.0,2017-07,0.2783053432719887
Nairobi,Embakasi Central,0.000664901959297,2017.0,7.0,2017-07,0.1079364269348648
Nairobi,Embakasi East,0.00697580217167,2017.0,7.0,2017-07,0.1415601790616424
Nairobi,Embakasi North,0.000441181256097,2017.0,7.0,2017-07,0.1357108625409504
Nairobi,Embakasi South,0.00142609820487,2017.0,7.0,2017-07,0.1121127916816957
Nairobi,Embakasi West,0.000793166442342,2017.0,7.0,2017-07,0.1291407345013476
Nairobi,Kamukunji,0.000718135459802,2017.0,7.0,2017-07,0.1513519682329946
Nairobi,Kasarani,0.0110736011415,2017.0,7.0,2017-07,0.1771515172519749
Nairobi,Kibra,0.00100197842996,2017.0,7.0,2017-07,0.2085052176917761
Nairobi,Kilimani,0.00238546350977,2017.0,7.0,2017-07,0.2664970972718753
Nairobi,Langata,0.0170497156745,2017.0,7.0,2017-07,0.2476999075319143
Nairobi,Makadara,0.000974908477702,2017.0,7.0,2017-07,0.1338679021745751
Nairobi,Mathare,0.000235884309461,2017.0,7.0,2017-07,0.1485312977740445
Nairobi,Roysambu,0.00390887981589,2017.0,7.0,2017-07,0.2556784245050006
Nairobi,Ruaraka,0.000583416833502,2017.0,7.0,2017-07,0.1691271863762806
Nairobi,Starehe,0.00136813789598,2017.0,7.0,2017-07,0.1564655411461946
Nairobi,Westlands,0.00590790301496,2017.0,7.0,2017-07,0.3115917760933179
Turkana,Loima,0.792863767753,2017.0,7.0,2017-07,0.2593535979769027
Turkana,Turkana Central,0.538281501213,2017.0,7.0,2017-07,0.1321907033001386
Turkana,Turkana East,0.909087463502,2017.0,7.0,2017-07,0.2475594883629117
Turkana,Turkana North,1.66897152383,2017.0,7.0,2017-07,0.2350445493034582
Turkana,Turkana South,0.603285539944,2017.0,7.0,2017-07,0.2029075276754666
Turkana,Turkana West,1.19593592043,2017.0,7.0,2017-07,0.3168753269743687
Kiambu,Gatundu North,0.0190562071078,2017.0,8.0,2017-08,0.5969635035147673
Kiambu,Gatundu South,0.018013492523,2017.0,8.0,2017-08,0.58001954862987
Kiambu,Githunguri,0.0140557399999,2017.0,8.0,2017-08,0.5455886049352494
Kiambu,Juja,0.0303444523402,2017.0,8.0,2017-08,0.3970869605816641
Kiambu,Kabete,0.00456838148631,2017.0,8.0,2017-08,0.5314894914542132
Kiambu,Kiambaa,0.00720464174127,2017.0,8.0,2017-08,0.5637114802488858
Kiambu,Kiambu,0.00796244668767,2017.0,8.0,2017-08,0.6022291671428938
Kiambu,Kikuyu,0.0141641490709,2017.0,8.0,2017-08,0.3847342517617687
Kiambu,Lari,0.037858207576,2017.0,8.0,2017-08,0.5966056152983612
Kiambu,Limuru,0.0231553754199,2017.0,8.0,2017-08,0.4284135742549562
Kiambu,Ruiru,0.0124421280679,2017.0,8.0,2017-08,0.2892489932336398
Kiambu,Thika Town,0.0178033031507,2017.0,8.0,2017-08,0.4182062447981772
Machakos,Kangundo,0.013896319438,2017.0,8.0,2017-08,0.3344338690851536
Machakos,Kathiani,0.0167415041685,2017.0,8.0,2017-08,0.3359829894909478
Machakos,Machakos Town,0.0615270519301,2017.0,8.0,2017-08,0.303222872412076
Machakos,Masinga,0.11427469357,2017.0,8.0,2017-08,0.2830336823498437
Machakos,Matungulu,0.0472449879416,2017.0,8.0,2017-08,0.3099724972756318
Machakos,Mavoko,0.0684719511619,2017.0,8.0,2017-08,0.2383490237144754
Machakos,Mwala,0.0827962943547,2017.0,8.0,2017-08,0.2951006535241161
Machakos,Yatta,0.0862109028544,2017.0,8.0,2017-08,0.3005429870864353
Nairobi,Dagoretti,0.00198642271282,2017.0,8.0,2017-08,0.417467633644041
Nairobi,Embakasi Central,0.000664901959297,2017.0,8.0,2017-08,0.1816917368405392
Nairobi,Embakasi East,0.00697580217167,2017.0,8.0,2017-08,0.235940008677995
Nairobi,Embakasi North,0.000441181256097,2017.0,8.0,2017-08,0.2328657406991875
Nairobi,Embakasi South,0.00142609820487,2017.0,8.0,2017-08,0.189113885574762
Nairobi,Embakasi West,0.000793166442342,2017.0,8.0,2017-08,0.2282044624138963
Nairobi,Kamukunji,0.000718135459802,2017.0,8.0,2017-08,0.2832570622402069
Nairobi,Kasarani,0.0110736011415,2017.0,8.0,2017-08,0.2662957377421121
Nairobi,Kibra,0.00100197842996,2017.0,8.0,2017-08,0.3020373511699083
Nairobi,Kilimani,0.00238546350977,2017.0,8.0,2017-08,0.3641494620891018
Nairobi,Langata,0.0170497156745,2017.0,8.0,2017-08,0.3322362210950215
Nairobi,Makadara,0.000974908477702,2017.0,8.0,2017-08,0.2424908976467482
Nairobi,Mathare,0.000235884309461,2017.0,8.0,2017-08,0.2623242209155818
Nairobi,Roysambu,0.00390887981589,2017.0,8.0,2017-08,0.4382319654209007
Nairobi,Ruaraka,0.000583416833502,2017.0,8.0,2017-08,0.2921133879503358
Nairobi,Starehe,0.00136813789598,2017.0,8.0,2017-08,0.2617910941475825
Nairobi,Westlands,0.00590790301496,2017.0,8.0,2017-08,0.5149747288049339
Turkana,Loima,0.792863767753,2017.0,8.0,2017-08,0.2663586422859523
Turkana,Turkana Central,0.538281501213,2017.0,8.0,2017-08,0.1295911980386138
Turkana,Turkana East,0.909087463502,2017.0,8.0,2017-08,0.2631819776818774
Turkana,Turkana North,1.66897152383,2017.0,8.0,2017-08,0.232562724079752
Turkana,Turkana South,0.603285539944,2017.0,8.0,2017-08,0.2087370752634599
Turkana,Turkana West,1.19593592043,2017.0,8.0,2017-08,0.3449002196742494
Kiambu,Gatundu North,0.0190562071078,2017.0,9.0,2017-09,0.7124288273176071
Kiambu,Gatundu South,0.018013492523,2017.0,9.0,2017-09,0.6815600489065743
Kiambu,Githunguri,0.0140557399999,2017.0,9.0,2017-09,0.6376937388292648
Kiambu,Juja,0.0303444523402,2017.0,9.0,2017-09,0.3588074267819925
Kiambu,Kabete,0.00456838148631,2017.0,9.0,2017-09,0.5420046334797342
Kiambu,Kiambaa,0.00720464174127,2017.0,9.0,2017-09,0.5779963591006695
Kiambu,Kiambu,0.00796244668767,2017.0,9.0,2017-09,0.5061142560936235
Kiambu,Kikuyu,0.0141641490709,2017.0,9.0,2017-09,0.403807283511302
Kiambu,Lari,0.037858207576,2017.0,9.0,2017-09,0.7126780929507616
Kiambu,Limuru,0.0231553754199,2017.0,9.0,2017-09,0.4715920973567454
Kiambu,Ruiru,0.0124421280679,2017.0,9.0,2017-09,0.3214150938641704
Kiambu,Thika Town,0.0178033031507,2017.0,9.0,2017-09,0.3912936841959053
Machakos,Kangundo,0.013896319438,2017.0,9.0,2017-09,0.4454513726045614
Machakos,Kathiani,0.0167415041685,2017.0,9.0,2017-09,0.4035866694906647
Machakos,Machakos Town,0.0615270519301,2017.0,9.0,2017-09,0.3167199655977568
Machakos,Masinga,0.11427469357,2017.0,9.0,2017-09,0.2858129429440147
Machakos,Matungulu,0.0472449879416,2017.0,9.0,2017-09,0.3454185872679155
Machakos,Mavoko,0.0684719511619,2017.0,9.0,2017-09,0.2495681223731751
Machakos,Mwala,0.0827962943547,2017.0,9.0,2017-09,0.2992157574553662
Machakos,Yatta,0.0862109028544,2017.0,9.0,2017-09,0.2852399519340521
Nairobi,Dagoretti,0.00198642271282,2017.0,9.0,2017-09,0.4035128087157428
Nairobi,Embakasi Central,0.000664901959297,2017.0,9.0,2017-09,0.1801918707412146
Nairobi,Embakasi East,0.00697580217167,2017.0,9.0,2017-09,0.2295155992637885
Nairobi,Embakasi North,0.000441181256097,2017.0,9.0,2017-09,0.2300214333797064
Nairobi,Embakasi South,0.00142609820487,2017.0,9.0,2017-09,0.1835516238450651
Nairobi,Embakasi West,0.000793166442342,2017.0,9.0,2017-09,0.2299223894379554
Nairobi,Kamukunji,0.000718135459802,2017.0,9.0,2017-09,0.261773708261073
Nairobi,Kasarani,0.0110736011415,2017.0,9.0,2017-09,0.2905411785723218
Nairobi,Kibra,0.00100197842996,2017.0,9.0,2017-09,0.3025589100602234
Nairobi,Kilimani,0.00238546350977,2017.0,9.0,2017-09,0.3869615499464993
Nairobi,Langata,0.0170497156745,2017.0,9.0,2017-09,0.3510937046288576
Nairobi,Makadara,0.000974908477702,2017.0,9.0,2017-09,0.2363983716066678
Nairobi,Mathare,0.000235884309461,2017.0,9.0,2017-09,0.2366394498110038
Nairobi,Roysambu,0.00390887981589,2017.0,9.0,2017-09,0.3934956905190913
Nairobi,Ruaraka,0.000583416833502,2017.0,9.0,2017-09,0.2710676996404099
Nairobi,Starehe,0.00136813789598,2017.0,9.0,2017-09,0.2446597364388156
Nairobi,Westlands,0.00590790301496,2017.0,9.0,2017-09,0.503547252392208
Turkana,Loima,0.792863767753,2017.0,9.0,2017-09,0.2594021831893909
Turkana,Turkana Central,0.538281501213,2017.0,9.0,2017-09,0.1325667484105121
Turkana,Turkana East,0.909087463502,2017.0,9.0,2017-09,0.2624074716716344
Turkana,Turkana North,1.66897152383,2017.0,9.0,2017-09,0.2777326540948288
Turkana,Turkana South,0.603285539944,2017.0,9.0,2017-09,0.2273134730837822
Turkana,Turkana West,1.19593592043,2017.0,9.0,2017-09,0.3563539796595336
Kiambu,Gatundu North,0.0190562071078,2017.0,10.0,2017-10,0.6986690260379264
Kiambu,Gatundu South,0.018013492523,2017.0,10.0,2017-10,0.6645331245964717
Kiambu,Githunguri,0.0140557399999,2017.0,10.0,2017-10,0.6574374196762548
Kiambu,Juja,0.0303444523402,2017.0,10.0,2017-10,0.3903949845608088
Kiambu,Kabete,0.00456838148631,2017.0,10.0,2017-10,0.5411854466072401
Kiambu,Kiambaa,0.00720464174127,2017.0,10.0,2017-10,0.5990866772657627
Kiambu,Kiambu,0.00796244668767,2017.0,10.0,2017-10,0.5060169023778173
Kiambu,Kikuyu,0.0141641490709,2017.0,10.0,2017-10,0.4622105601347416
Kiambu,Lari,0.037858207576,2017.0,10.0,2017-10,0.6841322542704443
Kiambu,Limuru,0.0231553754199,2017.0,10.0,2017-10,0.5077097597646324
Kiambu,Ruiru,0.0124421280679,2017.0,10.0,2017-10,0.3958733957716606
Kiambu,Thika Town,0.0178033031507,2017.0,10.0,2017-10,0.4051642126843903
Machakos,Kangundo,0.013896319438,2017.0,10.0,2017-10,0.4868524467889771
Machakos,Kathiani,0.0167415041685,2017.0,10.0,2017-10,0.4459081878206535
Machakos,Machakos Town,0.0615270519301,2017.0,10.0,2017-10,0.3549002601466679
Machakos,Masinga,0.11427469357,2017.0,10.0,2017-10,0.3458541937954335
Machakos,Matungulu,0.0472449879416,2017.0,10.0,2017-10,0.4030481778444265
Machakos,Mavoko,0.0684719511619,2017.0,10.0,2017-10,0.3297505977656256
Machakos,Mwala,0.0827962943547,2017.0,10.0,2017-10,0.3481684095250566
Machakos,Yatta,0.0862109028544,2017.0,10.0,2017-10,0.3569437043129724
Nairobi,Dagoretti,0.00198642271282,2017.0,10.0,2017-10,0.4813704738288726
Nairobi,Embakasi Central,0.000664901959297,2017.0,10.0,2017-10,0.2327052012973488
Nairobi,Embakasi East,0.00697580217167,2017.0,10.0,2017-10,0.3197509715951624
Nairobi,Embakasi North,0.000441181256097,2017.0,10.0,2017-10,0.2907333482924199
Nairobi,Embakasi South,0.00142609820487,2017.0,10.0,2017-10,0.2243501040481672
Nairobi,Embakasi West,0.000793166442342,2017.0,10.0,2017-10,0.2995681241888789
Nairobi,Kamukunji,0.000718135459802,2017.0,10.0,2017-10,0.3744579348693808
Nairobi,Kasarani,0.0110736011415,2017.0,10.0,2017-10,0.3542585077925516
Nairobi,Kibra,0.00100197842996,2017.0,10.0,2017-10,0.3747793859216112
Nairobi,Kilimani,0.00238546350977,2017.0,10.0,2017-10,0.4330911711278298
Nairobi,Langata,0.0170497156745,2017.0,10.0,2017-10,0.4626851635710543
Nairobi,Makadara,0.000974908477702,2017.0,10.0,2017-10,0.2881774319303161
Nairobi,Mathare,0.000235884309461,2017.0,10.0,2017-10,0.3154509197816043
Nairobi,Roysambu,0.00390887981589,2017.0,10.0,2017-10,0.4352169777705797
Nairobi,Ruaraka,0.000583416833502,2017.0,10.0,2017-10,0.373730948503969
Nairobi,Starehe,0.00136813789598,2017.0,10.0,2017-10,0.2892584027295856
Nairobi,Westlands,0.00590790301496,2017.0,10.0,2017-10,0.5355026754565118
Turkana,Loima,0.792863767753,2017.0,10.0,2017-10,0.290301585706051
Turkana,Turkana Central,0.538281501213,2017.0,10.0,2017-10,0.1315197069006577
Turkana,Turkana East,0.909087463502,2017.0,10.0,2017-10,0.29664124708776
Turkana,Turkana North,1.66897152383,2017.0,10.0,2017-10,0.3375131346800593
Turkana,Turkana South,0.603285539944,2017.0,10.0,2017-10,0.2569480670007688
Turkana,Turkana West,1.19593592043,2017.0,10.0,2017-10,0.3968085425690345
Kiambu,Gatundu North,0.0190562071078,2017.0,11.0,2017-11,0.7658405260109369
Kiambu,Gatundu South,0.018013492523,2017.0,11.0,2017-11,0.7549752935602325
Kiambu,Githunguri,0.0140557399999,2017.0,11.0,2017-11,0.7286078948072099
Kiambu,Juja,0.0303444523402,2017.0,11.0,2017-11,0.5547611314055355
Kiambu,Kabete,0.00456838148631,2017.0,11.0,2017-11,0.5929979558113957
Kiambu,Kiambaa,0.00720464174127,2017.0,11.0,2017-11,0.6210257520964799
Kiambu,Kiambu,0.00796244668767,2017.0,11.0,2017-11,0.5828426349790055
Kiambu,Kikuyu,0.0141641490709,2017.0,11.0,2017-11,0.5125943458623942
Kiambu,Lari,0.037858207576,2017.0,11.0,2017-11,0.7470621954571192
Kiambu,Limuru,0.0231553754199,2017.0,11.0,2017-11,0.605602219926157
Kiambu,Ruiru,0.0124421280679,2017.0,11.0,2017-11,0.5037176675771158
Kiambu,Thika Town,0.0178033031507,2017.0,11.0,2017-11,0.5508729484679277
Machakos,Kangundo,0.013896319438,2017.0,11.0,2017-11,0.5510230484546635
Machakos,Kathiani,0.0167415041685,2017.0,11.0,2017-11,0.5211121378725252
Machakos,Machakos Town,0.0615270519301,2017.0,11.0,2017-11,0.4933539000139202
Machakos,Masinga,0.11427469357,2017.0,11.0,2017-11,0.4728042230774611
Machakos,Matungulu,0.0472449879416,2017.0,11.0,2017-11,0.546753690341774
Machakos,Mavoko,0.0684719511619,2017.0,11.0,2017-11,0.433910948882337
Machakos,Mwala,0.0827962943547,2017.0,11.0,2017-11,0.4759076876491337
Machakos,Yatta,0.0862109028544,2017.0,11.0,2017-11,0.4494090185484076
Nairobi,Dagoretti,0.00198642271282,2017.0,11.0,2017-11,0.4749324973111853
Nairobi,Embakasi Central,0.000664901959297,2017.0,11.0,2017-11,0.2277513062754783
Nairobi,Embakasi East,0.00697580217167,2017.0,11.0,2017-11,0.3640597626029445
Nairobi,Embakasi North,0.000441181256097,2017.0,11.0,2017-11,0.319528990710407
Nairobi,Embakasi South,0.00142609820487,2017.0,11.0,2017-11,0.2437958616575566
Nairobi,Embakasi West,0.000793166442342,2017.0,11.0,2017-11,0.2566603261954677
Nairobi,Kamukunji,0.000718135459802,2017.0,11.0,2017-11,0.3465041484295426
Nairobi,Kasarani,0.0110736011415,2017.0,11.0,2017-11,0.4418933570874767
Nairobi,Kibra,0.00100197842996,2017.0,11.0,2017-11,0.3401133566985885
Nairobi,Kilimani,0.00238546350977,2017.0,11.0,2017-11,0.4243602443616818
Nairobi,Langata,0.0170497156745,2017.0,11.0,2017-11,0.4677265373544388
Nairobi,Makadara,0.000974908477702,2017.0,11.0,2017-11,0.275984015552984
Nairobi,Mathare,0.000235884309461,2017.0,11.0,2017-11,0.2797489668206637
Nairobi,Roysambu,0.00390887981589,2017.0,11.0,2017-11,0.4714848470968123
Nairobi,Ruaraka,0.000583416833502,2017.0,11.0,2017-11,0.3288365289368344
Nairobi,Starehe,0.00136813789598,2017.0,11.0,2017-11,0.2805274469407818
Nairobi,Westlands,0.00590790301496,2017.0,11.0,2017-11,0.5164616027963227
Turkana,Loima,0.792863767753,2017.0,11.0,2017-11,0.3227105657054562
Turkana,Turkana Central,0.538281501213,2017.0,11.0,2017-11,0.1650882579723073
Turkana,Turkana East,0.909087463502,2017.0,11.0,2017-11,0.3412507817260797
Turkana,Turkana North,1.66897152383,2017.0,11.0,2017-11,0.3631504888343413
Turkana,Turkana South,0.603285539944,2017.0,11.0,2017-11,0.2831818227114459
Turkana,Turkana West,1.19593592043,2017.0,11.0,2017-11,0.4065641673650327
Kiambu,Gatundu North,0.0190562071078,2017.0,12.0,2017-12,0.764054284777094
Kiambu,Gatundu South,0.018013492523,2017.0,12.0,2017-12,0.7479485899006935
Kiambu,Githunguri,0.0140557399999,2017.0,12.0,2017-12,0.7249858460626935
Kiambu,Juja,0.0303444523402,2017.0,12.0,2017-12,0.5571394903339631
Kiambu,Kabete,0.00456838148631,2017.0,12.0,2017-12,0.6650680277987129
Kiambu,Kiambaa,0.00720464174127,2017.0,12.0,2017-12,0.6973084927316561
Kiambu,Kiambu,0.00796244668767,2017.0,12.0,2017-12,0.6689891560861678
Kiambu,Kikuyu,0.0141641490709,2017.0,12.0,2017-12,0.5582727923781011
Kiambu,Lari,0.037858207576,2017.0,12.0,2017-12,0.7535760533468622
Kiambu,Limuru,0.0231553754199,2017.0,12.0,2017-12,0.596148154197585
Kiambu,Ruiru,0.0124421280679,2017.0,12.0,2017-12,0.5136071316260573
Kiambu,Thika Town,0.0178033031507,2017.0,12.0,2017-12,0.5841331589854701
Machakos,Kangundo,0.013896319438,2017.0,12.0,2017-12,0.6404394992121358
Machakos,Kathiani,0.0167415041685,2017.0,12.0,2017-12,0.6001456431270522
Machakos,Machakos Town,0.0615270519301,2017.0,12.0,2017-12,0.5184658836869203
Machakos,Masinga,0.11427469357,2017.0,12.0,2017-12,0.4796761935263136
Machakos,Matungulu,0.0472449879416,2017.0,12.0,2017-12,0.5661880392794679
Machakos,Mavoko,0.0684719511619,2017.0,12.0,2017-12,0.3646064983052834
Machakos,Mwala,0.0827962943547,2017.0,12.0,2017-12,0.5403821469099195
Machakos,Yatta,0.0862109028544,2017.0,12.0,2017-12,0.5362235550217417
Nairobi,Dagoretti,0.00198642271282,2017.0,12.0,2017-12,0.5664914928895795
Nairobi,Embakasi Central,0.000664901959297,2017.0,12.0,2017-12,0.2201974172047489
Nairobi,Embakasi East,0.00697580217167,2017.0,12.0,2017-12,0.3794742901626698
Nairobi,Embakasi North,0.000441181256097,2017.0,12.0,2017-12,0.2989081115648699
Nairobi,Embakasi South,0.00142609820487,2017.0,12.0,2017-12,0.2427455897450124
Nairobi,Embakasi West,0.000793166442342,2017.0,12.0,2017-12,0.2810504255266046
Nairobi,Kamukunji,0.000718135459802,2017.0,12.0,2017-12,0.3720911071654687
Nairobi,Kasarani,0.0110736011415,2017.0,12.0,2017-12,0.460480244193068
Nairobi,Kibra,0.00100197842996,2017.0,12.0,2017-12,0.4231361003060523
Nairobi,Kilimani,0.00238546350977,2017.0,12.0,2017-12,0.4989349364211714
Nairobi,Langata,0.0170497156745,2017.0,12.0,2017-12,0.5085871472261317
Nairobi,Makadara,0.000974908477702,2017.0,12.0,2017-12,0.3162092333150597
Nairobi,Mathare,0.000235884309461,2017.0,12.0,2017-12,0.3321081436371274
Nairobi,Roysambu,0.00390887981589,2017.0,12.0,2017-12,0.5510697961796979
Nairobi,Ruaraka,0.000583416833502,2017.0,12.0,2017-12,0.4025200267996475
Nairobi,Starehe,0.00136813789598,2017.0,12.0,2017-12,0.3029323408223454
Nairobi,Westlands,0.00590790301496,2017.0,12.0,2017-12,0.6291649497117296
Turkana,Loima,0.792863767753,2017.0,12.0,2017-12,0.2545164246569038
Turkana,Turkana Central,0.538281501213,2017.0,12.0,2017-12,0.1491448941901008
Turkana,Turkana East,0.909087463502,2017.0,12.0,2017-12,0.2482378820027845
Turkana,Turkana North,1.66897152383,2017.0,12.0,2017-12,0.2554236280175282
Turkana,Turkana South,0.603285539944,2017.0,12.0,2017-12,0.2254176564926852
Turkana,Turkana West,1.19593592043,2017.0,12.0,2017-12,0.2821732044202643
Kiambu,Gatundu North,0.0190562071078,2018.0,1.0,2018-01,0.7360290234013315
Kiambu,Gatundu South,0.018013492523,2018.0,1.0,2018-01,0.7216087685403576
Kiambu,Githunguri,0.0140557399999,2018.0,1.0,2018-01,0.6908520651259137
Kiambu,Juja,0.0303444523402,2018.0,1.0,2018-01,0.4440308966007696
Kiambu,Kabete,0.00456838148631,2018.0,1.0,2018-01,0.6172274602163944
Kiambu,Kiambaa,0.00720464174127,2018.0,1.0,2018-01,0.6452680000659003
Kiambu,Kiambu,0.00796244668767,2018.0,1.0,2018-01,0.5994745738812837
Kiambu,Kikuyu,0.0141641490709,2018.0,1.0,2018-01,0.5103892264699565
Kiambu,Lari,0.037858207576,2018.0,1.0,2018-01,0.7393044659409412
Kiambu,Limuru,0.0231553754199,2018.0,1.0,2018-01,0.5724949450368275
Kiambu,Ruiru,0.0124421280679,2018.0,1.0,2018-01,0.3538993158122336
Kiambu,Thika Town,0.0178033031507,2018.0,1.0,2018-01,0.4662158504875413
Machakos,Kangundo,0.013896319438,2018.0,1.0,2018-01,0.5491979324102928
Machakos,Kathiani,0.0167415041685,2018.0,1.0,2018-01,0.5055544480325369
Machakos,Machakos Town,0.0615270519301,2018.0,1.0,2018-01,0.4243048022489896
Machakos,Masinga,0.11427469357,2018.0,1.0,2018-01,0.3540874496557817
Machakos,Matungulu,0.0472449879416,2018.0,1.0,2018-01,0.4356534915664941
Machakos,Mavoko,0.0684719511619,2018.0,1.0,2018-01,0.2808836010146628
Machakos,Mwala,0.0827962943547,2018.0,1.0,2018-01,0.4161663563787849
Machakos,Yatta,0.0862109028544,2018.0,1.0,2018-01,0.3844869925859144
Nairobi,Dagoretti,0.00198642271282,2018.0,1.0,2018-01,0.5055689651051627
Nairobi,Embakasi Central,0.000664901959297,2018.0,1.0,2018-01,0.1862318296783408
Nairobi,Embakasi East,0.00697580217167,2018.0,1.0,2018-01,0.2689338423384084
Nairobi,Embakasi North,0.000441181256097,2018.0,1.0,2018-01,0.2496163555176589
Nairobi,Embakasi South,0.00142609820487,2018.0,1.0,2018-01,0.205161928775561
Nairobi,Embakasi West,0.000793166442342,2018.0,1.0,2018-01,0.2329721286313267
Nairobi,Kamukunji,0.000718135459802,2018.0,1.0,2018-01,0.2945963167891649
Nairobi,Kasarani,0.0110736011415,2018.0,1.0,2018-01,0.3194031092678674
Nairobi,Kibra,0.00100197842996,2018.0,1.0,2018-01,0.3850374331128446
Nairobi,Kilimani,0.00238546350977,2018.0,1.0,2018-01,0.4755514291757564
Nairobi,Langata,0.0170497156745,2018.0,1.0,2018-01,0.4147614271758709
Nairobi,Makadara,0.000974908477702,2018.0,1.0,2018-01,0.2653337678422774
Nairobi,Mathare,0.000235884309461,2018.0,1.0,2018-01,0.2838671776564469
Nairobi,Roysambu,0.00390887981589,2018.0,1.0,2018-01,0.4685026511317162
Nairobi,Ruaraka,0.000583416833502,2018.0,1.0,2018-01,0.3430037197231836
Nairobi,Starehe,0.00136813789598,2018.0,1.0,2018-01,0.2695962995894052
Nairobi,Westlands,0.00590790301496,2018.0,1.0,2018-01,0.5953719301388114
Turkana,Loima,0.792863767753,2018.0,1.0,2018-01,0.2107188111763551
Turkana,Turkana Central,0.538281501213,2018.0,1.0,2018-01,0.1282497904361847
Turkana,Turkana East,0.909087463502,2018.0,1.0,2018-01,0.1764756418992
Turkana,Turkana North,1.66897152383,2018.0,1.0,2018-01,0.1968524766854737
Turkana,Turkana South,0.603285539944,2018.0,1.0,2018-01,0.1783839752659584
Turkana,Turkana West,1.19593592043,2018.0,1.0,2018-01,0.23597557001917
Kiambu,Gatundu North,0.0190562071078,2018.0,2.0,2018-02,0.6959994486507693
Kiambu,Gatundu South,0.018013492523,2018.0,2.0,2018-02,0.6652714606419562
Kiambu,Githunguri,0.0140557399999,2018.0,2.0,2018-02,0.6240377196500804
Kiambu,Juja,0.0303444523402,2018.0,2.0,2018-02,0.3829163396309063
Kiambu,Kabete,0.00456838148631,2018.0,2.0,2018-02,0.5287319167597915
Kiambu,Kiambaa,0.00720464174127,2018.0,2.0,2018-02,0.583050982887677
Kiambu,Kiambu,0.00796244668767,2018.0,2.0,2018-02,0.5089843917559083
Kiambu,Kikuyu,0.0141641490709,2018.0,2.0,2018-02,0.4168956715527863
Kiambu,Lari,0.037858207576,2018.0,2.0,2018-02,0.7018279697698673
Kiambu,Limuru,0.0231553754199,2018.0,2.0,2018-02,0.4994303531430856
Kiambu,Ruiru,0.0124421280679,2018.0,2.0,2018-02,0.2899522353949322
Kiambu,Thika Town,0.0178033031507,2018.0,2.0,2018-02,0.4009949648581822
Machakos,Kangundo,0.013896319438,2018.0,2.0,2018-02,0.4686852954950165
Machakos,Kathiani,0.0167415041685,2018.0,2.0,2018-02,0.4231110001205226
Machakos,Machakos Town,0.0615270519301,2018.0,2.0,2018-02,0.3583377978610232
Machakos,Masinga,0.11427469357,2018.0,2.0,2018-02,0.302645737501695
Machakos,Matungulu,0.0472449879416,2018.0,2.0,2018-02,0.3704378961219144
Machakos,Mavoko,0.0684719511619,2018.0,2.0,2018-02,0.2481786118635632
Machakos,Mwala,0.0827962943547,2018.0,2.0,2018-02,0.3422542846556154
Machakos,Yatta,0.0862109028544,2018.0,2.0,2018-02,0.3188006523432431
Nairobi,Dagoretti,0.00198642271282,2018.0,2.0,2018-02,0.4189911587794776
Nairobi,Embakasi Central,0.000664901959297,2018.0,2.0,2018-02,0.1715268054274407
Nairobi,Embakasi East,0.00697580217167,2018.0,2.0,2018-02,0.2306942762098145
Nairobi,Embakasi North,0.000441181256097,2018.0,2.0,2018-02,0.2206576762554412
Nairobi,Embakasi South,0.00142609820487,2018.0,2.0,2018-02,0.1715378443994339
Nairobi,Embakasi West,0.000793166442342,2018.0,2.0,2018-02,0.2074997591594288
Nairobi,Kamukunji,0.000718135459802,2018.0,2.0,2018-02,0.2483089010928509
Nairobi,Kasarani,0.0110736011415,2018.0,2.0,2018-02,0.2668961575633932
Nairobi,Kibra,0.00100197842996,2018.0,2.0,2018-02,0.3339536884193903
Nairobi,Kilimani,0.00238546350977,2018.0,2.0,2018-02,0.4270181135377698
Nairobi,Langata,0.0170497156745,2018.0,2.0,2018-02,0.3608833879401655
Nairobi,Makadara,0.000974908477702,2018.0,2.0,2018-02,0.2235859749040628
Nairobi,Mathare,0.000235884309461,2018.0,2.0,2018-02,0.2533322049559011
Nairobi,Roysambu,0.00390887981589,2018.0,2.0,2018-02,0.3942885147993682
Nairobi,Ruaraka,0.000583416833502,2018.0,2.0,2018-02,0.2929595800257821
Nairobi,Starehe,0.00136813789598,2018.0,2.0,2018-02,0.236394304447143
Nairobi,Westlands,0.00590790301496,2018.0,2.0,2018-02,0.5374768879863928
Turkana,Loima,0.792863767753,2018.0,2.0,2018-02,0.1955995555636494
Turkana,Turkana Central,0.538281501213,2018.0,2.0,2018-02,0.1241273801958623
Turkana,Turkana East,0.909087463502,2018.0,2.0,2018-02,0.1698862817075391
Turkana,Turkana North,1.66897152383,2018.0,2.0,2018-02,0.1854119430110846
Turkana,Turkana South,0.603285539944,2018.0,2.0,2018-02,0.1695314701286201
Turkana,Turkana West,1.19593592043,2018.0,2.0,2018-02,0.2202448078568914
Kiambu,Gatundu North,0.0190562071078,2018.0,3.0,2018-03,0.6816999030999702
Kiambu,Gatundu South,0.018013492523,2018.0,3.0,2018-03,0.6851370021499559
Kiambu,Githunguri,0.0140557399999,2018.0,3.0,2018-03,0.6849382215767242
Kiambu,Juja,0.0303444523402,2018.0,3.0,2018-03,0.5054854666924806
Kiambu,Kabete,0.00456838148631,2018.0,3.0,2018-03,0.5952366602562431
Kiambu,Kiambaa,0.00720464174127,2018.0,3.0,2018-03,0.6469381233833635
Kiambu,Kiambu,0.00796244668767,2018.0,3.0,2018-03,0.6290613649464557
Kiambu,Kikuyu,0.0141641490709,2018.0,3.0,2018-03,0.5485914044846538
Kiambu,Lari,0.037858207576,2018.0,3.0,2018-03,0.669154025076129
Kiambu,Limuru,0.0231553754199,2018.0,3.0,2018-03,0.558084065720031
Kiambu,Ruiru,0.0124421280679,2018.0,3.0,2018-03,0.4622144296288998
Kiambu,Thika Town,0.0178033031507,2018.0,3.0,2018-03,0.5279870743673077
Machakos,Kangundo,0.013896319438,2018.0,3.0,2018-03,0.5749820993462229
Machakos,Kathiani,0.0167415041685,2018.0,3.0,2018-03,0.5219096135849647
Machakos,Machakos Town,0.0615270519301,2018.0,3.0,2018-03,0.4486471976687103
Machakos,Masinga,0.11427469357,2018.0,3.0,2018-03,0.4543370297615465
Machakos,Matungulu,0.0472449879416,2018.0,3.0,2018-03,0.5205788543376596
Machakos,Mavoko,0.0684719511619,2018.0,3.0,2018-03,0.4180437938105085
Machakos,Mwala,0.0827962943547,2018.0,3.0,2018-03,0.5044563524345393
Machakos,Yatta,0.0862109028544,2018.0,3.0,2018-03,0.4794506749881553
Nairobi,Dagoretti,0.00198642271282,2018.0,3.0,2018-03,0.4963217530074884
Nairobi,Embakasi Central,0.000664901959297,2018.0,3.0,2018-03,0.2225009343291578
Nairobi,Embakasi East,0.00697580217167,2018.0,3.0,2018-03,0.3415022328822293
Nairobi,Embakasi North,0.000441181256097,2018.0,3.0,2018-03,0.3084349481667636
Nairobi,Embakasi South,0.00142609820487,2018.0,3.0,2018-03,0.2304656675730416
Nairobi,Embakasi West,0.000793166442342,2018.0,3.0,2018-03,0.2699618860437257
Nairobi,Kamukunji,0.000718135459802,2018.0,3.0,2018-03,0.3833128210422
Nairobi,Kasarani,0.0110736011415,2018.0,3.0,2018-03,0.4032441605539495
Nairobi,Kibra,0.00100197842996,2018.0,3.0,2018-03,0.4030659166748942
Nairobi,Kilimani,0.00238546350977,2018.0,3.0,2018-03,0.4712678099519735
Nairobi,Langata,0.0170497156745,2018.0,3.0,2018-03,0.5138864734389196
Nairobi,Makadara,0.000974908477702,2018.0,3.0,2018-03,0.2943973046232565
Nairobi,Mathare,0.000235884309461,2018.0,3.0,2018-03,0.3152013523729526
Nairobi,Roysambu,0.00390887981589,2018.0,3.0,2018-03,0.5264449583957566
Nairobi,Ruaraka,0.000583416833502,2018.0,3.0,2018-03,0.3969439548137595
Nairobi,Starehe,0.00136813789598,2018.0,3.0,2018-03,0.2956296546090678
Nairobi,Westlands,0.00590790301496,2018.0,3.0,2018-03,0.5896692272279848
Turkana,Loima,0.792863767753,2018.0,3.0,2018-03,0.269729943326925
Turkana,Turkana Central,0.538281501213,2018.0,3.0,2018-03,0.1299024671760611
Turkana,Turkana East,0.909087463502,2018.0,3.0,2018-03,0.2374749854553779
Turkana,Turkana North,1.66897152383,2018.0,3.0,2018-03,0.2183740381150977
Turkana,Turkana South,0.603285539944,2018.0,3.0,2018-03,0.2144656759789334
Turkana,Turkana West,1.19593592043,2018.0,3.0,2018-03,0.2758995069344599
Kiambu,Gatundu North,0.0190562071078,2018.0,4.0,2018-04,0.594800469708231
Kiambu,Gatundu South,0.018013492523,2018.0,4.0,2018-04,0.5628335570584029
Kiambu,Githunguri,0.0140557399999,2018.0,4.0,2018-04,0.5768267484047839
Kiambu,Juja,0.0303444523402,2018.0,4.0,2018-04,0.5925563746876809
Kiambu,Kabete,0.00456838148631,2018.0,4.0,2018-04,0.6183746825108063
Kiambu,Kiambaa,0.00720464174127,2018.0,4.0,2018-04,0.6058299435447113
Kiambu,Kiambu,0.00796244668767,2018.0,4.0,2018-04,0.6733327461674173
Kiambu,Kikuyu,0.0141641490709,2018.0,4.0,2018-04,0.6061118563575888
Kiambu,Lari,0.037858207576,2018.0,4.0,2018-04,0.599197094367798
Kiambu,Limuru,0.0231553754199,2018.0,4.0,2018-04,0.6041817264108551
Kiambu,Ruiru,0.0124421280679,2018.0,4.0,2018-04,0.588603938511338
Kiambu,Thika Town,0.0178033031507,2018.0,4.0,2018-04,0.6495937251993219
Machakos,Kangundo,0.013896319438,2018.0,4.0,2018-04,0.7338938596478761
Machakos,Kathiani,0.0167415041685,2018.0,4.0,2018-04,0.7065316333813069
Machakos,Machakos Town,0.0615270519301,2018.0,4.0,2018-04,0.6502348532399216
Machakos,Masinga,0.11427469357,2018.0,4.0,2018-04,0.6038478890901708
Machakos,Matungulu,0.0472449879416,2018.0,4.0,2018-04,0.6742156448872093
Machakos,Mavoko,0.0684719511619,2018.0,4.0,2018-04,0.6222776017068213
Machakos,Mwala,0.0827962943547,2018.0,4.0,2018-04,0.6736649606745978
Machakos,Yatta,0.0862109028544,2018.0,4.0,2018-04,0.6649300968201918
Nairobi,Dagoretti,0.00198642271282,2018.0,4.0,2018-04,0.556861865638942
Nairobi,Embakasi Central,0.000664901959297,2018.0,4.0,2018-04,0.2608003793852472
Nairobi,Embakasi East,0.00697580217167,2018.0,4.0,2018-04,0.4527738481804577
Nairobi,Embakasi North,0.000441181256097,2018.0,4.0,2018-04,0.3200505205762238
Nairobi,Embakasi South,0.00142609820487,2018.0,4.0,2018-04,0.2887696644099773
Nairobi,Embakasi West,0.000793166442342,2018.0,4.0,2018-04,0.3016244397025056
Nairobi,Kamukunji,0.000718135459802,2018.0,4.0,2018-04,0.4267322253420321
Nairobi,Kasarani,0.0110736011415,2018.0,4.0,2018-04,0.5216478071037333
Nairobi,Kibra,0.00100197842996,2018.0,4.0,2018-04,0.4224681538157769
Nairobi,Kilimani,0.00238546350977,2018.0,4.0,2018-04,0.4824660846556459
Nairobi,Langata,0.0170497156745,2018.0,4.0,2018-04,0.6162828976388741
Nairobi,Makadara,0.000974908477702,2018.0,4.0,2018-04,0.3172176240076341
Nairobi,Mathare,0.000235884309461,2018.0,4.0,2018-04,0.2760766988660227
Nairobi,Roysambu,0.00390887981589,2018.0,4.0,2018-04,0.5298083656415757
Nairobi,Ruaraka,0.000583416833502,2018.0,4.0,2018-04,0.3543143038876453
Nairobi,Starehe,0.00136813789598,2018.0,4.0,2018-04,0.311799158570437
Nairobi,Westlands,0.00590790301496,2018.0,4.0,2018-04,0.5589593436744589
Turkana,Loima,0.792863767753,2018.0,4.0,2018-04,0.3757209651997434
Turkana,Turkana Central,0.538281501213,2018.0,4.0,2018-04,0.1637275632237558
Turkana,Turkana East,0.909087463502,2018.0,4.0,2018-04,0.3529518133188401
Turkana,Turkana North,1.66897152383,2018.0,4.0,2018-04,0.3403100513048794
Turkana,Turkana South,0.603285539944,2018.0,4.0,2018-04,0.3076856671156763
Turkana,Turkana West,1.19593592043,2018.0,4.0,2018-04,0.4238372721565591
Kiambu,Gatundu North,0.0190562071078,2018.0,5.0,2018-05,0.5881366978110039
Kiambu,Gatundu South,0.018013492523,2018.0,5.0,2018-05,0.5927168134742329
Kiambu,Githunguri,0.0140557399999,2018.0,5.0,2018-05,0.5440573069626574
Kiambu,Juja,0.0303444523402,2018.0,5.0,2018-05,0.5259224516535287
Kiambu,Kabete,0.00456838148631,2018.0,5.0,2018-05,0.4466297188076608
Kiambu,Kiambaa,0.00720464174127,2018.0,5.0,2018-05,0.5729005999747386
Kiambu,Kiambu,0.00796244668767,2018.0,5.0,2018-05,0.6417684090739679
Kiambu,Kikuyu,0.0141641490709,2018.0,5.0,2018-05,0.4184863377427574
Kiambu,Lari,0.037858207576,2018.0,5.0,2018-05,0.5083492200285075
Kiambu,Limuru,0.0231553754199,2018.0,5.0,2018-05,0.4465806405593017
Kiambu,Ruiru,0.0124421280679,2018.0,5.0,2018-05,0.5430436361873091
Kiambu,Thika Town,0.0178033031507,2018.0,5.0,2018-05,0.5390430387532288
Machakos,Kangundo,0.013896319438,2018.0,5.0,2018-05,0.666236856133449
Machakos,Kathiani,0.0167415041685,2018.0,5.0,2018-05,0.5882130631748352
Machakos,Machakos Town,0.0615270519301,2018.0,5.0,2018-05,0.6163018390942061
Machakos,Masinga,0.11427469357,2018.0,5.0,2018-05,0.5610774223173103
Machakos,Matungulu,0.0472449879416,2018.0,5.0,2018-05,0.5549607612239169
Machakos,Mavoko,0.0684719511619,2018.0,5.0,2018-05,0.572778091633419
Machakos,Mwala,0.0827962943547,2018.0,5.0,2018-05,0.6794004918960198
Machakos,Yatta,0.0862109028544,2018.0,5.0,2018-05,0.6546492723113759
Nairobi,Dagoretti,0.00198642271282,2018.0,5.0,2018-05,0.4313465598111851
Nairobi,Embakasi Central,0.000664901959297,2018.0,5.0,2018-05,0.2383151307763263
Nairobi,Embakasi East,0.00697580217167,2018.0,5.0,2018-05,0.4536579871588361
Nairobi,Embakasi North,0.000441181256097,2018.0,5.0,2018-05,0.3394552035183771
Nairobi,Embakasi South,0.00142609820487,2018.0,5.0,2018-05,0.2816631634804804
Nairobi,Embakasi West,0.000793166442342,2018.0,5.0,2018-05,0.2943754392532694
Nairobi,Kamukunji,0.000718135459802,2018.0,5.0,2018-05,0.275684543177251
Nairobi,Kasarani,0.0110736011415,2018.0,5.0,2018-05,0.5166809100117552
Nairobi,Kibra,0.00100197842996,2018.0,5.0,2018-05,0.3274194994570049
Nairobi,Kilimani,0.00238546350977,2018.0,5.0,2018-05,0.346177328113206
Nairobi,Langata,0.0170497156745,2018.0,5.0,2018-05,0.5112471436411073
Nairobi,Makadara,0.000974908477702,2018.0,5.0,2018-05,0.3012828165925565
Nairobi,Mathare,0.000235884309461,2018.0,5.0,2018-05,0.2591174548509031
Nairobi,Roysambu,0.00390887981589,2018.0,5.0,2018-05,0.4866081173826784
Nairobi,Ruaraka,0.000583416833502,2018.0,5.0,2018-05,0.3638416632743061
Nairobi,Starehe,0.00136813789598,2018.0,5.0,2018-05,0.2365352279956048
Nairobi,Westlands,0.00590790301496,2018.0,5.0,2018-05,0.4485661797989808
Turkana,Loima,0.792863767753,2018.0,5.0,2018-05,0.386182680311146
Turkana,Turkana Central,0.538281501213,2018.0,5.0,2018-05,0.187209191661724
Turkana,Turkana East,0.909087463502,2018.0,5.0,2018-05,0.3680793258728127
Turkana,Turkana North,1.66897152383,2018.0,5.0,2018-05,0.4256032351468928
Turkana,Turkana South,0.603285539944,2018.0,5.0,2018-05,0.3218992254879004
Turkana,Turkana West,1.19593592043,2018.0,5.0,2018-05,0.464461302570592
Kiambu,Gatundu North,0.0190562071078,2018.0,6.0,2018-06,0.6623795175032492
Kiambu,Gatundu South,0.018013492523,2018.0,6.0,2018-06,0.634062482815718
Kiambu,Githunguri,0.0140557399999,2018.0,6.0,2018-06,0.5862670315187123
Kiambu,Juja,0.0303444523402,2018.0,6.0,2018-06,0.4896371788879738
Kiambu,Kabete,0.00456838148631,2018.0,6.0,2018-06,0.5429511720678815
Kiambu,Kiambaa,0.00720464174127,2018.0,6.0,2018-06,0.545514749356092
Kiambu,Kiambu,0.00796244668767,2018.0,6.0,2018-06,0.546083247322782
Kiambu,Kikuyu,0.0141641490709,2018.0,6.0,2018-06,0.5987331550383925
Kiambu,Lari,0.037858207576,2018.0,6.0,2018-06,0.7135665230906055
Kiambu,Limuru,0.0231553754199,2018.0,6.0,2018-06,0.6499877934601139
Kiambu,Ruiru,0.0124421280679,2018.0,6.0,2018-06,0.470306644260518
Kiambu,Thika Town,0.0178033031507,2018.0,6.0,2018-06,0.4855185978831563
Machakos,Kangundo,0.013896319438,2018.0,6.0,2018-06,0.5905950038645872
Machakos,Kathiani,0.0167415041685,2018.0,6.0,2018-06,0.5609304143359825
Machakos,Machakos Town,0.0615270519301,2018.0,6.0,2018-06,0.5224487858589766
Machakos,Masinga,0.11427469357,2018.0,6.0,2018-06,0.4803691471632172
Machakos,Matungulu,0.0472449879416,2018.0,6.0,2018-06,0.4842446891038247
Machakos,Mavoko,0.0684719511619,2018.0,6.0,2018-06,0.4938477905854473
Machakos,Mwala,0.0827962943547,2018.0,6.0,2018-06,0.5521441227742859
Machakos,Yatta,0.0862109028544,2018.0,6.0,2018-06,0.5496443634818107
Nairobi,Dagoretti,0.00198642271282,2018.0,6.0,2018-06,0.3973749397506371
Nairobi,Embakasi Central,0.000664901959297,2018.0,6.0,2018-06,0.2030660502276312
Nairobi,Embakasi East,0.00697580217167,2018.0,6.0,2018-06,0.3998914499058477
Nairobi,Embakasi North,0.000441181256097,2018.0,6.0,2018-06,0.2175600727011622
Nairobi,Embakasi South,0.00142609820487,2018.0,6.0,2018-06,0.2221467155461833
Nairobi,Embakasi West,0.000793166442342,2018.0,6.0,2018-06,0.2081080949885193
Nairobi,Kamukunji,0.000718135459802,2018.0,6.0,2018-06,0.2580828020480634
Nairobi,Kasarani,0.0110736011415,2018.0,6.0,2018-06,0.4313555684380144
Nairobi,Kibra,0.00100197842996,2018.0,6.0,2018-06,0.2989814048770857
Nairobi,Kilimani,0.00238546350977,2018.0,6.0,2018-06,0.3497960641677521
Nairobi,Langata,0.0170497156745,2018.0,6.0,2018-06,0.4369559637274488
Nairobi,Makadara,0.000974908477702,2018.0,6.0,2018-06,0.1981376824836044
Nairobi,Mathare,0.000235884309461,2018.0,6.0,2018-06,0.230720193196136
Nairobi,Roysambu,0.00390887981589,2018.0,6.0,2018-06,0.3639045433149778
Nairobi,Ruaraka,0.000583416833502,2018.0,6.0,2018-06,0.2373521168328924
Nairobi,Starehe,0.00136813789598,2018.0,6.0,2018-06,0.1946508067314364
Nairobi,Westlands,0.00590790301496,2018.0,6.0,2018-06,0.4272160683076756
Turkana,Loima,0.792863767753,2018.0,6.0,2018-06,0.3687925642458454
Turkana,Turkana Central,0.538281501213,2018.0,6.0,2018-06,0.1944233087179356
Turkana,Turkana East,0.909087463502,2018.0,6.0,2018-06,0.3750156437411703
Turkana,Turkana North,1.66897152383,2018.0,6.0,2018-06,0.3911486087736887
Turkana,Turkana South,0.603285539944,2018.0,6.0,2018-06,0.316410413543702
Turkana,Turkana West,1.19593592043,2018.0,6.0,2018-06,0.4312854868100189
Kiambu,Gatundu North,0.0190562071078,2018.0,7.0,2018-07,0.6454688053010084
Kiambu,Gatundu South,0.018013492523,2018.0,7.0,2018-07,0.6659229732979326
Kiambu,Githunguri,0.0140557399999,2018.0,7.0,2018-07,0.6647781325204551
Kiambu,Juja,0.0303444523402,2018.0,7.0,2018-07,0.4753903993786504
Kiambu,Kabete,0.00456838148631,2018.0,7.0,2018-07,0.5588011317861691
Kiambu,Kiambaa,0.00720464174127,2018.0,7.0,2018-07,0.5940175634710112
Kiambu,Kiambu,0.00796244668767,2018.0,7.0,2018-07,0.6263613895445624
Kiambu,Kikuyu,0.0141641490709,2018.0,7.0,2018-07,0.5193396597545957
Kiambu,Lari,0.037858207576,2018.0,7.0,2018-07,0.7049238781525418
Kiambu,Limuru,0.0231553754199,2018.0,7.0,2018-07,0.631718360638373
Kiambu,Ruiru,0.0124421280679,2018.0,7.0,2018-07,0.3826630286616404
Kiambu,Thika Town,0.0178033031507,2018.0,7.0,2018-07,0.4704042380753948
Machakos,Kangundo,0.013896319438,2018.0,7.0,2018-07,0.5219411429071658
Machakos,Kathiani,0.0167415041685,2018.0,7.0,2018-07,0.4770901227434609
Machakos,Machakos Town,0.0615270519301,2018.0,7.0,2018-07,0.4447634590215953
Machakos,Masinga,0.11427469357,2018.0,7.0,2018-07,0.4242135119617534
Machakos,Matungulu,0.0472449879416,2018.0,7.0,2018-07,0.4261617398614351
Machakos,Mavoko,0.0684719511619,2018.0,7.0,2018-07,0.3570874042975569
Machakos,Mwala,0.0827962943547,2018.0,7.0,2018-07,0.4767987200191894
Machakos,Yatta,0.0862109028544,2018.0,7.0,2018-07,0.4501843446913516
Nairobi,Dagoretti,0.00198642271282,2018.0,7.0,2018-07,0.45267121624044
Nairobi,Embakasi Central,0.000664901959297,2018.0,7.0,2018-07,0.1930276058559229
Nairobi,Embakasi East,0.00697580217167,2018.0,7.0,2018-07,0.3046856543662227
Nairobi,Embakasi North,0.000441181256097,2018.0,7.0,2018-07,0.2327208432437283
Nairobi,Embakasi South,0.00142609820487,2018.0,7.0,2018-07,0.1967991766321689
Nairobi,Embakasi West,0.000793166442342,2018.0,7.0,2018-07,0.250866639213337
Nairobi,Kamukunji,0.000718135459802,2018.0,7.0,2018-07,0.3067283067690695
Nairobi,Kasarani,0.0110736011415,2018.0,7.0,2018-07,0.3543852348855407
Nairobi,Kibra,0.00100197842996,2018.0,7.0,2018-07,0.3311974242274658
Nairobi,Kilimani,0.00238546350977,2018.0,7.0,2018-07,0.3826789957614117
Nairobi,Langata,0.0170497156745,2018.0,7.0,2018-07,0.4308293368054302
Nairobi,Makadara,0.000974908477702,2018.0,7.0,2018-07,0.2480765761101298
Nairobi,Mathare,0.000235884309461,2018.0,7.0,2018-07,0.2652048257034859
Nairobi,Roysambu,0.00390887981589,2018.0,7.0,2018-07,0.4628961741304607
Nairobi,Ruaraka,0.000583416833502,2018.0,7.0,2018-07,0.3047251102517133
Nairobi,Starehe,0.00136813789598,2018.0,7.0,2018-07,0.2183955586398334
Nairobi,Westlands,0.00590790301496,2018.0,7.0,2018-07,0.5388111116319247
Turkana,Loima,0.792863767753,2018.0,7.0,2018-07,0.3010002434250521
Turkana,Turkana Central,0.538281501213,2018.0,7.0,2018-07,0.1554139847784914
Turkana,Turkana East,0.909087463502,2018.0,7.0,2018-07,0.2611031679496499
Turkana,Turkana North,1.66897152383,2018.0,7.0,2018-07,0.2843995081246452
Turkana,Turkana South,0.603285539944,2018.0,7.0,2018-07,0.2443108842825276
Turkana,Turkana West,1.19593592043,2018.0,7.0,2018-07,0.3385307661265564
Kiambu,Gatundu North,0.0190562071078,2018.0,8.0,2018-08,0.6492570553290342
Kiambu,Gatundu South,0.018013492523,2018.0,8.0,2018-08,0.6613377227368348
Kiambu,Githunguri,0.0140557399999,2018.0,8.0,2018-08,0.6492137654420018
Kiambu,Juja,0.0303444523402,2018.0,8.0,2018-08,0.4294024155798615
Kiambu,Kabete,0.00456838148631,2018.0,8.0,2018-08,0.6023565721995542
Kiambu,Kiambaa,0.00720464174127,2018.0,8.0,2018-08,0.5851354274785686
Kiambu,Kiambu,0.00796244668767,2018.0,8.0,2018-08,0.5250050501900769
Kiambu,Kikuyu,0.0141641490709,2018.0,8.0,2018-08,0.588099038534053
Kiambu,Lari,0.037858207576,2018.0,8.0,2018-08,0.7164993504461165
Kiambu,Limuru,0.0231553754199,2018.0,8.0,2018-08,0.6296170495608262
Kiambu,Ruiru,0.0124421280679,2018.0,8.0,2018-08,0.3563979887725478
Kiambu,Thika Town,0.0178033031507,2018.0,8.0,2018-08,0.4528519266605542
Machakos,Kangundo,0.013896319438,2018.0,8.0,2018-08,0.498393767481386
Machakos,Kathiani,0.0167415041685,2018.0,8.0,2018-08,0.477364968959658
Machakos,Machakos Town,0.0615270519301,2018.0,8.0,2018-08,0.4156662709974727
Machakos,Masinga,0.11427469357,2018.0,8.0,2018-08,0.3164148351264205
Machakos,Matungulu,0.0472449879416,2018.0,8.0,2018-08,0.402654404768932
Machakos,Mavoko,0.0684719511619,2018.0,8.0,2018-08,0.342532505089349
Machakos,Mwala,0.0827962943547,2018.0,8.0,2018-08,0.4158044694928901
Machakos,Yatta,0.0862109028544,2018.0,8.0,2018-08,0.3863668499596768
Nairobi,Dagoretti,0.00198642271282,2018.0,8.0,2018-08,0.507896142049076
Nairobi,Embakasi Central,0.000664901959297,2018.0,8.0,2018-08,0.19302277799268
Nairobi,Embakasi East,0.00697580217167,2018.0,8.0,2018-08,0.3186000533157886
Nairobi,Embakasi North,0.000441181256097,2018.0,8.0,2018-08,0.2252554952205715
Nairobi,Embakasi South,0.00142609820487,2018.0,8.0,2018-08,0.2332306130518019
Nairobi,Embakasi West,0.000793166442342,2018.0,8.0,2018-08,0.2369858752620545
Nairobi,Kamukunji,0.000718135459802,2018.0,8.0,2018-08,0.2656422674594652
Nairobi,Kasarani,0.0110736011415,2018.0,8.0,2018-08,0.3659685488654102
Nairobi,Kibra,0.00100197842996,2018.0,8.0,2018-08,0.3326945838681015
Nairobi,Kilimani,0.00238546350977,2018.0,8.0,2018-08,0.3907721397821811
Nairobi,Langata,0.0170497156745,2018.0,8.0,2018-08,0.4639970384688123
Nairobi,Makadara,0.000974908477702,2018.0,8.0,2018-08,0.2681308958193741
Nairobi,Mathare,0.000235884309461,2018.0,8.0,2018-08,0.229392843343133
Nairobi,Roysambu,0.00390887981589,2018.0,8.0,2018-08,0.3845680497631289
Nairobi,Ruaraka,0.000583416833502,2018.0,8.0,2018-08,0.2816991417328179
Nairobi,Starehe,0.00136813789598,2018.0,8.0,2018-08,0.2392820668517231
Nairobi,Westlands,0.00590790301496,2018.0,8.0,2018-08,0.4642530552970088
Turkana,Loima,0.792863767753,2018.0,8.0,2018-08,0.2723701229317775
Turkana,Turkana Central,0.538281501213,2018.0,8.0,2018-08,0.1454881985471043
Turkana,Turkana East,0.909087463502,2018.0,8.0,2018-08,0.2243276654959312
Turkana,Turkana North,1.66897152383,2018.0,8.0,2018-08,0.241551588636806
Turkana,Turkana South,0.603285539944,2018.0,8.0,2018-08,0.210040565447224
Turkana,Turkana West,1.19593592043,2018.0,8.0,2018-08,0.3122759738876303
Kiambu,Gatundu North,0.0190562071078,2018.0,9.0,2018-09,0.6983272912419396
Kiambu,Gatundu South,0.018013492523,2018.0,9.0,2018-09,0.6787587074345897
Kiambu,Githunguri,0.0140557399999,2018.0,9.0,2018-09,0.6319287806693851
Kiambu,Juja,0.0303444523402,2018.0,9.0,2018-09,0.4029087535680921
Kiambu,Kabete,0.00456838148631,2018.0,9.0,2018-09,0.5590865426596322
Kiambu,Kiambaa,0.00720464174127,2018.0,9.0,2018-09,0.5721022818261197
Kiambu,Kiambu,0.00796244668767,2018.0,9.0,2018-09,0.5436981720376673
Kiambu,Kikuyu,0.0141641490709,2018.0,9.0,2018-09,0.5413115368232588
Kiambu,Lari,0.037858207576,2018.0,9.0,2018-09,0.7219222587483247
Kiambu,Limuru,0.0231553754199,2018.0,9.0,2018-09,0.5629641563913268
Kiambu,Ruiru,0.0124421280679,2018.0,9.0,2018-09,0.3223730115867561
Kiambu,Thika Town,0.0178033031507,2018.0,9.0,2018-09,0.4026170533655578
Machakos,Kangundo,0.013896319438,2018.0,9.0,2018-09,0.4489543495465694
Machakos,Kathiani,0.0167415041685,2018.0,9.0,2018-09,0.4308929056217639
Machakos,Machakos Town,0.0615270519301,2018.0,9.0,2018-09,0.3665427912335848
Machakos,Masinga,0.11427469357,2018.0,9.0,2018-09,0.3286677014170734
Machakos,Matungulu,0.0472449879416,2018.0,9.0,2018-09,0.3507032690118639
Machakos,Mavoko,0.0684719511619,2018.0,9.0,2018-09,0.3013639373638109
Machakos,Mwala,0.0827962943547,2018.0,9.0,2018-09,0.3586071332328661
Machakos,Yatta,0.0862109028544,2018.0,9.0,2018-09,0.3398153873782713
Nairobi,Dagoretti,0.00198642271282,2018.0,9.0,2018-09,0.4854037001075526
Nairobi,Embakasi Central,0.000664901959297,2018.0,9.0,2018-09,0.198523624542506
Nairobi,Embakasi East,0.00697580217167,2018.0,9.0,2018-09,0.2782275506499989
Nairobi,Embakasi North,0.000441181256097,2018.0,9.0,2018-09,0.2460173046717229
Nairobi,Embakasi South,0.00142609820487,2018.0,9.0,2018-09,0.2424686572237175
Nairobi,Embakasi West,0.000793166442342,2018.0,9.0,2018-09,0.2438316561844861
Nairobi,Kamukunji,0.000718135459802,2018.0,9.0,2018-09,0.3008020274176232
Nairobi,Kasarani,0.0110736011415,2018.0,9.0,2018-09,0.3102760645595803
Nairobi,Kibra,0.00100197842996,2018.0,9.0,2018-09,0.3668380748346336
Nairobi,Kilimani,0.00238546350977,2018.0,9.0,2018-09,0.4493320747517813
Nairobi,Langata,0.0170497156745,2018.0,9.0,2018-09,0.4487033347101057
Nairobi,Makadara,0.000974908477702,2018.0,9.0,2018-09,0.2764157164321536
Nairobi,Mathare,0.000235884309461,2018.0,9.0,2018-09,0.2831163502729946
Nairobi,Roysambu,0.00390887981589,2018.0,9.0,2018-09,0.4387069651678338
Nairobi,Ruaraka,0.000583416833502,2018.0,9.0,2018-09,0.3273993452744418
Nairobi,Starehe,0.00136813789598,2018.0,9.0,2018-09,0.2815020009252834
Nairobi,Westlands,0.00590790301496,2018.0,9.0,2018-09,0.5579497724974727
Turkana,Loima,0.792863767753,2018.0,9.0,2018-09,0.2531095329572837
Turkana,Turkana Central,0.538281501213,2018.0,9.0,2018-09,0.1401146349119806
Turkana,Turkana East,0.909087463502,2018.0,9.0,2018-09,0.2180574568997401
Turkana,Turkana North,1.66897152383,2018.0,9.0,2018-09,0.2170304717691581
Turkana,Turkana South,0.603285539944,2018.0,9.0,2018-09,0.2000317326068004
Turkana,Turkana West,1.19593592043,2018.0,9.0,2018-09,0.2905207605520912
Kiambu,Gatundu North,0.0190562071078,2018.0,10.0,2018-10,0.6299287434755567
Kiambu,Gatundu South,0.018013492523,2018.0,10.0,2018-10,0.6062183374399924
Kiambu,Githunguri,0.0140557399999,2018.0,10.0,2018-10,0.6018972555526466
Kiambu,Juja,0.0303444523402,2018.0,10.0,2018-10,0.377740810829662
Kiambu,Kabete,0.00456838148631,2018.0,10.0,2018-10,0.5251026486308543
Kiambu,Kiambaa,0.00720464174127,2018.0,10.0,2018-10,0.5439033271825618
Kiambu,Kiambu,0.00796244668767,2018.0,10.0,2018-10,0.5166640395557439
Kiambu,Kikuyu,0.0141641490709,2018.0,10.0,2018-10,0.4833190143837031
Kiambu,Lari,0.037858207576,2018.0,10.0,2018-10,0.6716191397767426
Kiambu,Limuru,0.0231553754199,2018.0,10.0,2018-10,0.5359990168306566
Kiambu,Ruiru,0.0124421280679,2018.0,10.0,2018-10,0.2830430086773485
Kiambu,Thika Town,0.0178033031507,2018.0,10.0,2018-10,0.4050253821151764
Machakos,Kangundo,0.013896319438,2018.0,10.0,2018-10,0.456569324572652
Machakos,Kathiani,0.0167415041685,2018.0,10.0,2018-10,0.4124565021658525
Machakos,Machakos Town,0.0615270519301,2018.0,10.0,2018-10,0.3517597842891603
Machakos,Masinga,0.11427469357,2018.0,10.0,2018-10,0.3479010979258167
Machakos,Matungulu,0.0472449879416,2018.0,10.0,2018-10,0.351183346876678
Machakos,Mavoko,0.0684719511619,2018.0,10.0,2018-10,0.2723325320563284
Machakos,Mwala,0.0827962943547,2018.0,10.0,2018-10,0.3463123038985681
Machakos,Yatta,0.0862109028544,2018.0,10.0,2018-10,0.3340379482379057
Nairobi,Dagoretti,0.00198642271282,2018.0,10.0,2018-10,0.4657161438416188
Nairobi,Embakasi Central,0.000664901959297,2018.0,10.0,2018-10,0.1894021067039604
Nairobi,Embakasi East,0.00697580217167,2018.0,10.0,2018-10,0.2439175318193165
Nairobi,Embakasi North,0.000441181256097,2018.0,10.0,2018-10,0.2247011623210517
Nairobi,Embakasi South,0.00142609820487,2018.0,10.0,2018-10,0.2166025734580061
Nairobi,Embakasi West,0.000793166442342,2018.0,10.0,2018-10,0.228852415892982
Nairobi,Kamukunji,0.000718135459802,2018.0,10.0,2018-10,0.29212286453602
Nairobi,Kasarani,0.0110736011415,2018.0,10.0,2018-10,0.2685794516240833
Nairobi,Kibra,0.00100197842996,2018.0,10.0,2018-10,0.328168296969099
Nairobi,Kilimani,0.00238546350977,2018.0,10.0,2018-10,0.4168875314161528
Nairobi,Langata,0.0170497156745,2018.0,10.0,2018-10,0.3980760137553525
Nairobi,Makadara,0.000974908477702,2018.0,10.0,2018-10,0.2842338165722523
Nairobi,Mathare,0.000235884309461,2018.0,10.0,2018-10,0.2014118857622848
Nairobi,Roysambu,0.00390887981589,2018.0,10.0,2018-10,0.4144917474794504
Nairobi,Ruaraka,0.000583416833502,2018.0,10.0,2018-10,0.2776563776375603
Nairobi,Starehe,0.00136813789598,2018.0,10.0,2018-10,0.261580449051584
Nairobi,Westlands,0.00590790301496,2018.0,10.0,2018-10,0.5012068498516795
Turkana,Loima,0.792863767753,2018.0,10.0,2018-10,0.2441545595768902
Turkana,Turkana Central,0.538281501213,2018.0,10.0,2018-10,0.1391813029735565
Turkana,Turkana East,0.909087463502,2018.0,10.0,2018-10,0.2224354913257888
Turkana,Turkana North,1.66897152383,2018.0,10.0,2018-10,0.2167627959675323
Turkana,Turkana South,0.603285539944,2018.0,10.0,2018-10,0.21259605054909
Turkana,Turkana West,1.19593592043,2018.0,10.0,2018-10,0.2797776277357489
Kiambu,Gatundu North,0.0190562071078,2018.0,11.0,2018-11,0.7303485173828376
Kiambu,Gatundu South,0.018013492523,2018.0,11.0,2018-11,0.7187805353699727
Kiambu,Githunguri,0.0140557399999,2018.0,11.0,2018-11,0.6873138935800112
Kiambu,Juja,0.0303444523402,2018.0,11.0,2018-11,0.4140530428601318
Kiambu,Kabete,0.00456838148631,2018.0,11.0,2018-11,0.623628760492736
Kiambu,Kiambaa,0.00720464174127,2018.0,11.0,2018-11,0.631019267701314
Kiambu,Kiambu,0.00796244668767,2018.0,11.0,2018-11,0.5777934033592571
Kiambu,Kikuyu,0.0141641490709,2018.0,11.0,2018-11,0.5497677197008004
Kiambu,Lari,0.037858207576,2018.0,11.0,2018-11,0.7396864191431727
Kiambu,Limuru,0.0231553754199,2018.0,11.0,2018-11,0.5960426208907905
Kiambu,Ruiru,0.0124421280679,2018.0,11.0,2018-11,0.3028371248374386
Kiambu,Thika Town,0.0178033031507,2018.0,11.0,2018-11,0.4431176916409705
Machakos,Kangundo,0.013896319438,2018.0,11.0,2018-11,0.5523072030780046
Machakos,Kathiani,0.0167415041685,2018.0,11.0,2018-11,0.4922341012479951
Machakos,Machakos Town,0.0615270519301,2018.0,11.0,2018-11,0.3990275487831262
Machakos,Masinga,0.11427469357,2018.0,11.0,2018-11,0.4264642034425627
Machakos,Matungulu,0.0472449879416,2018.0,11.0,2018-11,0.4025021573690665
Machakos,Mavoko,0.0684719511619,2018.0,11.0,2018-11,0.3112615512989354
Machakos,Mwala,0.0827962943547,2018.0,11.0,2018-11,0.4399152823659923
Machakos,Yatta,0.0862109028544,2018.0,11.0,2018-11,0.4107701680013844
Nairobi,Dagoretti,0.00198642271282,2018.0,11.0,2018-11,0.5161682839388144
Nairobi,Embakasi Central,0.000664901959297,2018.0,11.0,2018-11,0.2228398488410152
Nairobi,Embakasi East,0.00697580217167,2018.0,11.0,2018-11,0.2667965724754407
Nairobi,Embakasi North,0.000441181256097,2018.0,11.0,2018-11,0.2608486671453573
Nairobi,Embakasi South,0.00142609820487,2018.0,11.0,2018-11,0.2401148573846451
Nairobi,Embakasi West,0.000793166442342,2018.0,11.0,2018-11,0.2914723070779673
Nairobi,Kamukunji,0.000718135459802,2018.0,11.0,2018-11,0.3395270583863243
Nairobi,Kasarani,0.0110736011415,2018.0,11.0,2018-11,0.2814454688778446
Nairobi,Kibra,0.00100197842996,2018.0,11.0,2018-11,0.3797454882021923
Nairobi,Kilimani,0.00238546350977,2018.0,11.0,2018-11,0.4507588454615582
Nairobi,Langata,0.0170497156745,2018.0,11.0,2018-11,0.44409106081894
Nairobi,Makadara,0.000974908477702,2018.0,11.0,2018-11,0.2862501441595095
Nairobi,Mathare,0.000235884309461,2018.0,11.0,2018-11,0.2704832129357413
Nairobi,Roysambu,0.00390887981589,2018.0,11.0,2018-11,0.4468776617605374
Nairobi,Ruaraka,0.000583416833502,2018.0,11.0,2018-11,0.3549637950335846
Nairobi,Starehe,0.00136813789598,2018.0,11.0,2018-11,0.2679300767696043
Nairobi,Westlands,0.00590790301496,2018.0,11.0,2018-11,0.5803453413040128
Turkana,Loima,0.792863767753,2018.0,11.0,2018-11,0.2328245388901448
Turkana,Turkana Central,0.538281501213,2018.0,11.0,2018-11,0.1372301440427781
Turkana,Turkana East,0.909087463502,2018.0,11.0,2018-11,0.2005169685495235
Turkana,Turkana North,1.66897152383,2018.0,11.0,2018-11,0.206634229093532
Turkana,Turkana South,0.603285539944,2018.0,11.0,2018-11,0.197792211703657
Turkana,Turkana West,1.19593592043,2018.0,11.0,2018-11,0.2639726073060732
Kiambu,Gatundu North,0.0190562071078,2018.0,12.0,2018-12,0.7976938279819468
Kiambu,Gatundu South,0.018013492523,2018.0,12.0,2018-12,0.7871512663662429
Kiambu,Githunguri,0.0140557399999,2018.0,12.0,2018-12,0.7801536086224717
Kiambu,Juja,0.0303444523402,2018.0,12.0,2018-12,0.5950293465868547
Kiambu,Kabete,0.00456838148631,2018.0,12.0,2018-12,0.7377768752652965
Kiambu,Kiambaa,0.00720464174127,2018.0,12.0,2018-12,0.7483380357897964
Kiambu,Kiambu,0.00796244668767,2018.0,12.0,2018-12,0.7023401387681072
Kiambu,Kikuyu,0.0141641490709,2018.0,12.0,2018-12,0.6187303793632218
Kiambu,Lari,0.037858207576,2018.0,12.0,2018-12,0.7818948917418895
Kiambu,Limuru,0.0231553754199,2018.0,12.0,2018-12,0.6626716313913694
Kiambu,Ruiru,0.0124421280679,2018.0,12.0,2018-12,0.5081403217677756
Kiambu,Thika Town,0.0178033031507,2018.0,12.0,2018-12,0.6091833672250472
Machakos,Kangundo,0.013896319438,2018.0,12.0,2018-12,0.7182591664021486
Machakos,Kathiani,0.0167415041685,2018.0,12.0,2018-12,0.6562143853137938
Machakos,Machakos Town,0.0615270519301,2018.0,12.0,2018-12,0.6361990603278566
Machakos,Masinga,0.11427469357,2018.0,12.0,2018-12,0.5747690427305479
Machakos,Matungulu,0.0472449879416,2018.0,12.0,2018-12,0.5970043068465681
Machakos,Mavoko,0.0684719511619,2018.0,12.0,2018-12,0.5434338265868703
Machakos,Mwala,0.0827962943547,2018.0,12.0,2018-12,0.6219772009539771
Machakos,Yatta,0.0862109028544,2018.0,12.0,2018-12,0.5805694250211358
Nairobi,Dagoretti,0.00198642271282,2018.0,12.0,2018-12,0.5878120040630976
Nairobi,Embakasi Central,0.000664901959297,2018.0,12.0,2018-12,0.2469991385723212
Nairobi,Embakasi East,0.00697580217167,2018.0,12.0,2018-12,0.4363748858531663
Nairobi,Embakasi North,0.000441181256097,2018.0,12.0,2018-12,0.3333452542296817
Nairobi,Embakasi South,0.00142609820487,2018.0,12.0,2018-12,0.284914088121861
Nairobi,Embakasi West,0.000793166442342,2018.0,12.0,2018-12,0.3053729272736348
Nairobi,Kamukunji,0.000718135459802,2018.0,12.0,2018-12,0.4028137611143226
Nairobi,Kasarani,0.0110736011415,2018.0,12.0,2018-12,0.4488391753102214
Nairobi,Kibra,0.00100197842996,2018.0,12.0,2018-12,0.4332351169908186
Nairobi,Kilimani,0.00238546350977,2018.0,12.0,2018-12,0.5149952736834248
Nairobi,Langata,0.0170497156745,2018.0,12.0,2018-12,0.5875275750969624
Nairobi,Makadara,0.000974908477702,2018.0,12.0,2018-12,0.3396131682605429
Nairobi,Mathare,0.000235884309461,2018.0,12.0,2018-12,0.3436948719025621
Nairobi,Roysambu,0.00390887981589,2018.0,12.0,2018-12,0.5721401647973434
Nairobi,Ruaraka,0.000583416833502,2018.0,12.0,2018-12,0.4272996098785535
Nairobi,Starehe,0.00136813789598,2018.0,12.0,2018-12,0.3313683357911172
Nairobi,Westlands,0.00590790301496,2018.0,12.0,2018-12,0.6587204738882674
Turkana,Loima,0.792863767753,2018.0,12.0,2018-12,0.2590514679493901
Turkana,Turkana Central,0.538281501213,2018.0,12.0,2018-12,0.1380322437973563
Turkana,Turkana East,0.909087463502,2018.0,12.0,2018-12,0.2211916714638091
Turkana,Turkana North,1.66897152383,2018.0,12.0,2018-12,0.2599441004989112
Turkana,Turkana South,0.603285539944,2018.0,12.0,2018-12,0.1982621494670932
Turkana,Turkana West,1.19593592043,2018.0,12.0,2018-12,0.2537424401931538
Kiambu,Gatundu North,0.0190562071078,2019.0,1.0,2019-01,0.7827317987801076
Kiambu,Gatundu South,0.018013492523,2019.0,1.0,2019-01,0.7678073493822442
Kiambu,Githunguri,0.0140557399999,2019.0,1.0,2019-01,0.7439744225697402
Kiambu,Juja,0.0303444523402,2019.0,1.0,2019-01,0.5761665336556102
Kiambu,Kabete,0.00456838148631,2019.0,1.0,2019-01,0.6625499497561443
Kiambu,Kiambaa,0.00720464174127,2019.0,1.0,2019-01,0.7053989185352378
Kiambu,Kiambu,0.00796244668767,2019.0,1.0,2019-01,0.6577845101498249
Kiambu,Kikuyu,0.0141641490709,2019.0,1.0,2019-01,0.5570948059611035
Kiambu,Lari,0.037858207576,2019.0,1.0,2019-01,0.7801980687639384
Kiambu,Limuru,0.0231553754199,2019.0,1.0,2019-01,0.6315579233163789
Kiambu,Ruiru,0.0124421280679,2019.0,1.0,2019-01,0.5119404994324274
Kiambu,Thika Town,0.0178033031507,2019.0,1.0,2019-01,0.6032142914131736
Machakos,Kangundo,0.013896319438,2019.0,1.0,2019-01,0.7019442496651404
Machakos,Kathiani,0.0167415041685,2019.0,1.0,2019-01,0.6691473355759882
Machakos,Machakos Town,0.0615270519301,2019.0,1.0,2019-01,0.5870117844801226
Machakos,Masinga,0.11427469357,2019.0,1.0,2019-01,0.5274497147179915
Machakos,Matungulu,0.0472449879416,2019.0,1.0,2019-01,0.5886682110476026
Machakos,Mavoko,0.0684719511619,2019.0,1.0,2019-01,0.5218764611928266
Machakos,Mwala,0.0827962943547,2019.0,1.0,2019-01,0.6048417110026052
Machakos,Yatta,0.0862109028544,2019.0,1.0,2019-01,0.5584228674263149
Nairobi,Dagoretti,0.00198642271282,2019.0,1.0,2019-01,0.5302904965344166
Nairobi,Embakasi Central,0.000664901959297,2019.0,1.0,2019-01,0.2240468667241943
Nairobi,Embakasi East,0.00697580217167,2019.0,1.0,2019-01,0.3983980346892942
Nairobi,Embakasi North,0.000441181256097,2019.0,1.0,2019-01,0.2925216196203383
Nairobi,Embakasi South,0.00142609820487,2019.0,1.0,2019-01,0.2619739185927136
Nairobi,Embakasi West,0.000793166442342,2019.0,1.0,2019-01,0.2728880328441648
Nairobi,Kamukunji,0.000718135459802,2019.0,1.0,2019-01,0.3447595383598974
Nairobi,Kasarani,0.0110736011415,2019.0,1.0,2019-01,0.4711593866679048
Nairobi,Kibra,0.00100197842996,2019.0,1.0,2019-01,0.4047086889130226
Nairobi,Kilimani,0.00238546350977,2019.0,1.0,2019-01,0.4916015946548991
Nairobi,Langata,0.0170497156745,2019.0,1.0,2019-01,0.5426340204822024
Nairobi,Makadara,0.000974908477702,2019.0,1.0,2019-01,0.2916290978863374
Nairobi,Mathare,0.000235884309461,2019.0,1.0,2019-01,0.3127074926501469
Nairobi,Roysambu,0.00390887981589,2019.0,1.0,2019-01,0.5336343315989792
Nairobi,Ruaraka,0.000583416833502,2019.0,1.0,2019-01,0.3846003561978424
Nairobi,Starehe,0.00136813789598,2019.0,1.0,2019-01,0.3108723759541982
Nairobi,Westlands,0.00590790301496,2019.0,1.0,2019-01,0.6247474475856946
Turkana,Loima,0.792863767753,2019.0,1.0,2019-01,0.25064263313015
Turkana,Turkana Central,0.538281501213,2019.0,1.0,2019-01,0.1324103588634127
Turkana,Turkana East,0.909087463502,2019.0,1.0,2019-01,0.1981002552052875
Turkana,Turkana North,1.66897152383,2019.0,1.0,2019-01,0.2363559734759713
Turkana,Turkana South,0.603285539944,2019.0,1.0,2019-01,0.1818572856210717
Turkana,Turkana West,1.19593592043,2019.0,1.0,2019-01,0.2253952795604807
Kiambu,Gatundu North,0.0190562071078,2019.0,2.0,2019-02,0.7183923043107283
Kiambu,Gatundu South,0.018013492523,2019.0,2.0,2019-02,0.696234004288933
Kiambu,Githunguri,0.0140557399999,2019.0,2.0,2019-02,0.6531786749783962
Kiambu,Juja,0.0303444523402,2019.0,2.0,2019-02,0.4398419715230526
Kiambu,Kabete,0.00456838148631,2019.0,2.0,2019-02,0.546223048935783
Kiambu,Kiambaa,0.00720464174127,2019.0,2.0,2019-02,0.611253150073315
Kiambu,Kiambu,0.00796244668767,2019.0,2.0,2019-02,0.5431426324943472
Kiambu,Kikuyu,0.0141641490709,2019.0,2.0,2019-02,0.4404083314246936
Kiambu,Lari,0.037858207576,2019.0,2.0,2019-02,0.7079224993102909
Kiambu,Limuru,0.0231553754199,2019.0,2.0,2019-02,0.5220272441444653
Kiambu,Ruiru,0.0124421280679,2019.0,2.0,2019-02,0.3575352721170633
Kiambu,Thika Town,0.0178033031507,2019.0,2.0,2019-02,0.4768651375947999
Machakos,Kangundo,0.013896319438,2019.0,2.0,2019-02,0.5893223517614121
Machakos,Kathiani,0.0167415041685,2019.0,2.0,2019-02,0.5491021891298539
Machakos,Machakos Town,0.0615270519301,2019.0,2.0,2019-02,0.4507070828884766
Machakos,Masinga,0.11427469357,2019.0,2.0,2019-02,0.3914494182789264
Machakos,Matungulu,0.0472449879416,2019.0,2.0,2019-02,0.4483048001215762
Machakos,Mavoko,0.0684719511619,2019.0,2.0,2019-02,0.3459516091212232
Machakos,Mwala,0.0827962943547,2019.0,2.0,2019-02,0.4726495899871077
Machakos,Yatta,0.0862109028544,2019.0,2.0,2019-02,0.4306357238169641
Nairobi,Dagoretti,0.00198642271282,2019.0,2.0,2019-02,0.4330585140814214
Nairobi,Embakasi Central,0.000664901959297,2019.0,2.0,2019-02,0.1834758443181481
Nairobi,Embakasi East,0.00697580217167,2019.0,2.0,2019-02,0.2743939600018145
Nairobi,Embakasi North,0.000441181256097,2019.0,2.0,2019-02,0.2345824821612889
Nairobi,Embakasi South,0.00142609820487,2019.0,2.0,2019-02,0.2035806151327653
Nairobi,Embakasi West,0.000793166442342,2019.0,2.0,2019-02,0.2212682215234101
Nairobi,Kamukunji,0.000718135459802,2019.0,2.0,2019-02,0.265805411952542
Nairobi,Kasarani,0.0110736011415,2019.0,2.0,2019-02,0.3375791255033388
Nairobi,Kibra,0.00100197842996,2019.0,2.0,2019-02,0.3299073314246225
Nairobi,Kilimani,0.00238546350977,2019.0,2.0,2019-02,0.4214019036322464
Nairobi,Langata,0.0170497156745,2019.0,2.0,2019-02,0.408607178400755
Nairobi,Makadara,0.000974908477702,2019.0,2.0,2019-02,0.2401717579338491
Nairobi,Mathare,0.000235884309461,2019.0,2.0,2019-02,0.2631538093238135
Nairobi,Roysambu,0.00390887981589,2019.0,2.0,2019-02,0.4277046303700853
Nairobi,Ruaraka,0.000583416833502,2019.0,2.0,2019-02,0.3059288791641225
Nairobi,Starehe,0.00136813789598,2019.0,2.0,2019-02,0.2514014739474901
Nairobi,Westlands,0.00590790301496,2019.0,2.0,2019-02,0.5417595432204582
Turkana,Loima,0.792863767753,2019.0,2.0,2019-02,0.2160975236899713
Turkana,Turkana Central,0.538281501213,2019.0,2.0,2019-02,0.1217745857098658
Turkana,Turkana East,0.909087463502,2019.0,2.0,2019-02,0.1718101260595976
Turkana,Turkana North,1.66897152383,2019.0,2.0,2019-02,0.1926799055359149
Turkana,Turkana South,0.603285539944,2019.0,2.0,2019-02,0.1666345799339317
Turkana,Turkana West,1.19593592043,2019.0,2.0,2019-02,0.2158313189655353
Kiambu,Gatundu North,0.0190562071078,2019.0,3.0,2019-03,0.696082630085825
Kiambu,Gatundu South,0.018013492523,2019.0,3.0,2019-03,0.66937939407016
Kiambu,Githunguri,0.0140557399999,2019.0,3.0,2019-03,0.5993259363714927
Kiambu,Juja,0.0303444523402,2019.0,3.0,2019-03,0.371824217561892
Kiambu,Kabete,0.00456838148631,2019.0,3.0,2019-03,0.4697540517771598
Kiambu,Kiambaa,0.00720464174127,2019.0,3.0,2019-03,0.5436840152725838
Kiambu,Kiambu,0.00796244668767,2019.0,3.0,2019-03,0.4645465233433553
Kiambu,Kikuyu,0.0141641490709,2019.0,3.0,2019-03,0.3956421872599654
Kiambu,Lari,0.037858207576,2019.0,3.0,2019-03,0.6793540914344477
Kiambu,Limuru,0.0231553754199,2019.0,3.0,2019-03,0.4741563537820693
Kiambu,Ruiru,0.0124421280679,2019.0,3.0,2019-03,0.2863923357774477
Kiambu,Thika Town,0.0178033031507,2019.0,3.0,2019-03,0.4107021219546068
Machakos,Kangundo,0.013896319438,2019.0,3.0,2019-03,0.522601803545172
Machakos,Kathiani,0.0167415041685,2019.0,3.0,2019-03,0.4655922225451901
Machakos,Machakos Town,0.0615270519301,2019.0,3.0,2019-03,0.3693343540039335
Machakos,Masinga,0.11427469357,2019.0,3.0,2019-03,0.3335516661628878
Machakos,Matungulu,0.0472449879416,2019.0,3.0,2019-03,0.3688837924673878
Machakos,Mavoko,0.0684719511619,2019.0,3.0,2019-03,0.2678241481424562
Machakos,Mwala,0.0827962943547,2019.0,3.0,2019-03,0.3973906097551652
Machakos,Yatta,0.0862109028544,2019.0,3.0,2019-03,0.3504131223479126
Nairobi,Dagoretti,0.00198642271282,2019.0,3.0,2019-03,0.3723909003545251
Nairobi,Embakasi Central,0.000664901959297,2019.0,3.0,2019-03,0.1700994703484393
Nairobi,Embakasi East,0.00697580217167,2019.0,3.0,2019-03,0.2218945814994214
Nairobi,Embakasi North,0.000441181256097,2019.0,3.0,2019-03,0.2153152403177308
Nairobi,Embakasi South,0.00142609820487,2019.0,3.0,2019-03,0.1794439825476538
Nairobi,Embakasi West,0.000793166442342,2019.0,3.0,2019-03,0.2053052398422681
Nairobi,Kamukunji,0.000718135459802,2019.0,3.0,2019-03,0.2370980441544856
Nairobi,Kasarani,0.0110736011415,2019.0,3.0,2019-03,0.27125076889821
Nairobi,Kibra,0.00100197842996,2019.0,3.0,2019-03,0.281518970283345
Nairobi,Kilimani,0.00238546350977,2019.0,3.0,2019-03,0.3773161082955234
Nairobi,Langata,0.0170497156745,2019.0,3.0,2019-03,0.3379782334534911
Nairobi,Makadara,0.000974908477702,2019.0,3.0,2019-03,0.2098983878499929
Nairobi,Mathare,0.000235884309461,2019.0,3.0,2019-03,0.2293651574968501
Nairobi,Roysambu,0.00390887981589,2019.0,3.0,2019-03,0.3690430945560193
Nairobi,Ruaraka,0.000583416833502,2019.0,3.0,2019-03,0.2830820018318748
Nairobi,Starehe,0.00136813789598,2019.0,3.0,2019-03,0.2285986511103399
Nairobi,Westlands,0.00590790301496,2019.0,3.0,2019-03,0.4760872021039378
Turkana,Loima,0.792863767753,2019.0,3.0,2019-03,0.2107570434568833
Turkana,Turkana Central,0.538281501213,2019.0,3.0,2019-03,0.1242625173081878
Turkana,Turkana East,0.909087463502,2019.0,3.0,2019-03,0.1699839077350338
Turkana,Turkana North,1.66897152383,2019.0,3.0,2019-03,0.1846046295583027
Turkana,Turkana South,0.603285539944,2019.0,3.0,2019-03,0.1666955329629306
Turkana,Turkana West,1.19593592043,2019.0,3.0,2019-03,0.2309846927297623
Kiambu,Gatundu North,0.0190562071078,2019.0,4.0,2019-04,0.6962878006132676
Kiambu,Gatundu South,0.018013492523,2019.0,4.0,2019-04,0.6807586430896146
Kiambu,Githunguri,0.0140557399999,2019.0,4.0,2019-04,0.624877738747638
Kiambu,Juja,0.0303444523402,2019.0,4.0,2019-04,0.4081720632130073
Kiambu,Kabete,0.00456838148631,2019.0,4.0,2019-04,0.4968565223888352
Kiambu,Kiambaa,0.00720464174127,2019.0,4.0,2019-04,0.5636100403095157
Kiambu,Kiambu,0.00796244668767,2019.0,4.0,2019-04,0.4940536400228584
Kiambu,Kikuyu,0.0141641490709,2019.0,4.0,2019-04,0.4051019329173432
Kiambu,Lari,0.037858207576,2019.0,4.0,2019-04,0.6763179736991145
Kiambu,Limuru,0.0231553754199,2019.0,4.0,2019-04,0.4752154921143132
Kiambu,Ruiru,0.0124421280679,2019.0,4.0,2019-04,0.3037371834230531
Kiambu,Thika Town,0.0178033031507,2019.0,4.0,2019-04,0.4538824744839846
Machakos,Kangundo,0.013896319438,2019.0,4.0,2019-04,0.4759656014735247
Machakos,Kathiani,0.0167415041685,2019.0,4.0,2019-04,0.4457042590964627
Machakos,Machakos Town,0.0615270519301,2019.0,4.0,2019-04,0.3554984296522185
Machakos,Masinga,0.11427469357,2019.0,4.0,2019-04,0.3928268124597764
Machakos,Matungulu,0.0472449879416,2019.0,4.0,2019-04,0.3790616476327203
Machakos,Mavoko,0.0684719511619,2019.0,4.0,2019-04,0.2982373245088092
Machakos,Mwala,0.0827962943547,2019.0,4.0,2019-04,0.3863529421784483
Machakos,Yatta,0.0862109028544,2019.0,4.0,2019-04,0.3778987568471028
Nairobi,Dagoretti,0.00198642271282,2019.0,4.0,2019-04,0.3670712839587313
Nairobi,Embakasi Central,0.000664901959297,2019.0,4.0,2019-04,0.1819911610676347
Nairobi,Embakasi East,0.00697580217167,2019.0,4.0,2019-04,0.2396419670406336
Nairobi,Embakasi North,0.000441181256097,2019.0,4.0,2019-04,0.2381097249023917
Nairobi,Embakasi South,0.00142609820487,2019.0,4.0,2019-04,0.2006382390888153
Nairobi,Embakasi West,0.000793166442342,2019.0,4.0,2019-04,0.2206028975741237
Nairobi,Kamukunji,0.000718135459802,2019.0,4.0,2019-04,0.2586151154788449
Nairobi,Kasarani,0.0110736011415,2019.0,4.0,2019-04,0.2954069322319128
Nairobi,Kibra,0.00100197842996,2019.0,4.0,2019-04,0.3121349373087175
Nairobi,Kilimani,0.00238546350977,2019.0,4.0,2019-04,0.4060500344229797
Nairobi,Langata,0.0170497156745,2019.0,4.0,2019-04,0.367248540292069
Nairobi,Makadara,0.000974908477702,2019.0,4.0,2019-04,0.2344216919453412
Nairobi,Mathare,0.000235884309461,2019.0,4.0,2019-04,0.2466261024779506
Nairobi,Roysambu,0.00390887981589,2019.0,4.0,2019-04,0.4083363194416323
Nairobi,Ruaraka,0.000583416833502,2019.0,4.0,2019-04,0.325123103670534
Nairobi,Starehe,0.00136813789598,2019.0,4.0,2019-04,0.261420964897062
Nairobi,Westlands,0.00590790301496,2019.0,4.0,2019-04,0.5023361111297118
Turkana,Loima,0.792863767753,2019.0,4.0,2019-04,0.2372647225150997
Turkana,Turkana Central,0.538281501213,2019.0,4.0,2019-04,0.1274756723184506
Turkana,Turkana East,0.909087463502,2019.0,4.0,2019-04,0.176621697508482
Turkana,Turkana North,1.66897152383,2019.0,4.0,2019-04,0.1979665111605804
Turkana,Turkana South,0.603285539944,2019.0,4.0,2019-04,0.175431499814335
Turkana,Turkana West,1.19593592043,2019.0,4.0,2019-04,0.2642355488930585
Kiambu,Gatundu North,0.0190562071078,2019.0,5.0,2019-05,0.6002407658994936
Kiambu,Gatundu South,0.018013492523,2019.0,5.0,2019-05,0.5631326059935261
Kiambu,Githunguri,0.0140557399999,2019.0,5.0,2019-05,0.4688807248347084
Kiambu,Juja,0.0303444523402,2019.0,5.0,2019-05,0.423022534243584
Kiambu,Kabete,0.00456838148631,2019.0,5.0,2019-05,0.4143407850169356
Kiambu,Kiambaa,0.00720464174127,2019.0,5.0,2019-05,0.4600467260875057
Kiambu,Kiambu,0.00796244668767,2019.0,5.0,2019-05,0.4635872348249555
Kiambu,Kikuyu,0.0141641490709,2019.0,5.0,2019-05,0.4325002796623666
Kiambu,Lari,0.037858207576,2019.0,5.0,2019-05,0.5790009427061242
Kiambu,Limuru,0.0231553754199,2019.0,5.0,2019-05,0.4290239654468376
Kiambu,Ruiru,0.0124421280679,2019.0,5.0,2019-05,0.3371109719647563
Kiambu,Thika Town,0.0178033031507,2019.0,5.0,2019-05,0.4671573166652774
Machakos,Kangundo,0.013896319438,2019.0,5.0,2019-05,0.5567002537959077
Machakos,Kathiani,0.0167415041685,2019.0,5.0,2019-05,0.470423706101016
Machakos,Machakos Town,0.0615270519301,2019.0,5.0,2019-05,0.4221317253716612
Machakos,Masinga,0.11427469357,2019.0,5.0,2019-05,0.487505746181283
Machakos,Matungulu,0.0472449879416,2019.0,5.0,2019-05,0.4673798988707728
Machakos,Mavoko,0.0684719511619,2019.0,5.0,2019-05,0.3513696854902045
Machakos,Mwala,0.0827962943547,2019.0,5.0,2019-05,0.4837453204419461
Machakos,Yatta,0.0862109028544,2019.0,5.0,2019-05,0.4687202349610366
Nairobi,Dagoretti,0.00198642271282,2019.0,5.0,2019-05,0.2957475282823454
Nairobi,Embakasi Central,0.000664901959297,2019.0,5.0,2019-05,0.1796509239146607
Nairobi,Embakasi East,0.00697580217167,2019.0,5.0,2019-05,0.3013531246455065
Nairobi,Embakasi North,0.000441181256097,2019.0,5.0,2019-05,0.2187927545662611
Nairobi,Embakasi South,0.00142609820487,2019.0,5.0,2019-05,0.2419261313504063
Nairobi,Embakasi West,0.000793166442342,2019.0,5.0,2019-05,0.226918735649396
Nairobi,Kamukunji,0.000718135459802,2019.0,5.0,2019-05,0.2665418958350537
Nairobi,Kasarani,0.0110736011415,2019.0,5.0,2019-05,0.3018411531150738
Nairobi,Kibra,0.00100197842996,2019.0,5.0,2019-05,0.3524314137624644
Nairobi,Kilimani,0.00238546350977,2019.0,5.0,2019-05,0.4277326180542307
Nairobi,Langata,0.0170497156745,2019.0,5.0,2019-05,0.4664250872181727
Nairobi,Makadara,0.000974908477702,2019.0,5.0,2019-05,0.2151148057907455
Nairobi,Mathare,0.000235884309461,2019.0,5.0,2019-05,0.2696986140277194
Nairobi,Roysambu,0.00390887981589,2019.0,5.0,2019-05,0.4504951909644893
Nairobi,Ruaraka,0.000583416833502,2019.0,5.0,2019-05,0.2955730086844427
Nairobi,Starehe,0.00136813789598,2019.0,5.0,2019-05,0.2533476896830904
Nairobi,Westlands,0.00590790301496,2019.0,5.0,2019-05,0.4471246121240931
Turkana,Loima,0.792863767753,2019.0,5.0,2019-05,0.2775332677149194
Turkana,Turkana Central,0.538281501213,2019.0,5.0,2019-05,0.1373581717871325
Turkana,Turkana East,0.909087463502,2019.0,5.0,2019-05,0.1948644193708177
Turkana,Turkana North,1.66897152383,2019.0,5.0,2019-05,0.2138740014275625
Turkana,Turkana South,0.603285539944,2019.0,5.0,2019-05,0.1985694051663933
Turkana,Turkana West,1.19593592043,2019.0,5.0,2019-05,0.3447477381181482
Kiambu,Gatundu North,0.0190562071078,2019.0,6.0,2019-06,0.5750946820205038
Kiambu,Gatundu South,0.018013492523,2019.0,6.0,2019-06,0.5998764747736951
Kiambu,Githunguri,0.0140557399999,2019.0,6.0,2019-06,0.602817496924969
Kiambu,Juja,0.0303444523402,2019.0,6.0,2019-06,0.542695802671694
Kiambu,Kabete,0.00456838148631,2019.0,6.0,2019-06,0.3535044519954605
Kiambu,Kiambaa,0.00720464174127,2019.0,6.0,2019-06,0.5003015889033506
Kiambu,Kiambu,0.00796244668767,2019.0,6.0,2019-06,0.5201168685864785
Kiambu,Kikuyu,0.0141641490709,2019.0,6.0,2019-06,0.5096254804187472
Kiambu,Lari,0.037858207576,2019.0,6.0,2019-06,0.612404462544648
Kiambu,Limuru,0.0231553754199,2019.0,6.0,2019-06,0.5613147788488307
Kiambu,Ruiru,0.0124421280679,2019.0,6.0,2019-06,0.5006150461689618
Kiambu,Thika Town,0.0178033031507,2019.0,6.0,2019-06,0.5377059219379383
Machakos,Kangundo,0.013896319438,2019.0,6.0,2019-06,0.555501674583258
Machakos,Kathiani,0.0167415041685,2019.0,6.0,2019-06,0.5457101279897159
Machakos,Machakos Town,0.0615270519301,2019.0,6.0,2019-06,0.5073052117581656
Machakos,Masinga,0.11427469357,2019.0,6.0,2019-06,0.4380863386664396
Machakos,Matungulu,0.0472449879416,2019.0,6.0,2019-06,0.4806081637484631
Machakos,Mavoko,0.0684719511619,2019.0,6.0,2019-06,0.53007053253067
Machakos,Mwala,0.0827962943547,2019.0,6.0,2019-06,0.4111599223358549
Machakos,Yatta,0.0862109028544,2019.0,6.0,2019-06,0.4091597477971687
Nairobi,Dagoretti,0.00198642271282,2019.0,6.0,2019-06,0.3707732094486934
Nairobi,Embakasi Central,0.000664901959297,2019.0,6.0,2019-06,0.2355669830690034
Nairobi,Embakasi East,0.00697580217167,2019.0,6.0,2019-06,0.4262752753703747
Nairobi,Embakasi North,0.000441181256097,2019.0,6.0,2019-06,0.3108618969618094
Nairobi,Embakasi South,0.00142609820487,2019.0,6.0,2019-06,0.3112021316001214
Nairobi,Embakasi West,0.000793166442342,2019.0,6.0,2019-06,0.2847419811320755
Nairobi,Kamukunji,0.000718135459802,2019.0,6.0,2019-06,0.3996065474715773
Nairobi,Kasarani,0.0110736011415,2019.0,6.0,2019-06,0.4553954453857173
Nairobi,Kibra,0.00100197842996,2019.0,6.0,2019-06,0.3924875397373877
Nairobi,Kilimani,0.00238546350977,2019.0,6.0,2019-06,0.375441981519422
Nairobi,Langata,0.0170497156745,2019.0,6.0,2019-06,0.5943368149443271
Nairobi,Makadara,0.000974908477702,2019.0,6.0,2019-06,0.312801563420032
Nairobi,Mathare,0.000235884309461,2019.0,6.0,2019-06,0.3255343931121378
Nairobi,Roysambu,0.00390887981589,2019.0,6.0,2019-06,0.493574237761671
Nairobi,Ruaraka,0.000583416833502,2019.0,6.0,2019-06,0.3914054888391344
Nairobi,Starehe,0.00136813789598,2019.0,6.0,2019-06,0.3285802864041174
Nairobi,Westlands,0.00590790301496,2019.0,6.0,2019-06,0.44011515160139
Turkana,Loima,0.792863767753,2019.0,6.0,2019-06,0.3257178045345194
Turkana,Turkana Central,0.538281501213,2019.0,6.0,2019-06,0.1517652449096928
Turkana,Turkana East,0.909087463502,2019.0,6.0,2019-06,0.3071438100664519
Turkana,Turkana North,1.66897152383,2019.0,6.0,2019-06,0.2718914658389577
Turkana,Turkana South,0.603285539944,2019.0,6.0,2019-06,0.2585658029706503
Turkana,Turkana West,1.19593592043,2019.0,6.0,2019-06,0.4031541352098921
Kiambu,Gatundu North,0.0190562071078,2019.0,7.0,2019-07,0.7505174341681858
Kiambu,Gatundu South,0.018013492523,2019.0,7.0,2019-07,0.7436726941219871
Kiambu,Githunguri,0.0140557399999,2019.0,7.0,2019-07,0.7273139545176903
Kiambu,Juja,0.0303444523402,2019.0,7.0,2019-07,0.4660073792617468
Kiambu,Kabete,0.00456838148631,2019.0,7.0,2019-07,0.6425116084964093
Kiambu,Kiambaa,0.00720464174127,2019.0,7.0,2019-07,0.6750646263406763
Kiambu,Kiambu,0.00796244668767,2019.0,7.0,2019-07,0.5907954517106876
Kiambu,Kikuyu,0.0141641490709,2019.0,7.0,2019-07,0.5777520831180311
Kiambu,Lari,0.037858207576,2019.0,7.0,2019-07,0.7529751634138907
Kiambu,Limuru,0.0231553754199,2019.0,7.0,2019-07,0.6597259424637925
Kiambu,Ruiru,0.0124421280679,2019.0,7.0,2019-07,0.3873000961853373
Kiambu,Thika Town,0.0178033031507,2019.0,7.0,2019-07,0.4545416866961133
Machakos,Kangundo,0.013896319438,2019.0,7.0,2019-07,0.4919527680550244
Machakos,Kathiani,0.0167415041685,2019.0,7.0,2019-07,0.4500047722014654
Machakos,Machakos Town,0.0615270519301,2019.0,7.0,2019-07,0.3797628819055644
Machakos,Masinga,0.11427469357,2019.0,7.0,2019-07,0.3324896707497451
Machakos,Matungulu,0.0472449879416,2019.0,7.0,2019-07,0.4021596519464942
Machakos,Mavoko,0.0684719511619,2019.0,7.0,2019-07,0.3484495662606266
Machakos,Mwala,0.0827962943547,2019.0,7.0,2019-07,0.3418810016689574
Machakos,Yatta,0.0862109028544,2019.0,7.0,2019-07,0.3325248963140645
Nairobi,Dagoretti,0.00198642271282,2019.0,7.0,2019-07,0.4929518941204596
Nairobi,Embakasi Central,0.000664901959297,2019.0,7.0,2019-07,0.205619905079299
Nairobi,Embakasi East,0.00697580217167,2019.0,7.0,2019-07,0.3082177174319939
Nairobi,Embakasi North,0.000441181256097,2019.0,7.0,2019-07,0.276548005205762
Nairobi,Embakasi South,0.00142609820487,2019.0,7.0,2019-07,0.2263240587109123
Nairobi,Embakasi West,0.000793166442342,2019.0,7.0,2019-07,0.2561509109513828
Nairobi,Kamukunji,0.000718135459802,2019.0,7.0,2019-07,0.31804518952845
Nairobi,Kasarani,0.0110736011415,2019.0,7.0,2019-07,0.344454071015896
Nairobi,Kibra,0.00100197842996,2019.0,7.0,2019-07,0.3855263797018463
Nairobi,Kilimani,0.00238546350977,2019.0,7.0,2019-07,0.441510460853192
Nairobi,Langata,0.0170497156745,2019.0,7.0,2019-07,0.5044000718164933
Nairobi,Makadara,0.000974908477702,2019.0,7.0,2019-07,0.2690371038151509
Nairobi,Mathare,0.000235884309461,2019.0,7.0,2019-07,0.2832097690046201
Nairobi,Roysambu,0.00390887981589,2019.0,7.0,2019-07,0.4691470892213628
Nairobi,Ruaraka,0.000583416833502,2019.0,7.0,2019-07,0.3602973319085422
Nairobi,Starehe,0.00136813789598,2019.0,7.0,2019-07,0.2721165575121441
Nairobi,Westlands,0.00590790301496,2019.0,7.0,2019-07,0.568355835548651
Turkana,Loima,0.792863767753,2019.0,7.0,2019-07,0.3055355943669189
Turkana,Turkana Central,0.538281501213,2019.0,7.0,2019-07,0.1567620350169659
Turkana,Turkana East,0.909087463502,2019.0,7.0,2019-07,0.2916696838974645
Turkana,Turkana North,1.66897152383,2019.0,7.0,2019-07,0.2660398834586171
Turkana,Turkana South,0.603285539944,2019.0,7.0,2019-07,0.2475530182826892
Turkana,Turkana West,1.19593592043,2019.0,7.0,2019-07,0.3619826357226856
Kiambu,Gatundu North,0.0190562071078,2019.0,8.0,2019-08,0.6468039187160813
Kiambu,Gatundu South,0.018013492523,2019.0,8.0,2019-08,0.6290909647464186
Kiambu,Githunguri,0.0140557399999,2019.0,8.0,2019-08,0.5527097736721076
Kiambu,Juja,0.0303444523402,2019.0,8.0,2019-08,0.3800353750416371
Kiambu,Kabete,0.00456838148631,2019.0,8.0,2019-08,0.5328335828200667
Kiambu,Kiambaa,0.00720464174127,2019.0,8.0,2019-08,0.5252392217352866
Kiambu,Kiambu,0.00796244668767,2019.0,8.0,2019-08,0.4140032042139788
Kiambu,Kikuyu,0.0141641490709,2019.0,8.0,2019-08,0.5090443682074522
Kiambu,Lari,0.037858207576,2019.0,8.0,2019-08,0.7066034100599217
Kiambu,Limuru,0.0231553754199,2019.0,8.0,2019-08,0.5705463905323923
Kiambu,Ruiru,0.0124421280679,2019.0,8.0,2019-08,0.2884390646015702
Kiambu,Thika Town,0.0178033031507,2019.0,8.0,2019-08,0.3830647988443484
Machakos,Kangundo,0.013896319438,2019.0,8.0,2019-08,0.4307857625193405
Machakos,Kathiani,0.0167415041685,2019.0,8.0,2019-08,0.4088582662781606
Machakos,Machakos Town,0.0615270519301,2019.0,8.0,2019-08,0.325540641792632
Machakos,Masinga,0.11427469357,2019.0,8.0,2019-08,0.3076091428533793
Machakos,Matungulu,0.0472449879416,2019.0,8.0,2019-08,0.3478519062834002
Machakos,Mavoko,0.0684719511619,2019.0,8.0,2019-08,0.2716539928028356
Machakos,Mwala,0.0827962943547,2019.0,8.0,2019-08,0.3103129666203514
Machakos,Yatta,0.0862109028544,2019.0,8.0,2019-08,0.3074742859224136
Nairobi,Dagoretti,0.00198642271282,2019.0,8.0,2019-08,0.4179288584488532
Nairobi,Embakasi Central,0.000664901959297,2019.0,8.0,2019-08,0.1705069107626387
Nairobi,Embakasi East,0.00697580217167,2019.0,8.0,2019-08,0.2172423802379924
Nairobi,Embakasi North,0.000441181256097,2019.0,8.0,2019-08,0.2236844051519096
Nairobi,Embakasi South,0.00142609820487,2019.0,8.0,2019-08,0.1700804798701479
Nairobi,Embakasi West,0.000793166442342,2019.0,8.0,2019-08,0.1904906945692323
Nairobi,Kamukunji,0.000718135459802,2019.0,8.0,2019-08,0.2173842472541083
Nairobi,Kasarani,0.0110736011415,2019.0,8.0,2019-08,0.2476716621528435
Nairobi,Kibra,0.00100197842996,2019.0,8.0,2019-08,0.290217298844901
Nairobi,Kilimani,0.00238546350977,2019.0,8.0,2019-08,0.3244409596131354
Nairobi,Langata,0.0170497156745,2019.0,8.0,2019-08,0.3844363967495781
Nairobi,Makadara,0.000974908477702,2019.0,8.0,2019-08,0.1810102424316257
Nairobi,Mathare,0.000235884309461,2019.0,8.0,2019-08,0.1988112347753045
Nairobi,Roysambu,0.00390887981589,2019.0,8.0,2019-08,0.3662999921549179
Nairobi,Ruaraka,0.000583416833502,2019.0,8.0,2019-08,0.3012631080806028
Nairobi,Starehe,0.00136813789598,2019.0,8.0,2019-08,0.1879711022438121
Nairobi,Westlands,0.00590790301496,2019.0,8.0,2019-08,0.433378929315182
Turkana,Loima,0.792863767753,2019.0,8.0,2019-08,0.2858591837423266
Turkana,Turkana Central,0.538281501213,2019.0,8.0,2019-08,0.1383136472339576
Turkana,Turkana East,0.909087463502,2019.0,8.0,2019-08,0.2608513290791099
Turkana,Turkana North,1.66897152383,2019.0,8.0,2019-08,0.2599883253283528
Turkana,Turkana South,0.603285539944,2019.0,8.0,2019-08,0.2292903002265285
Turkana,Turkana West,1.19593592043,2019.0,8.0,2019-08,0.3725868374338777
Kiambu,Gatundu North,0.0190562071078,2019.0,9.0,2019-09,0.6453840720122397
Kiambu,Gatundu South,0.018013492523,2019.0,9.0,2019-09,0.630540392998475
Kiambu,Githunguri,0.0140557399999,2019.0,9.0,2019-09,0.6215284623298176
Kiambu,Juja,0.0303444523402,2019.0,9.0,2019-09,0.3569100586800063
Kiambu,Kabete,0.00456838148631,2019.0,9.0,2019-09,0.5316628273430529
Kiambu,Kiambaa,0.00720464174127,2019.0,9.0,2019-09,0.598807338775667
Kiambu,Kiambu,0.00796244668767,2019.0,9.0,2019-09,0.4751055421522108
Kiambu,Kikuyu,0.0141641490709,2019.0,9.0,2019-09,0.4562243443122055
Kiambu,Lari,0.037858207576,2019.0,9.0,2019-09,0.6985697629963026
Kiambu,Limuru,0.0231553754199,2019.0,9.0,2019-09,0.5520583964062935
Kiambu,Ruiru,0.0124421280679,2019.0,9.0,2019-09,0.2840805510863377
Kiambu,Thika Town,0.0178033031507,2019.0,9.0,2019-09,0.3697369516348585
Machakos,Kangundo,0.013896319438,2019.0,9.0,2019-09,0.3903091730210539
Machakos,Kathiani,0.0167415041685,2019.0,9.0,2019-09,0.3656208608348163
Machakos,Machakos Town,0.0615270519301,2019.0,9.0,2019-09,0.3237502125827789
Machakos,Masinga,0.11427469357,2019.0,9.0,2019-09,0.2858574662446334
Machakos,Matungulu,0.0472449879416,2019.0,9.0,2019-09,0.329421094942827
Machakos,Mavoko,0.0684719511619,2019.0,9.0,2019-09,0.2671371865395635
Machakos,Mwala,0.0827962943547,2019.0,9.0,2019-09,0.2896369844289475
Machakos,Yatta,0.0862109028544,2019.0,9.0,2019-09,0.2890965800332455
Nairobi,Dagoretti,0.00198642271282,2019.0,9.0,2019-09,0.3777607472912686
Nairobi,Embakasi Central,0.000664901959297,2019.0,9.0,2019-09,0.1737396465022168
Nairobi,Embakasi East,0.00697580217167,2019.0,9.0,2019-09,0.2485509415341334
Nairobi,Embakasi North,0.000441181256097,2019.0,9.0,2019-09,0.2207212045056769
Nairobi,Embakasi South,0.00142609820487,2019.0,9.0,2019-09,0.2196166116367469
Nairobi,Embakasi West,0.000793166442342,2019.0,9.0,2019-09,0.2253262079464909
Nairobi,Kamukunji,0.000718135459802,2019.0,9.0,2019-09,0.2795694235692458
Nairobi,Kasarani,0.0110736011415,2019.0,9.0,2019-09,0.2650832619934899
Nairobi,Kibra,0.00100197842996,2019.0,9.0,2019-09,0.3604827189258566
Nairobi,Kilimani,0.00238546350977,2019.0,9.0,2019-09,0.4260420184308096
Nairobi,Langata,0.0170497156745,2019.0,9.0,2019-09,0.3873855253219851
Nairobi,Makadara,0.000974908477702,2019.0,9.0,2019-09,0.2389762522588375
Nairobi,Mathare,0.000235884309461,2019.0,9.0,2019-09,0.2597286560268795
Nairobi,Roysambu,0.00390887981589,2019.0,9.0,2019-09,0.372940298669879
Nairobi,Ruaraka,0.000583416833502,2019.0,9.0,2019-09,0.2790879062351586
Nairobi,Starehe,0.00136813789598,2019.0,9.0,2019-09,0.2541899151341661
Nairobi,Westlands,0.00590790301496,2019.0,9.0,2019-09,0.5196907643013546
Turkana,Loima,0.792863767753,2019.0,9.0,2019-09,0.2707046451515373
Turkana,Turkana Central,0.538281501213,2019.0,9.0,2019-09,0.1316762230700543
Turkana,Turkana East,0.909087463502,2019.0,9.0,2019-09,0.2182837014803906
Turkana,Turkana North,1.66897152383,2019.0,9.0,2019-09,0.2338362356315534
Turkana,Turkana South,0.603285539944,2019.0,9.0,2019-09,0.2093170900871385
Turkana,Turkana West,1.19593592043,2019.0,9.0,2019-09,0.3697825871954259
Kiambu,Gatundu North,0.0190562071078,2019.0,10.0,2019-10,0.6864311651670607
Kiambu,Gatundu South,0.018013492523,2019.0,10.0,2019-10,0.6436134319044264
Kiambu,Githunguri,0.0140557399999,2019.0,10.0,2019-10,0.6118873328435799
Kiambu,Juja,0.0303444523402,2019.0,10.0,2019-10,0.4000878178690456
Kiambu,Kabete,0.00456838148631,2019.0,10.0,2019-10,0.5340795494512154
Kiambu,Kiambaa,0.00720464174127,2019.0,10.0,2019-10,0.532231756362876
Kiambu,Kiambu,0.00796244668767,2019.0,10.0,2019-10,0.5235113668063112
Kiambu,Kikuyu,0.0141641490709,2019.0,10.0,2019-10,0.4901047132710098
Kiambu,Lari,0.037858207576,2019.0,10.0,2019-10,0.6903722323356245
Kiambu,Limuru,0.0231553754199,2019.0,10.0,2019-10,0.5639115825019969
Kiambu,Ruiru,0.0124421280679,2019.0,10.0,2019-10,0.3139590905477638
Kiambu,Thika Town,0.0178033031507,2019.0,10.0,2019-10,0.4071452233241656
Machakos,Kangundo,0.013896319438,2019.0,10.0,2019-10,0.4427224827872857
Machakos,Kathiani,0.0167415041685,2019.0,10.0,2019-10,0.4021146574928098
Machakos,Machakos Town,0.0615270519301,2019.0,10.0,2019-10,0.3807063996980602
Machakos,Masinga,0.11427469357,2019.0,10.0,2019-10,0.4317645332598673
Machakos,Matungulu,0.0472449879416,2019.0,10.0,2019-10,0.3800428407197944
Machakos,Mavoko,0.0684719511619,2019.0,10.0,2019-10,0.3362015721156539
Machakos,Mwala,0.0827962943547,2019.0,10.0,2019-10,0.3870233754052956
Machakos,Yatta,0.0862109028544,2019.0,10.0,2019-10,0.3756887607359718
Nairobi,Dagoretti,0.00198642271282,2019.0,10.0,2019-10,0.4089858199888463
Nairobi,Embakasi Central,0.000664901959297,2019.0,10.0,2019-10,0.1871011991549379
Nairobi,Embakasi East,0.00697580217167,2019.0,10.0,2019-10,0.2971762792953239
Nairobi,Embakasi North,0.000441181256097,2019.0,10.0,2019-10,0.2641302113718976
Nairobi,Embakasi South,0.00142609820487,2019.0,10.0,2019-10,0.24886659498904
Nairobi,Embakasi West,0.000793166442342,2019.0,10.0,2019-10,0.2434000474193871
Nairobi,Kamukunji,0.000718135459802,2019.0,10.0,2019-10,0.3101640597902386
Nairobi,Kasarani,0.0110736011415,2019.0,10.0,2019-10,0.3071192235271419
Nairobi,Kibra,0.00100197842996,2019.0,10.0,2019-10,0.385254376542601
Nairobi,Kilimani,0.00238546350977,2019.0,10.0,2019-10,0.3948628024452755
Nairobi,Langata,0.0170497156745,2019.0,10.0,2019-10,0.4378990403970673
Nairobi,Makadara,0.000974908477702,2019.0,10.0,2019-10,0.283533069379302
Nairobi,Mathare,0.000235884309461,2019.0,10.0,2019-10,0.2820410667786643
Nairobi,Roysambu,0.00390887981589,2019.0,10.0,2019-10,0.4276502647082639
Nairobi,Ruaraka,0.000583416833502,2019.0,10.0,2019-10,0.3292968213583013
Nairobi,Starehe,0.00136813789598,2019.0,10.0,2019-10,0.2723330253874624
Nairobi,Westlands,0.00590790301496,2019.0,10.0,2019-10,0.4835114166426717
Turkana,Loima,0.792863767753,2019.0,10.0,2019-10,0.3509803796307721
Turkana,Turkana Central,0.538281501213,2019.0,10.0,2019-10,0.145828680731731
Turkana,Turkana East,0.909087463502,2019.0,10.0,2019-10,0.2711548132091832
Turkana,Turkana North,1.66897152383,2019.0,10.0,2019-10,0.3421266023079371
Turkana,Turkana South,0.603285539944,2019.0,10.0,2019-10,0.2531765532945222
Turkana,Turkana West,1.19593592043,2019.0,10.0,2019-10,0.5365575914034115
Kiambu,Gatundu North,0.0190562071078,2019.0,11.0,2019-11,0.7576989530956106
Kiambu,Gatundu South,0.018013492523,2019.0,11.0,2019-11,0.7656870138989537
Kiambu,Githunguri,0.0140557399999,2019.0,11.0,2019-11,0.7910774971079232
Kiambu,Juja,0.0303444523402,2019.0,11.0,2019-11,0.6266228393444166
Kiambu,Kabete,0.00456838148631,2019.0,11.0,2019-11,0.705556187141038
Kiambu,Kiambaa,0.00720464174127,2019.0,11.0,2019-11,0.7309494631804972
Kiambu,Kiambu,0.00796244668767,2019.0,11.0,2019-11,0.7403861892811889
Kiambu,Kikuyu,0.0141641490709,2019.0,11.0,2019-11,0.6372237640389825
Kiambu,Lari,0.037858207576,2019.0,11.0,2019-11,0.7222849597565539
Kiambu,Limuru,0.0231553754199,2019.0,11.0,2019-11,0.6572948505982386
Kiambu,Ruiru,0.0124421280679,2019.0,11.0,2019-11,0.5986767285538499
Kiambu,Thika Town,0.0178033031507,2019.0,11.0,2019-11,0.6416476641942368
Machakos,Kangundo,0.013896319438,2019.0,11.0,2019-11,0.6146167698883898
Machakos,Kathiani,0.0167415041685,2019.0,11.0,2019-11,0.6137112254495368
Machakos,Machakos Town,0.0615270519301,2019.0,11.0,2019-11,0.6182017127822615
Machakos,Masinga,0.11427469357,2019.0,11.0,2019-11,0.5830245712140715
Machakos,Matungulu,0.0472449879416,2019.0,11.0,2019-11,0.6288022816454802
Machakos,Mavoko,0.0684719511619,2019.0,11.0,2019-11,0.5915870754939646
Machakos,Mwala,0.0827962943547,2019.0,11.0,2019-11,0.6182495471403164
Machakos,Yatta,0.0862109028544,2019.0,11.0,2019-11,0.6085010482621117
Nairobi,Dagoretti,0.00198642271282,2019.0,11.0,2019-11,0.5542272635834925
Nairobi,Embakasi Central,0.000664901959297,2019.0,11.0,2019-11,0.2486168982652423
Nairobi,Embakasi East,0.00697580217167,2019.0,11.0,2019-11,0.499065586785626
Nairobi,Embakasi North,0.000441181256097,2019.0,11.0,2019-11,0.3428964569402683
Nairobi,Embakasi South,0.00142609820487,2019.0,11.0,2019-11,0.3079046925723476
Nairobi,Embakasi West,0.000793166442342,2019.0,11.0,2019-11,0.3224606855845064
Nairobi,Kamukunji,0.000718135459802,2019.0,11.0,2019-11,0.4363819404299829
Nairobi,Kasarani,0.0110736011415,2019.0,11.0,2019-11,0.526483803027001
Nairobi,Kibra,0.00100197842996,2019.0,11.0,2019-11,0.4452606496199038
Nairobi,Kilimani,0.00238546350977,2019.0,11.0,2019-11,0.5007330020985576
Nairobi,Langata,0.0170497156745,2019.0,11.0,2019-11,0.6116313448827569
Nairobi,Makadara,0.000974908477702,2019.0,11.0,2019-11,0.362026025867495
Nairobi,Mathare,0.000235884309461,2019.0,11.0,2019-11,0.3625647837043257
Nairobi,Roysambu,0.00390887981589,2019.0,11.0,2019-11,0.5978861610215811
Nairobi,Ruaraka,0.000583416833502,2019.0,11.0,2019-11,0.4370745437275258
Nairobi,Starehe,0.00136813789598,2019.0,11.0,2019-11,0.3421571695003467
Nairobi,Westlands,0.00590790301496,2019.0,11.0,2019-11,0.6435836628409186
Turkana,Loima,0.792863767753,2019.0,11.0,2019-11,0.3750801452250661
Turkana,Turkana Central,0.538281501213,2019.0,11.0,2019-11,0.1697189318241319
Turkana,Turkana East,0.909087463502,2019.0,11.0,2019-11,0.2881629543498089
Turkana,Turkana North,1.66897152383,2019.0,11.0,2019-11,0.3659158992760866
Turkana,Turkana South,0.603285539944,2019.0,11.0,2019-11,0.2696810687870598
Turkana,Turkana West,1.19593592043,2019.0,11.0,2019-11,0.5092945959292726
Kiambu,Gatundu North,0.0190562071078,2019.0,12.0,2019-12,0.7628327496667928
Kiambu,Gatundu South,0.018013492523,2019.0,12.0,2019-12,0.7535279950061277
Kiambu,Githunguri,0.0140557399999,2019.0,12.0,2019-12,0.7579834765298452
Kiambu,Juja,0.0303444523402,2019.0,12.0,2019-12,0.6320764145421072
Kiambu,Kabete,0.00456838148631,2019.0,12.0,2019-12,0.671933940374403
Kiambu,Kiambaa,0.00720464174127,2019.0,12.0,2019-12,0.7141736619327697
Kiambu,Kiambu,0.00796244668767,2019.0,12.0,2019-12,0.7085657890029075
Kiambu,Kikuyu,0.0141641490709,2019.0,12.0,2019-12,0.6560121280595281
Kiambu,Lari,0.037858207576,2019.0,12.0,2019-12,0.701562890469064
Kiambu,Limuru,0.0231553754199,2019.0,12.0,2019-12,0.6913138074682933
Kiambu,Ruiru,0.0124421280679,2019.0,12.0,2019-12,0.5764646960861314
Kiambu,Thika Town,0.0178033031507,2019.0,12.0,2019-12,0.644232974247854
Machakos,Kangundo,0.013896319438,2019.0,12.0,2019-12,0.7200789064712995
Machakos,Kathiani,0.0167415041685,2019.0,12.0,2019-12,0.6428337831051683
Machakos,Machakos Town,0.0615270519301,2019.0,12.0,2019-12,0.5943358185666661
Machakos,Masinga,0.11427469357,2019.0,12.0,2019-12,0.6434116231062608
Machakos,Matungulu,0.0472449879416,2019.0,12.0,2019-12,0.645257434249886
Machakos,Mavoko,0.0684719511619,2019.0,12.0,2019-12,0.5507509038198923
Machakos,Mwala,0.0827962943547,2019.0,12.0,2019-12,0.6787798883809352
Machakos,Yatta,0.0862109028544,2019.0,12.0,2019-12,0.6837346580606807
Nairobi,Dagoretti,0.00198642271282,2019.0,12.0,2019-12,0.550411454349905
Nairobi,Embakasi Central,0.000664901959297,2019.0,12.0,2019-12,0.2664256226381408
Nairobi,Embakasi East,0.00697580217167,2019.0,12.0,2019-12,0.4751499347732382
Nairobi,Embakasi North,0.000441181256097,2019.0,12.0,2019-12,0.3396765628506033
Nairobi,Embakasi South,0.00142609820487,2019.0,12.0,2019-12,0.3112758434838098
Nairobi,Embakasi West,0.000793166442342,2019.0,12.0,2019-12,0.3276751048218029
Nairobi,Kamukunji,0.000718135459802,2019.0,12.0,2019-12,0.4170272909956779
Nairobi,Kasarani,0.0110736011415,2019.0,12.0,2019-12,0.5297873074628145
Nairobi,Kibra,0.00100197842996,2019.0,12.0,2019-12,0.4221545611610229
Nairobi,Kilimani,0.00238546350977,2019.0,12.0,2019-12,0.5138482751184068
Nairobi,Langata,0.0170497156745,2019.0,12.0,2019-12,0.602523320346808
Nairobi,Makadara,0.000974908477702,2019.0,12.0,2019-12,0.367832983086638
Nairobi,Mathare,0.000235884309461,2019.0,12.0,2019-12,0.342950088198236
Nairobi,Roysambu,0.00390887981589,2019.0,12.0,2019-12,0.5796861921488432
Nairobi,Ruaraka,0.000583416833502,2019.0,12.0,2019-12,0.4006154674672637
Nairobi,Starehe,0.00136813789598,2019.0,12.0,2019-12,0.3175989662849872
Nairobi,Westlands,0.00590790301496,2019.0,12.0,2019-12,0.6377176288511374
Turkana,Loima,0.792863767753,2019.0,12.0,2019-12,0.4140544388865398
Turkana,Turkana Central,0.538281501213,2019.0,12.0,2019-12,0.1965728000641847
Turkana,Turkana East,0.909087463502,2019.0,12.0,2019-12,0.3270490648033084
Turkana,Turkana North,1.66897152383,2019.0,12.0,2019-12,0.4141478747570546
Turkana,Turkana South,0.603285539944,2019.0,12.0,2019-12,0.3118907551266334
Turkana,Turkana West,1.19593592043,2019.0,12.0,2019-12,0.5079945625421812
Kiambu,Gatundu North,0.0190562071078,2020.0,1.0,2020-01,0.8021021970407863
Kiambu,Gatundu South,0.018013492523,2020.0,1.0,2020-01,0.7887001878192541
Kiambu,Githunguri,0.0140557399999,2020.0,1.0,2020-01,0.782007541073123
Kiambu,Juja,0.0303444523402,2020.0,1.0,2020-01,0.6251597109804351
Kiambu,Kabete,0.00456838148631,2020.0,1.0,2020-01,0.7315842102185613
Kiambu,Kiambaa,0.00720464174127,2020.0,1.0,2020-01,0.7554149995057412
Kiambu,Kiambu,0.00796244668767,2020.0,1.0,2020-01,0.7186262210848031
Kiambu,Kikuyu,0.0141641490709,2020.0,1.0,2020-01,0.6922442107446236
Kiambu,Lari,0.037858207576,2020.0,1.0,2020-01,0.7548408906226818
Kiambu,Limuru,0.0231553754199,2020.0,1.0,2020-01,0.7236941787217177
Kiambu,Ruiru,0.0124421280679,2020.0,1.0,2020-01,0.5970676651923544
Kiambu,Thika Town,0.0178033031507,2020.0,1.0,2020-01,0.6231586549990277
Machakos,Kangundo,0.013896319438,2020.0,1.0,2020-01,0.7161479817318206
Machakos,Kathiani,0.0167415041685,2020.0,1.0,2020-01,0.7018852626908569
Machakos,Machakos Town,0.0615270519301,2020.0,1.0,2020-01,0.6651692881458703
Machakos,Masinga,0.11427469357,2020.0,1.0,2020-01,0.5980074175403282
Machakos,Matungulu,0.0472449879416,2020.0,1.0,2020-01,0.652984295496953
Machakos,Mavoko,0.0684719511619,2020.0,1.0,2020-01,0.6180520377474145
Machakos,Mwala,0.0827962943547,2020.0,1.0,2020-01,0.6830898948814156
Machakos,Yatta,0.0862109028544,2020.0,1.0,2020-01,0.6476304029050648
Nairobi,Dagoretti,0.00198642271282,2020.0,1.0,2020-01,0.6037108941802106
Nairobi,Embakasi Central,0.000664901959297,2020.0,1.0,2020-01,0.3022729267712083
Nairobi,Embakasi East,0.00697580217167,2020.0,1.0,2020-01,0.5293177226784939
Nairobi,Embakasi North,0.000441181256097,2020.0,1.0,2020-01,0.3695488466544001
Nairobi,Embakasi South,0.00142609820487,2020.0,1.0,2020-01,0.335125335728753
Nairobi,Embakasi West,0.000793166442342,2020.0,1.0,2020-01,0.3667863631825897
Nairobi,Kamukunji,0.000718135459802,2020.0,1.0,2020-01,0.4823439700498249
Nairobi,Kasarani,0.0110736011415,2020.0,1.0,2020-01,0.5697899872624438
Nairobi,Kibra,0.00100197842996,2020.0,1.0,2020-01,0.4794417109290161
Nairobi,Kilimani,0.00238546350977,2020.0,1.0,2020-01,0.5446947046674243
Nairobi,Langata,0.0170497156745,2020.0,1.0,2020-01,0.6588631424762655
Nairobi,Makadara,0.000974908477702,2020.0,1.0,2020-01,0.3913869444275242
Nairobi,Mathare,0.000235884309461,2020.0,1.0,2020-01,0.3985891936161276
Nairobi,Roysambu,0.00390887981589,2020.0,1.0,2020-01,0.6078101024415923
Nairobi,Ruaraka,0.000583416833502,2020.0,1.0,2020-01,0.4623295729018252
Nairobi,Starehe,0.00136813789598,2020.0,1.0,2020-01,0.3713669297941241
Nairobi,Westlands,0.00590790301496,2020.0,1.0,2020-01,0.6713604927379982
Turkana,Loima,0.792863767753,2020.0,1.0,2020-01,0.346220109587985
Turkana,Turkana Central,0.538281501213,2020.0,1.0,2020-01,0.1663302528010976
Turkana,Turkana East,0.909087463502,2020.0,1.0,2020-01,0.2484791981356399
Turkana,Turkana North,1.66897152383,2020.0,1.0,2020-01,0.321943600456898
Turkana,Turkana South,0.603285539944,2020.0,1.0,2020-01,0.2540679266640047
Turkana,Turkana West,1.19593592043,2020.0,1.0,2020-01,0.3888304250208674
Kiambu,Gatundu North,0.0190562071078,2020.0,2.0,2020-02,0.7970046729481278
Kiambu,Gatundu South,0.018013492523,2020.0,2.0,2020-02,0.7801898924582414
Kiambu,Githunguri,0.0140557399999,2020.0,2.0,2020-02,0.7615222016516483
Kiambu,Juja,0.0303444523402,2020.0,2.0,2020-02,0.5943358358054948
Kiambu,Kabete,0.00456838148631,2020.0,2.0,2020-02,0.6884300308826459
Kiambu,Kiambaa,0.00720464174127,2020.0,2.0,2020-02,0.7253405923411913
Kiambu,Kiambu,0.00796244668767,2020.0,2.0,2020-02,0.6839373263845763
Kiambu,Kikuyu,0.0141641490709,2020.0,2.0,2020-02,0.6701866199189442
Kiambu,Lari,0.037858207576,2020.0,2.0,2020-02,0.8050941310508852
Kiambu,Limuru,0.0231553754199,2020.0,2.0,2020-02,0.719655170758295
Kiambu,Ruiru,0.0124421280679,2020.0,2.0,2020-02,0.5466193261779919
Kiambu,Thika Town,0.0178033031507,2020.0,2.0,2020-02,0.6132039251048681
Machakos,Kangundo,0.013896319438,2020.0,2.0,2020-02,0.712852000617764
Machakos,Kathiani,0.0167415041685,2020.0,2.0,2020-02,0.6848994758471414
Machakos,Machakos Town,0.0615270519301,2020.0,2.0,2020-02,0.6392719222273325
Machakos,Masinga,0.11427469357,2020.0,2.0,2020-02,0.6098814180535013
Machakos,Matungulu,0.0472449879416,2020.0,2.0,2020-02,0.6327111795604748
Machakos,Mavoko,0.0684719511619,2020.0,2.0,2020-02,0.5446631180558584
Machakos,Mwala,0.0827962943547,2020.0,2.0,2020-02,0.6886380960805053
Machakos,Yatta,0.0862109028544,2020.0,2.0,2020-02,0.6655026744512854
Nairobi,Dagoretti,0.00198642271282,2020.0,2.0,2020-02,0.5704399717176549
Nairobi,Embakasi Central,0.000664901959297,2020.0,2.0,2020-02,0.2422964679977385
Nairobi,Embakasi East,0.00697580217167,2020.0,2.0,2020-02,0.4600441081800031
Nairobi,Embakasi North,0.000441181256097,2020.0,2.0,2020-02,0.3120628506035988
Nairobi,Embakasi South,0.00142609820487,2020.0,2.0,2020-02,0.2939976110540771
Nairobi,Embakasi West,0.000793166442342,2020.0,2.0,2020-02,0.3006247928521512
Nairobi,Kamukunji,0.000718135459802,2020.0,2.0,2020-02,0.3995127948908525
Nairobi,Kasarani,0.0110736011415,2020.0,2.0,2020-02,0.5062717389712061
Nairobi,Kibra,0.00100197842996,2020.0,2.0,2020-02,0.4328977174449604
Nairobi,Kilimani,0.00238546350977,2020.0,2.0,2020-02,0.5050192005574037
Nairobi,Langata,0.0170497156745,2020.0,2.0,2020-02,0.5991373359909693
Nairobi,Makadara,0.000974908477702,2020.0,2.0,2020-02,0.3408825526385252
Nairobi,Mathare,0.000235884309461,2020.0,2.0,2020-02,0.3433670264594708
Nairobi,Roysambu,0.00390887981589,2020.0,2.0,2020-02,0.5565955515852123
Nairobi,Ruaraka,0.000583416833502,2020.0,2.0,2020-02,0.4098691261279601
Nairobi,Starehe,0.00136813789598,2020.0,2.0,2020-02,0.3248785861959286
Nairobi,Westlands,0.00590790301496,2020.0,2.0,2020-02,0.6423764122231965
Turkana,Loima,0.792863767753,2020.0,2.0,2020-02,0.3587718147595211
Turkana,Turkana Central,0.538281501213,2020.0,2.0,2020-02,0.1747458374414992
Turkana,Turkana East,0.909087463502,2020.0,2.0,2020-02,0.2622347018510029
Turkana,Turkana North,1.66897152383,2020.0,2.0,2020-02,0.3693782664412864
Turkana,Turkana South,0.603285539944,2020.0,2.0,2020-02,0.2708622521302607
Turkana,Turkana West,1.19593592043,2020.0,2.0,2020-02,0.4555737933644369
Kiambu,Gatundu North,0.0190562071078,2020.0,3.0,2020-03,0.8047985680905662
Kiambu,Gatundu South,0.018013492523,2020.0,3.0,2020-03,0.7789893517847499
Kiambu,Githunguri,0.0140557399999,2020.0,3.0,2020-03,0.7812017104770581
Kiambu,Juja,0.0303444523402,2020.0,3.0,2020-03,0.6138941337593847
Kiambu,Kabete,0.00456838148631,2020.0,3.0,2020-03,0.7152813263944843
Kiambu,Kiambaa,0.00720464174127,2020.0,3.0,2020-03,0.7304605828953656
Kiambu,Kiambu,0.00796244668767,2020.0,3.0,2020-03,0.6619984693269069
Kiambu,Kikuyu,0.0141641490709,2020.0,3.0,2020-03,0.6539550860145058
Kiambu,Lari,0.037858207576,2020.0,3.0,2020-03,0.8056515184559736
Kiambu,Limuru,0.0231553754199,2020.0,3.0,2020-03,0.6988944048446881
Kiambu,Ruiru,0.0124421280679,2020.0,3.0,2020-03,0.5775213584708289
Kiambu,Thika Town,0.0178033031507,2020.0,3.0,2020-03,0.6087797799261065
Machakos,Kangundo,0.013896319438,2020.0,3.0,2020-03,0.6603003046120259
Machakos,Kathiani,0.0167415041685,2020.0,3.0,2020-03,0.6585415379916297
Machakos,Machakos Town,0.0615270519301,2020.0,3.0,2020-03,0.6123217859975388
Machakos,Masinga,0.11427469357,2020.0,3.0,2020-03,0.5577943233652043
Machakos,Matungulu,0.0472449879416,2020.0,3.0,2020-03,0.6256977642176862
Machakos,Mavoko,0.0684719511619,2020.0,3.0,2020-03,0.5434299775308883
Machakos,Mwala,0.0827962943547,2020.0,3.0,2020-03,0.6535596767820304
Machakos,Yatta,0.0862109028544,2020.0,3.0,2020-03,0.6309143872853508
Nairobi,Dagoretti,0.00198642271282,2020.0,3.0,2020-03,0.6049507503784257
Nairobi,Embakasi Central,0.000664901959297,2020.0,3.0,2020-03,0.2788426265361384
Nairobi,Embakasi East,0.00697580217167,2020.0,3.0,2020-03,0.4980055458345623
Nairobi,Embakasi North,0.000441181256097,2020.0,3.0,2020-03,0.3706046964053313
Nairobi,Embakasi South,0.00142609820487,2020.0,3.0,2020-03,0.3059537471213336
Nairobi,Embakasi West,0.000793166442342,2020.0,3.0,2020-03,0.3331831349206347
Nairobi,Kamukunji,0.000718135459802,2020.0,3.0,2020-03,0.4285642593663115
Nairobi,Kasarani,0.0110736011415,2020.0,3.0,2020-03,0.5280051487953807
Nairobi,Kibra,0.00100197842996,2020.0,3.0,2020-03,0.4524451959719622
Nairobi,Kilimani,0.00238546350977,2020.0,3.0,2020-03,0.5369552074088203
Nairobi,Langata,0.0170497156745,2020.0,3.0,2020-03,0.6002888783052703
Nairobi,Makadara,0.000974908477702,2020.0,3.0,2020-03,0.3361456620170149
Nairobi,Mathare,0.000235884309461,2020.0,3.0,2020-03,0.3637367324653507
Nairobi,Roysambu,0.00390887981589,2020.0,3.0,2020-03,0.5971306826233952
Nairobi,Ruaraka,0.000583416833502,2020.0,3.0,2020-03,0.4796175554650928
Nairobi,Starehe,0.00136813789598,2020.0,3.0,2020-03,0.3318275011566041
Nairobi,Westlands,0.00590790301496,2020.0,3.0,2020-03,0.6847389337346572
Turkana,Loima,0.792863767753,2020.0,3.0,2020-03,0.3579960137683791
Turkana,Turkana Central,0.538281501213,2020.0,3.0,2020-03,0.1449880163599238
Turkana,Turkana East,0.909087463502,2020.0,3.0,2020-03,0.2375556551803151
Turkana,Turkana North,1.66897152383,2020.0,3.0,2020-03,0.3475447724983927
Turkana,Turkana South,0.603285539944,2020.0,3.0,2020-03,0.2649447057955288
Turkana,Turkana West,1.19593592043,2020.0,3.0,2020-03,0.4655094719069134
Kiambu,Gatundu North,0.0190562071078,2020.0,4.0,2020-04,0.6671341284810322
Kiambu,Gatundu South,0.018013492523,2020.0,4.0,2020-04,0.6603895734784504
Kiambu,Githunguri,0.0140557399999,2020.0,4.0,2020-04,0.6614821185906365
Kiambu,Juja,0.0303444523402,2020.0,4.0,2020-04,0.6168136058153318
Kiambu,Kabete,0.00456838148631,2020.0,4.0,2020-04,0.5640110274435407
Kiambu,Kiambaa,0.00720464174127,2020.0,4.0,2020-04,0.5674984087626515
Kiambu,Kiambu,0.00796244668767,2020.0,4.0,2020-04,0.6130228151166556
Kiambu,Kikuyu,0.0141641490709,2020.0,4.0,2020-04,0.6251873312598992
Kiambu,Lari,0.037858207576,2020.0,4.0,2020-04,0.5960303076204425
Kiambu,Limuru,0.0231553754199,2020.0,4.0,2020-04,0.5723136871028757
Kiambu,Ruiru,0.0124421280679,2020.0,4.0,2020-04,0.5702602636114181
Kiambu,Thika Town,0.0178033031507,2020.0,4.0,2020-04,0.6237428297913706
Machakos,Kangundo,0.013896319438,2020.0,4.0,2020-04,0.7464492849446233
Machakos,Kathiani,0.0167415041685,2020.0,4.0,2020-04,0.680733807150504
Machakos,Machakos Town,0.0615270519301,2020.0,4.0,2020-04,0.6040552064857921
Machakos,Masinga,0.11427469357,2020.0,4.0,2020-04,0.60670351870276
Machakos,Matungulu,0.0472449879416,2020.0,4.0,2020-04,0.6586379680879437
Machakos,Mavoko,0.0684719511619,2020.0,4.0,2020-04,0.5821817726043809
Machakos,Mwala,0.0827962943547,2020.0,4.0,2020-04,0.6991098442512422
Machakos,Yatta,0.0862109028544,2020.0,4.0,2020-04,0.6694945528203474
Nairobi,Dagoretti,0.00198642271282,2020.0,4.0,2020-04,0.5029665735540152
Nairobi,Embakasi Central,0.000664901959297,2020.0,4.0,2020-04,0.2536850849525395
Nairobi,Embakasi East,0.00697580217167,2020.0,4.0,2020-04,0.4855509701771894
Nairobi,Embakasi North,0.000441181256097,2020.0,4.0,2020-04,0.3294087039447109
Nairobi,Embakasi South,0.00142609820487,2020.0,4.0,2020-04,0.2836613162786824
Nairobi,Embakasi West,0.000793166442342,2020.0,4.0,2020-04,0.3109293488569429
Nairobi,Kamukunji,0.000718135459802,2020.0,4.0,2020-04,0.3773203608885953
Nairobi,Kasarani,0.0110736011415,2020.0,4.0,2020-04,0.5417292399269692
Nairobi,Kibra,0.00100197842996,2020.0,4.0,2020-04,0.4205168782703135
Nairobi,Kilimani,0.00238546350977,2020.0,4.0,2020-04,0.4560447560945262
Nairobi,Langata,0.0170497156745,2020.0,4.0,2020-04,0.5801029369349088
Nairobi,Makadara,0.000974908477702,2020.0,4.0,2020-04,0.3319746177742585
Nairobi,Mathare,0.000235884309461,2020.0,4.0,2020-04,0.3135664468710626
Nairobi,Roysambu,0.00390887981589,2020.0,4.0,2020-04,0.5289423300400854
Nairobi,Ruaraka,0.000583416833502,2020.0,4.0,2020-04,0.4120296322681324
Nairobi,Starehe,0.00136813789598,2020.0,4.0,2020-04,0.3210633060085587
Nairobi,Westlands,0.00590790301496,2020.0,4.0,2020-04,0.563276607081874
Turkana,Loima,0.792863767753,2020.0,4.0,2020-04,0.3766203986161775
Turkana,Turkana Central,0.538281501213,2020.0,4.0,2020-04,0.1639566043260285
Turkana,Turkana East,0.909087463502,2020.0,4.0,2020-04,0.3055824904340471
Turkana,Turkana North,1.66897152383,2020.0,4.0,2020-04,0.3417624855443472
Turkana,Turkana South,0.603285539944,2020.0,4.0,2020-04,0.2977755357559352
Turkana,Turkana West,1.19593592043,2020.0,4.0,2020-04,0.4872843326296098
Kiambu,Gatundu North,0.0190562071078,2020.0,5.0,2020-05,0.8140906050049606
Kiambu,Gatundu South,0.018013492523,2020.0,5.0,2020-05,0.8107053885624054
Kiambu,Githunguri,0.0140557399999,2020.0,5.0,2020-05,0.7952634060785684
Kiambu,Juja,0.0303444523402,2020.0,5.0,2020-05,0.6325772224514571
Kiambu,Kabete,0.00456838148631,2020.0,5.0,2020-05,0.7267303672132845
Kiambu,Kiambaa,0.00720464174127,2020.0,5.0,2020-05,0.7481416111998949
Kiambu,Kiambu,0.00796244668767,2020.0,5.0,2020-05,0.7202094700226112
Kiambu,Kikuyu,0.0141641490709,2020.0,5.0,2020-05,0.7272721512844219
Kiambu,Lari,0.037858207576,2020.0,5.0,2020-05,0.8001810836208859
Kiambu,Limuru,0.0231553754199,2020.0,5.0,2020-05,0.7373154933102808
Kiambu,Ruiru,0.0124421280679,2020.0,5.0,2020-05,0.5534172977802652
Kiambu,Thika Town,0.0178033031507,2020.0,5.0,2020-05,0.6385197633691685
Machakos,Kangundo,0.013896319438,2020.0,5.0,2020-05,0.7275664738168883
Machakos,Kathiani,0.0167415041685,2020.0,5.0,2020-05,0.7018470059717514
Machakos,Machakos Town,0.0615270519301,2020.0,5.0,2020-05,0.6270107785335903
Machakos,Masinga,0.11427469357,2020.0,5.0,2020-05,0.5949510801206311
Machakos,Matungulu,0.0472449879416,2020.0,5.0,2020-05,0.6301464327414875
Machakos,Mavoko,0.0684719511619,2020.0,5.0,2020-05,0.5912335708844448
Machakos,Mwala,0.0827962943547,2020.0,5.0,2020-05,0.6780462768918302
Machakos,Yatta,0.0862109028544,2020.0,5.0,2020-05,0.6402625192063017
Nairobi,Dagoretti,0.00198642271282,2020.0,5.0,2020-05,0.6102226970801463
Nairobi,Embakasi Central,0.000664901959297,2020.0,5.0,2020-05,0.2606025217960544
Nairobi,Embakasi East,0.00697580217167,2020.0,5.0,2020-05,0.4945174335537811
Nairobi,Embakasi North,0.000441181256097,2020.0,5.0,2020-05,0.3385972647309607
Nairobi,Embakasi South,0.00142609820487,2020.0,5.0,2020-05,0.3298936079742511
Nairobi,Embakasi West,0.000793166442342,2020.0,5.0,2020-05,0.3011538596885295
Nairobi,Kamukunji,0.000718135459802,2020.0,5.0,2020-05,0.4054010777107932
Nairobi,Kasarani,0.0110736011415,2020.0,5.0,2020-05,0.5196691313451073
Nairobi,Kibra,0.00100197842996,2020.0,5.0,2020-05,0.4563574202784089
Nairobi,Kilimani,0.00238546350977,2020.0,5.0,2020-05,0.5436804207898206
Nairobi,Langata,0.0170497156745,2020.0,5.0,2020-05,0.6394546297273871
Nairobi,Makadara,0.000974908477702,2020.0,5.0,2020-05,0.3644815770238166
Nairobi,Mathare,0.000235884309461,2020.0,5.0,2020-05,0.3352195758084839
Nairobi,Roysambu,0.00390887981589,2020.0,5.0,2020-05,0.590752252550917
Nairobi,Ruaraka,0.000583416833502,2020.0,5.0,2020-05,0.4310168244114257
Nairobi,Starehe,0.00136813789598,2020.0,5.0,2020-05,0.3357331056268796
Nairobi,Westlands,0.00590790301496,2020.0,5.0,2020-05,0.6694939309222633
Turkana,Loima,0.792863767753,2020.0,5.0,2020-05,0.4064770543259993
Turkana,Turkana Central,0.538281501213,2020.0,5.0,2020-05,0.1777345515999775
Turkana,Turkana East,0.909087463502,2020.0,5.0,2020-05,0.3584643867182118
Turkana,Turkana North,1.66897152383,2020.0,5.0,2020-05,0.3403711539416492
Turkana,Turkana South,0.603285539944,2020.0,5.0,2020-05,0.3321760849572422
Turkana,Turkana West,1.19593592043,2020.0,5.0,2020-05,0.4750595881328605
Kiambu,Gatundu North,0.0190562071078,2020.0,6.0,2020-06,0.7057796089017229
Kiambu,Gatundu South,0.018013492523,2020.0,6.0,2020-06,0.6806970827349019
Kiambu,Githunguri,0.0140557399999,2020.0,6.0,2020-06,0.6435013824972327
Kiambu,Juja,0.0303444523402,2020.0,6.0,2020-06,0.5456307793320185
Kiambu,Kabete,0.00456838148631,2020.0,6.0,2020-06,0.6206732665869694
Kiambu,Kiambaa,0.00720464174127,2020.0,6.0,2020-06,0.6377242507866944
Kiambu,Kiambu,0.00796244668767,2020.0,6.0,2020-06,0.5780155971873674
Kiambu,Kikuyu,0.0141641490709,2020.0,6.0,2020-06,0.5463493681934867
Kiambu,Lari,0.037858207576,2020.0,6.0,2020-06,0.6301499578076055
Kiambu,Limuru,0.0231553754199,2020.0,6.0,2020-06,0.6305804982820798
Kiambu,Ruiru,0.0124421280679,2020.0,6.0,2020-06,0.4340053704804817
Kiambu,Thika Town,0.0178033031507,2020.0,6.0,2020-06,0.5757734969580804
Machakos,Kangundo,0.013896319438,2020.0,6.0,2020-06,0.6312582814615124
Machakos,Kathiani,0.0167415041685,2020.0,6.0,2020-06,0.6117690444371977
Machakos,Machakos Town,0.0615270519301,2020.0,6.0,2020-06,0.4903186682721697
Machakos,Masinga,0.11427469357,2020.0,6.0,2020-06,0.491181665095938
Machakos,Matungulu,0.0472449879416,2020.0,6.0,2020-06,0.5258112327918938
Machakos,Mavoko,0.0684719511619,2020.0,6.0,2020-06,0.4583586400207303
Machakos,Mwala,0.0827962943547,2020.0,6.0,2020-06,0.5773204260478896
Machakos,Yatta,0.0862109028544,2020.0,6.0,2020-06,0.5432630572122444
Nairobi,Dagoretti,0.00198642271282,2020.0,6.0,2020-06,0.4918141690567243
Nairobi,Embakasi Central,0.000664901959297,2020.0,6.0,2020-06,0.2478931175052818
Nairobi,Embakasi East,0.00697580217167,2020.0,6.0,2020-06,0.4427825024956332
Nairobi,Embakasi North,0.000441181256097,2020.0,6.0,2020-06,0.3030107907373331
Nairobi,Embakasi South,0.00142609820487,2020.0,6.0,2020-06,0.2554675120002215
Nairobi,Embakasi West,0.000793166442342,2020.0,6.0,2020-06,0.2880527677947487
Nairobi,Kamukunji,0.000718135459802,2020.0,6.0,2020-06,0.3043814105211
Nairobi,Kasarani,0.0110736011415,2020.0,6.0,2020-06,0.4287587603302827
Nairobi,Kibra,0.00100197842996,2020.0,6.0,2020-06,0.3670807039194393
Nairobi,Kilimani,0.00238546350977,2020.0,6.0,2020-06,0.4118533879677167
Nairobi,Langata,0.0170497156745,2020.0,6.0,2020-06,0.4958562789542861
Nairobi,Makadara,0.000974908477702,2020.0,6.0,2020-06,0.286824229964874
Nairobi,Mathare,0.000235884309461,2020.0,6.0,2020-06,0.2628033641327174
Nairobi,Roysambu,0.00390887981589,2020.0,6.0,2020-06,0.4593660930477382
Nairobi,Ruaraka,0.000583416833502,2020.0,6.0,2020-06,0.383221122532058
Nairobi,Starehe,0.00136813789598,2020.0,6.0,2020-06,0.2550630421582235
Nairobi,Westlands,0.00590790301496,2020.0,6.0,2020-06,0.5462798488673423
Turkana,Loima,0.792863767753,2020.0,6.0,2020-06,0.3706806112225314
Turkana,Turkana Central,0.538281501213,2020.0,6.0,2020-06,0.1726184652008036
Turkana,Turkana East,0.909087463502,2020.0,6.0,2020-06,0.3185098890192554
Turkana,Turkana North,1.66897152383,2020.0,6.0,2020-06,0.3167765099581414
Turkana,Turkana South,0.603285539944,2020.0,6.0,2020-06,0.290094594150749
Turkana,Turkana West,1.19593592043,2020.0,6.0,2020-06,0.4450585626724057
Kiambu,Gatundu North,0.0190562071078,2020.0,7.0,2020-07,0.7451728323873433
Kiambu,Gatundu South,0.018013492523,2020.0,7.0,2020-07,0.7431065900895557
Kiambu,Githunguri,0.0140557399999,2020.0,7.0,2020-07,0.7091314199886858
Kiambu,Juja,0.0303444523402,2020.0,7.0,2020-07,0.5038094765407078
Kiambu,Kabete,0.00456838148631,2020.0,7.0,2020-07,0.571422016337916
Kiambu,Kiambaa,0.00720464174127,2020.0,7.0,2020-07,0.6335452380952374
Kiambu,Kiambu,0.00796244668767,2020.0,7.0,2020-07,0.62533642196934
Kiambu,Kikuyu,0.0141641490709,2020.0,7.0,2020-07,0.5556811403521024
Kiambu,Lari,0.037858207576,2020.0,7.0,2020-07,0.7434098490113146
Kiambu,Limuru,0.0231553754199,2020.0,7.0,2020-07,0.5854218907878171
Kiambu,Ruiru,0.0124421280679,2020.0,7.0,2020-07,0.386528748684407
Kiambu,Thika Town,0.0178033031507,2020.0,7.0,2020-07,0.5127785332111013
Machakos,Kangundo,0.013896319438,2020.0,7.0,2020-07,0.5924139991288665
Machakos,Kathiani,0.0167415041685,2020.0,7.0,2020-07,0.5809874276572152
Machakos,Machakos Town,0.0615270519301,2020.0,7.0,2020-07,0.4977814466913109
Machakos,Masinga,0.11427469357,2020.0,7.0,2020-07,0.429219050092439
Machakos,Matungulu,0.0472449879416,2020.0,7.0,2020-07,0.4731219417891542
Machakos,Mavoko,0.0684719511619,2020.0,7.0,2020-07,0.3957084486808433
Machakos,Mwala,0.0827962943547,2020.0,7.0,2020-07,0.4919225026422398
Machakos,Yatta,0.0862109028544,2020.0,7.0,2020-07,0.4625439236955941
Nairobi,Dagoretti,0.00198642271282,2020.0,7.0,2020-07,0.5118052138105483
Nairobi,Embakasi Central,0.000664901959297,2020.0,7.0,2020-07,0.2224642931532121
Nairobi,Embakasi East,0.00697580217167,2020.0,7.0,2020-07,0.3811056110613248
Nairobi,Embakasi North,0.000441181256097,2020.0,7.0,2020-07,0.2971891711169948
Nairobi,Embakasi South,0.00142609820487,2020.0,7.0,2020-07,0.2683274596986763
Nairobi,Embakasi West,0.000793166442342,2020.0,7.0,2020-07,0.2776481244384545
Nairobi,Kamukunji,0.000718135459802,2020.0,7.0,2020-07,0.3759893798001484
Nairobi,Kasarani,0.0110736011415,2020.0,7.0,2020-07,0.3737933073341885
Nairobi,Kibra,0.00100197842996,2020.0,7.0,2020-07,0.4075026981933065
Nairobi,Kilimani,0.00238546350977,2020.0,7.0,2020-07,0.4687423937657079
Nairobi,Langata,0.0170497156745,2020.0,7.0,2020-07,0.5220562572585131
Nairobi,Makadara,0.000974908477702,2020.0,7.0,2020-07,0.3165561085054111
Nairobi,Mathare,0.000235884309461,2020.0,7.0,2020-07,0.330427782444351
Nairobi,Roysambu,0.00390887981589,2020.0,7.0,2020-07,0.5094425393266391
Nairobi,Ruaraka,0.000583416833502,2020.0,7.0,2020-07,0.3841533346902775
Nairobi,Starehe,0.00136813789598,2020.0,7.0,2020-07,0.3125732665394403
Nairobi,Westlands,0.00590790301496,2020.0,7.0,2020-07,0.5966174142387451
Turkana,Loima,0.792863767753,2020.0,7.0,2020-07,0.3585266656858599
Turkana,Turkana Central,0.538281501213,2020.0,7.0,2020-07,0.1687300391904004
Turkana,Turkana East,0.909087463502,2020.0,7.0,2020-07,0.3036771520845986
Turkana,Turkana North,1.66897152383,2020.0,7.0,2020-07,0.3344091060918825
Turkana,Turkana South,0.603285539944,2020.0,7.0,2020-07,0.2871576423479969
Turkana,Turkana West,1.19593592043,2020.0,7.0,2020-07,0.5067909227777185
Kiambu,Gatundu North,0.0190562071078,2020.0,8.0,2020-08,0.6051118056103407
Kiambu,Gatundu South,0.018013492523,2020.0,8.0,2020-08,0.6184542243685193
Kiambu,Githunguri,0.0140557399999,2020.0,8.0,2020-08,0.5957305198561137
Kiambu,Juja,0.0303444523402,2020.0,8.0,2020-08,0.3919894612612213
Kiambu,Kabete,0.00456838148631,2020.0,8.0,2020-08,0.5122513000597727
Kiambu,Kiambaa,0.00720464174127,2020.0,8.0,2020-08,0.5506725182738306
Kiambu,Kiambu,0.00796244668767,2020.0,8.0,2020-08,0.5265417587646295
Kiambu,Kikuyu,0.0141641490709,2020.0,8.0,2020-08,0.4939144738018174
Kiambu,Lari,0.037858207576,2020.0,8.0,2020-08,0.6665050905973923
Kiambu,Limuru,0.0231553754199,2020.0,8.0,2020-08,0.591649190971824
Kiambu,Ruiru,0.0124421280679,2020.0,8.0,2020-08,0.3100647789168103
Kiambu,Thika Town,0.0178033031507,2020.0,8.0,2020-08,0.4358932280467818
Machakos,Kangundo,0.013896319438,2020.0,8.0,2020-08,0.4919501613447338
Machakos,Kathiani,0.0167415041685,2020.0,8.0,2020-08,0.4538858201645246
Machakos,Machakos Town,0.0615270519301,2020.0,8.0,2020-08,0.4043789909061179
Machakos,Masinga,0.11427469357,2020.0,8.0,2020-08,0.3447985456357555
Machakos,Matungulu,0.0472449879416,2020.0,8.0,2020-08,0.3961548921618981
Machakos,Mavoko,0.0684719511619,2020.0,8.0,2020-08,0.3072536636381415
Machakos,Mwala,0.0827962943547,2020.0,8.0,2020-08,0.4136805318951213
Machakos,Yatta,0.0862109028544,2020.0,8.0,2020-08,0.3870364038526175
Nairobi,Dagoretti,0.00198642271282,2020.0,8.0,2020-08,0.4165926739762587
Nairobi,Embakasi Central,0.000664901959297,2020.0,8.0,2020-08,0.1963373612640223
Nairobi,Embakasi East,0.00697580217167,2020.0,8.0,2020-08,0.2923821187921138
Nairobi,Embakasi North,0.000441181256097,2020.0,8.0,2020-08,0.265090407485527
Nairobi,Embakasi South,0.00142609820487,2020.0,8.0,2020-08,0.2312072542382285
Nairobi,Embakasi West,0.000793166442342,2020.0,8.0,2020-08,0.2428369746431067
Nairobi,Kamukunji,0.000718135459802,2020.0,8.0,2020-08,0.2790811710298125
Nairobi,Kasarani,0.0110736011415,2020.0,8.0,2020-08,0.290619684794609
Nairobi,Kibra,0.00100197842996,2020.0,8.0,2020-08,0.3145278536874321
Nairobi,Kilimani,0.00238546350977,2020.0,8.0,2020-08,0.3575985936346523
Nairobi,Langata,0.0170497156745,2020.0,8.0,2020-08,0.4185361286849449
Nairobi,Makadara,0.000974908477702,2020.0,8.0,2020-08,0.2336180849119816
Nairobi,Mathare,0.000235884309461,2020.0,8.0,2020-08,0.2772517597648049
Nairobi,Roysambu,0.00390887981589,2020.0,8.0,2020-08,0.4496485570109731
Nairobi,Ruaraka,0.000583416833502,2020.0,8.0,2020-08,0.3228498286857997
Nairobi,Starehe,0.00136813789598,2020.0,8.0,2020-08,0.2395588075410594
Nairobi,Westlands,0.00590790301496,2020.0,8.0,2020-08,0.4829194967490075
Turkana,Loima,0.792863767753,2020.0,8.0,2020-08,0.3910513283796579
Turkana,Turkana Central,0.538281501213,2020.0,8.0,2020-08,0.1555690902893938
Turkana,Turkana East,0.909087463502,2020.0,8.0,2020-08,0.3028597817110393
Turkana,Turkana North,1.66897152383,2020.0,8.0,2020-08,0.3249465189905327
Turkana,Turkana South,0.603285539944,2020.0,8.0,2020-08,0.2997797317610631
Turkana,Turkana West,1.19593592043,2020.0,8.0,2020-08,0.5254304498377106
Kiambu,Gatundu North,0.0190562071078,2020.0,9.0,2020-09,0.7417800495970375
Kiambu,Gatundu South,0.018013492523,2020.0,9.0,2020-09,0.725830389825149
Kiambu,Githunguri,0.0140557399999,2020.0,9.0,2020-09,0.6830106614201155
Kiambu,Juja,0.0303444523402,2020.0,9.0,2020-09,0.418159889556171
Kiambu,Kabete,0.00456838148631,2020.0,9.0,2020-09,0.6137047140431576
Kiambu,Kiambaa,0.00720464174127,2020.0,9.0,2020-09,0.6424826658099518
Kiambu,Kiambu,0.00796244668767,2020.0,9.0,2020-09,0.5876339604194096
Kiambu,Kikuyu,0.0141641490709,2020.0,9.0,2020-09,0.5207128558799616
Kiambu,Lari,0.037858207576,2020.0,9.0,2020-09,0.7727951707080793
Kiambu,Limuru,0.0231553754199,2020.0,9.0,2020-09,0.5921116206447615
Kiambu,Ruiru,0.0124421280679,2020.0,9.0,2020-09,0.3111911786916886
Kiambu,Thika Town,0.0178033031507,2020.0,9.0,2020-09,0.4065512848848515
Machakos,Kangundo,0.013896319438,2020.0,9.0,2020-09,0.4509499582937742
Machakos,Kathiani,0.0167415041685,2020.0,9.0,2020-09,0.4340662313102171
Machakos,Machakos Town,0.0615270519301,2020.0,9.0,2020-09,0.3726278520250256
Machakos,Masinga,0.11427469357,2020.0,9.0,2020-09,0.3313881648064417
Machakos,Matungulu,0.0472449879416,2020.0,9.0,2020-09,0.3644129550155802
Machakos,Mavoko,0.0684719511619,2020.0,9.0,2020-09,0.3073256948944158
Machakos,Mwala,0.0827962943547,2020.0,9.0,2020-09,0.3715007213240624
Machakos,Yatta,0.0862109028544,2020.0,9.0,2020-09,0.3504302374388996
Nairobi,Dagoretti,0.00198642271282,2020.0,9.0,2020-09,0.481741032803537
Nairobi,Embakasi Central,0.000664901959297,2020.0,9.0,2020-09,0.1891605543487963
Nairobi,Embakasi East,0.00697580217167,2020.0,9.0,2020-09,0.286923985865644
Nairobi,Embakasi North,0.000441181256097,2020.0,9.0,2020-09,0.2438851568460262
Nairobi,Embakasi South,0.00142609820487,2020.0,9.0,2020-09,0.2352814163036541
Nairobi,Embakasi West,0.000793166442342,2020.0,9.0,2020-09,0.2410645465209143
Nairobi,Kamukunji,0.000718135459802,2020.0,9.0,2020-09,0.3364003853882784
Nairobi,Kasarani,0.0110736011415,2020.0,9.0,2020-09,0.3035965772953504
Nairobi,Kibra,0.00100197842996,2020.0,9.0,2020-09,0.3745337417316619
Nairobi,Kilimani,0.00238546350977,2020.0,9.0,2020-09,0.4402428122330142
Nairobi,Langata,0.0170497156745,2020.0,9.0,2020-09,0.4511176784593446
Nairobi,Makadara,0.000974908477702,2020.0,9.0,2020-09,0.2712886824633003
Nairobi,Mathare,0.000235884309461,2020.0,9.0,2020-09,0.3077844729105418
Nairobi,Roysambu,0.00390887981589,2020.0,9.0,2020-09,0.4715929239887432
Nairobi,Ruaraka,0.000583416833502,2020.0,9.0,2020-09,0.341339965397924
Nairobi,Starehe,0.00136813789598,2020.0,9.0,2020-09,0.2798111482188294
Nairobi,Westlands,0.00590790301496,2020.0,9.0,2020-09,0.577704942781189
Turkana,Loima,0.792863767753,2020.0,9.0,2020-09,0.3443360508648206
Turkana,Turkana Central,0.538281501213,2020.0,9.0,2020-09,0.145706653298177
Turkana,Turkana East,0.909087463502,2020.0,9.0,2020-09,0.2662056417471929
Turkana,Turkana North,1.66897152383,2020.0,9.0,2020-09,0.2616361103150354
Turkana,Turkana South,0.603285539944,2020.0,9.0,2020-09,0.2624588208687639
Turkana,Turkana West,1.19593592043,2020.0,9.0,2020-09,0.4780692041984162
Kiambu,Gatundu North,0.0190562071078,2020.0,10.0,2020-10,0.5981138075535316
Kiambu,Gatundu South,0.018013492523,2020.0,10.0,2020-10,0.6174160768560115
Kiambu,Githunguri,0.0140557399999,2020.0,10.0,2020-10,0.6305871161840896
Kiambu,Juja,0.0303444523402,2020.0,10.0,2020-10,0.4677967207771682
Kiambu,Kabete,0.00456838148631,2020.0,10.0,2020-10,0.4792684347306319
Kiambu,Kiambaa,0.00720464174127,2020.0,10.0,2020-10,0.5610781909869246
Kiambu,Kiambu,0.00796244668767,2020.0,10.0,2020-10,0.5503886756776899
Kiambu,Kikuyu,0.0141641490709,2020.0,10.0,2020-10,0.4871583766036072
Kiambu,Lari,0.037858207576,2020.0,10.0,2020-10,0.5738887606512939
Kiambu,Limuru,0.0231553754199,2020.0,10.0,2020-10,0.5216186233664377
Kiambu,Ruiru,0.0124421280679,2020.0,10.0,2020-10,0.3624079939554273
Kiambu,Thika Town,0.0178033031507,2020.0,10.0,2020-10,0.4626304963746977
Machakos,Kangundo,0.013896319438,2020.0,10.0,2020-10,0.4885706344043625
Machakos,Kathiani,0.0167415041685,2020.0,10.0,2020-10,0.4535436068357285
Machakos,Machakos Town,0.0615270519301,2020.0,10.0,2020-10,0.3694367791032665
Machakos,Masinga,0.11427469357,2020.0,10.0,2020-10,0.4086199519199003
Machakos,Matungulu,0.0472449879416,2020.0,10.0,2020-10,0.4227520892336897
Machakos,Mavoko,0.0684719511619,2020.0,10.0,2020-10,0.304203151929966
Machakos,Mwala,0.0827962943547,2020.0,10.0,2020-10,0.4152170395982263
Machakos,Yatta,0.0862109028544,2020.0,10.0,2020-10,0.4224013363021792
Nairobi,Dagoretti,0.00198642271282,2020.0,10.0,2020-10,0.4314882010834926
Nairobi,Embakasi Central,0.000664901959297,2020.0,10.0,2020-10,0.2117254485672629
Nairobi,Embakasi East,0.00697580217167,2020.0,10.0,2020-10,0.2656391050037435
Nairobi,Embakasi North,0.000441181256097,2020.0,10.0,2020-10,0.2553579208365121
Nairobi,Embakasi South,0.00142609820487,2020.0,10.0,2020-10,0.2132563996559472
Nairobi,Embakasi West,0.000793166442342,2020.0,10.0,2020-10,0.2231884483877408
Nairobi,Kamukunji,0.000718135459802,2020.0,10.0,2020-10,0.3219211660748203
Nairobi,Kasarani,0.0110736011415,2020.0,10.0,2020-10,0.3343654088701983
Nairobi,Kibra,0.00100197842996,2020.0,10.0,2020-10,0.3541646835817951
Nairobi,Kilimani,0.00238546350977,2020.0,10.0,2020-10,0.4037490125166933
Nairobi,Langata,0.0170497156745,2020.0,10.0,2020-10,0.3652199827942068
Nairobi,Makadara,0.000974908477702,2020.0,10.0,2020-10,0.2496367830094821
Nairobi,Mathare,0.000235884309461,2020.0,10.0,2020-10,0.2236783032339354
Nairobi,Roysambu,0.00390887981589,2020.0,10.0,2020-10,0.4787186444709888
Nairobi,Ruaraka,0.000583416833502,2020.0,10.0,2020-10,0.3454451523169823
Nairobi,Starehe,0.00136813789598,2020.0,10.0,2020-10,0.2417931912155908
Nairobi,Westlands,0.00590790301496,2020.0,10.0,2020-10,0.4893574088148442
Turkana,Loima,0.792863767753,2020.0,10.0,2020-10,0.3501700725938238
Turkana,Turkana Central,0.538281501213,2020.0,10.0,2020-10,0.155233138793743
Turkana,Turkana East,0.909087463502,2020.0,10.0,2020-10,0.2947688805828814
Turkana,Turkana North,1.66897152383,2020.0,10.0,2020-10,0.3675624982886957
Turkana,Turkana South,0.603285539944,2020.0,10.0,2020-10,0.2826262348185493
Turkana,Turkana West,1.19593592043,2020.0,10.0,2020-10,0.545892294559278
Kiambu,Gatundu North,0.0190562071078,2020.0,11.0,2020-11,0.7861430474877602
Kiambu,Gatundu South,0.018013492523,2020.0,11.0,2020-11,0.7712585829171773
Kiambu,Githunguri,0.0140557399999,2020.0,11.0,2020-11,0.7585866967273796
Kiambu,Juja,0.0303444523402,2020.0,11.0,2020-11,0.5785148452202387
Kiambu,Kabete,0.00456838148631,2020.0,11.0,2020-11,0.6872200421008863
Kiambu,Kiambaa,0.00720464174127,2020.0,11.0,2020-11,0.7328971440104114
Kiambu,Kiambu,0.00796244668767,2020.0,11.0,2020-11,0.6997606981886838
Kiambu,Kikuyu,0.0141641490709,2020.0,11.0,2020-11,0.5686482819443567
Kiambu,Lari,0.037858207576,2020.0,11.0,2020-11,0.7547677834022698
Kiambu,Limuru,0.0231553754199,2020.0,11.0,2020-11,0.6235014735153338
Kiambu,Ruiru,0.0124421280679,2020.0,11.0,2020-11,0.4501390723917881
Kiambu,Thika Town,0.0178033031507,2020.0,11.0,2020-11,0.5890222067394496
Machakos,Kangundo,0.013896319438,2020.0,11.0,2020-11,0.6330594377773008
Machakos,Kathiani,0.0167415041685,2020.0,11.0,2020-11,0.6112451967227446
Machakos,Machakos Town,0.0615270519301,2020.0,11.0,2020-11,0.5599043665226074
Machakos,Masinga,0.11427469357,2020.0,11.0,2020-11,0.5211351348099389
Machakos,Matungulu,0.0472449879416,2020.0,11.0,2020-11,0.5186821931176367
Machakos,Mavoko,0.0684719511619,2020.0,11.0,2020-11,0.3591796826707327
Machakos,Mwala,0.0827962943547,2020.0,11.0,2020-11,0.5773049084007911
Machakos,Yatta,0.0862109028544,2020.0,11.0,2020-11,0.5583953047025463
Nairobi,Dagoretti,0.00198642271282,2020.0,11.0,2020-11,0.5811038579509243
Nairobi,Embakasi Central,0.000664901959297,2020.0,11.0,2020-11,0.2446611330972714
Nairobi,Embakasi East,0.00697580217167,2020.0,11.0,2020-11,0.3634584672845246
Nairobi,Embakasi North,0.000441181256097,2020.0,11.0,2020-11,0.3170323834313149
Nairobi,Embakasi South,0.00142609820487,2020.0,11.0,2020-11,0.2700537915152183
Nairobi,Embakasi West,0.000793166442342,2020.0,11.0,2020-11,0.3209775706299289
Nairobi,Kamukunji,0.000718135459802,2020.0,11.0,2020-11,0.4256463071544581
Nairobi,Kasarani,0.0110736011415,2020.0,11.0,2020-11,0.4022464665339912
Nairobi,Kibra,0.00100197842996,2020.0,11.0,2020-11,0.4416758732352649
Nairobi,Kilimani,0.00238546350977,2020.0,11.0,2020-11,0.5200307301819028
Nairobi,Langata,0.0170497156745,2020.0,11.0,2020-11,0.5316212226438907
Nairobi,Makadara,0.000974908477702,2020.0,11.0,2020-11,0.3412795719883861
Nairobi,Mathare,0.000235884309461,2020.0,11.0,2020-11,0.3628480638387231
Nairobi,Roysambu,0.00390887981589,2020.0,11.0,2020-11,0.5783311763574521
Nairobi,Ruaraka,0.000583416833502,2020.0,11.0,2020-11,0.43978473098582
Nairobi,Starehe,0.00136813789598,2020.0,11.0,2020-11,0.3362082220101782
Nairobi,Westlands,0.00590790301496,2020.0,11.0,2020-11,0.6524593297798963
Turkana,Loima,0.792863767753,2020.0,11.0,2020-11,0.3408310401584788
Turkana,Turkana Central,0.538281501213,2020.0,11.0,2020-11,0.1516444368222684
Turkana,Turkana East,0.909087463502,2020.0,11.0,2020-11,0.2695130857043418
Turkana,Turkana North,1.66897152383,2020.0,11.0,2020-11,0.3752346340551872
Turkana,Turkana South,0.603285539944,2020.0,11.0,2020-11,0.2725965586307058
Turkana,Turkana West,1.19593592043,2020.0,11.0,2020-11,0.5466599569380513
Kiambu,Gatundu North,0.0190562071078,2020.0,12.0,2020-12,0.7983952505491172
Kiambu,Gatundu South,0.018013492523,2020.0,12.0,2020-12,0.7928091271592899
Kiambu,Githunguri,0.0140557399999,2020.0,12.0,2020-12,0.7738107965244413
Kiambu,Juja,0.0303444523402,2020.0,12.0,2020-12,0.5830554523451469
Kiambu,Kabete,0.00456838148631,2020.0,12.0,2020-12,0.6813460643034724
Kiambu,Kiambaa,0.00720464174127,2020.0,12.0,2020-12,0.7407134479463564
Kiambu,Kiambu,0.00796244668767,2020.0,12.0,2020-12,0.7122907412974884
Kiambu,Kikuyu,0.0141641490709,2020.0,12.0,2020-12,0.556913625876695
Kiambu,Lari,0.037858207576,2020.0,12.0,2020-12,0.7821719459498434
Kiambu,Limuru,0.0231553754199,2020.0,12.0,2020-12,0.6105332560084474
Kiambu,Ruiru,0.0124421280679,2020.0,12.0,2020-12,0.4808137237398137
Kiambu,Thika Town,0.0178033031507,2020.0,12.0,2020-12,0.6035541086757227
Machakos,Kangundo,0.013896319438,2020.0,12.0,2020-12,0.716303836688097
Machakos,Kathiani,0.0167415041685,2020.0,12.0,2020-12,0.6460110677074109
Machakos,Machakos Town,0.0615270519301,2020.0,12.0,2020-12,0.5377388851435732
Machakos,Masinga,0.11427469357,2020.0,12.0,2020-12,0.5400974082575616
Machakos,Matungulu,0.0472449879416,2020.0,12.0,2020-12,0.5662546987872107
Machakos,Mavoko,0.0684719511619,2020.0,12.0,2020-12,0.3359054990826595
Machakos,Mwala,0.0827962943547,2020.0,12.0,2020-12,0.614803005797633
Machakos,Yatta,0.0862109028544,2020.0,12.0,2020-12,0.6090312074189053
Nairobi,Dagoretti,0.00198642271282,2020.0,12.0,2020-12,0.5746046640973552
Nairobi,Embakasi Central,0.000664901959297,2020.0,12.0,2020-12,0.2228161960305887
Nairobi,Embakasi East,0.00697580217167,2020.0,12.0,2020-12,0.3401193693706466
Nairobi,Embakasi North,0.000441181256097,2020.0,12.0,2020-12,0.3012296952833997
Nairobi,Embakasi South,0.00142609820487,2020.0,12.0,2020-12,0.2408859202019921
Nairobi,Embakasi West,0.000793166442342,2020.0,12.0,2020-12,0.2871633435659377
Nairobi,Kamukunji,0.000718135459802,2020.0,12.0,2020-12,0.37123515016379
Nairobi,Kasarani,0.0110736011415,2020.0,12.0,2020-12,0.4342827390926855
Nairobi,Kibra,0.00100197842996,2020.0,12.0,2020-12,0.4180533932273673
Nairobi,Kilimani,0.00238546350977,2020.0,12.0,2020-12,0.5050569426587815
Nairobi,Langata,0.0170497156745,2020.0,12.0,2020-12,0.495477821175771
Nairobi,Makadara,0.000974908477702,2020.0,12.0,2020-12,0.2980404803963374
Nairobi,Mathare,0.000235884309461,2020.0,12.0,2020-12,0.3346753842923143
Nairobi,Roysambu,0.00390887981589,2020.0,12.0,2020-12,0.5592123362655379
Nairobi,Ruaraka,0.000583416833502,2020.0,12.0,2020-12,0.4043313521948571
Nairobi,Starehe,0.00136813789598,2020.0,12.0,2020-12,0.3033904442805922
Nairobi,Westlands,0.00590790301496,2020.0,12.0,2020-12,0.6563896234406287
Turkana,Loima,0.792863767753,2020.0,12.0,2020-12,0.2928434048748374
Turkana,Turkana Central,0.538281501213,2020.0,12.0,2020-12,0.1439306039226479
Turkana,Turkana East,0.909087463502,2020.0,12.0,2020-12,0.2275498963308669
Turkana,Turkana North,1.66897152383,2020.0,12.0,2020-12,0.3006043699821709
Turkana,Turkana South,0.603285539944,2020.0,12.0,2020-12,0.2349810718197268
Turkana,Turkana West,1.19593592043,2020.0,12.0,2020-12,0.4411716448101598
Kiambu,Gatundu North,0.0190562071078,2021.0,1.0,2021-01,0.7933349609804806
Kiambu,Gatundu South,0.018013492523,2021.0,1.0,2021-01,0.7835835885171674
Kiambu,Githunguri,0.0140557399999,2021.0,1.0,2021-01,0.7566039078926254
Kiambu,Juja,0.0303444523402,2021.0,1.0,2021-01,0.5494739443041866
Kiambu,Kabete,0.00456838148631,2021.0,1.0,2021-01,0.6544553999151054
Kiambu,Kiambaa,0.00720464174127,2021.0,1.0,2021-01,0.7338225347491095
Kiambu,Kiambu,0.00796244668767,2021.0,1.0,2021-01,0.691283518647353
Kiambu,Kikuyu,0.0141641490709,2021.0,1.0,2021-01,0.5189688068576984
Kiambu,Lari,0.037858207576,2021.0,1.0,2021-01,0.7898197611675296
Kiambu,Limuru,0.0231553754199,2021.0,1.0,2021-01,0.6109701766270683
Kiambu,Ruiru,0.0124421280679,2021.0,1.0,2021-01,0.4600144971176195
Kiambu,Thika Town,0.0178033031507,2021.0,1.0,2021-01,0.5816214249520768
Machakos,Kangundo,0.013896319438,2021.0,1.0,2021-01,0.7103567030303197
Machakos,Kathiani,0.0167415041685,2021.0,1.0,2021-01,0.6543417417566448
Machakos,Machakos Town,0.0615270519301,2021.0,1.0,2021-01,0.5296720722810372
Machakos,Masinga,0.11427469357,2021.0,1.0,2021-01,0.5417554514874344
Machakos,Matungulu,0.0472449879416,2021.0,1.0,2021-01,0.5655303868079868
Machakos,Mavoko,0.0684719511619,2021.0,1.0,2021-01,0.3303781799296925
Machakos,Mwala,0.0827962943547,2021.0,1.0,2021-01,0.6169009863841075
Machakos,Yatta,0.0862109028544,2021.0,1.0,2021-01,0.6012126642415744
Nairobi,Dagoretti,0.00198642271282,2021.0,1.0,2021-01,0.5408296377071384
Nairobi,Embakasi Central,0.000664901959297,2021.0,1.0,2021-01,0.2060684083673044
Nairobi,Embakasi East,0.00697580217167,2021.0,1.0,2021-01,0.3039395486875247
Nairobi,Embakasi North,0.000441181256097,2021.0,1.0,2021-01,0.3052935040165146
Nairobi,Embakasi South,0.00142609820487,2021.0,1.0,2021-01,0.2427907917371878
Nairobi,Embakasi West,0.000793166442342,2021.0,1.0,2021-01,0.2711828142158329
Nairobi,Kamukunji,0.000718135459802,2021.0,1.0,2021-01,0.36064487571228
Nairobi,Kasarani,0.0110736011415,2021.0,1.0,2021-01,0.3964625079944687
Nairobi,Kibra,0.00100197842996,2021.0,1.0,2021-01,0.4135117820120446
Nairobi,Kilimani,0.00238546350977,2021.0,1.0,2021-01,0.5061386292188891
Nairobi,Langata,0.0170497156745,2021.0,1.0,2021-01,0.4957503746871804
Nairobi,Makadara,0.000974908477702,2021.0,1.0,2021-01,0.2887187285537347
Nairobi,Mathare,0.000235884309461,2021.0,1.0,2021-01,0.329309848803024
Nairobi,Roysambu,0.00390887981589,2021.0,1.0,2021-01,0.5420311290338911
Nairobi,Ruaraka,0.000583416833502,2021.0,1.0,2021-01,0.4041864356469232
Nairobi,Starehe,0.00136813789598,2021.0,1.0,2021-01,0.3003440962583851
Nairobi,Westlands,0.00590790301496,2021.0,1.0,2021-01,0.6519661575342006
Turkana,Loima,0.792863767753,2021.0,1.0,2021-01,0.2665984571155725
Turkana,Turkana Central,0.538281501213,2021.0,1.0,2021-01,0.1484701554771428
Turkana,Turkana East,0.909087463502,2021.0,1.0,2021-01,0.1958880182210666
Turkana,Turkana North,1.66897152383,2021.0,1.0,2021-01,0.2384671418677596
Turkana,Turkana South,0.603285539944,2021.0,1.0,2021-01,0.2005895352960189
Turkana,Turkana West,1.19593592043,2021.0,1.0,2021-01,0.3367088988843526
Kiambu,Gatundu North,0.0190562071078,2021.0,2.0,2021-02,0.7823803943784484
Kiambu,Gatundu South,0.018013492523,2021.0,2.0,2021-02,0.7734149233679865
Kiambu,Githunguri,0.0140557399999,2021.0,2.0,2021-02,0.7448008213920813
Kiambu,Juja,0.0303444523402,2021.0,2.0,2021-02,0.5131928885855586
Kiambu,Kabete,0.00456838148631,2021.0,2.0,2021-02,0.6184408783578914
Kiambu,Kiambaa,0.00720464174127,2021.0,2.0,2021-02,0.6921033697436996
Kiambu,Kiambu,0.00796244668767,2021.0,2.0,2021-02,0.6433444556115981
Kiambu,Kikuyu,0.0141641490709,2021.0,2.0,2021-02,0.5326723010661377
Kiambu,Lari,0.037858207576,2021.0,2.0,2021-02,0.7809066875599554
Kiambu,Limuru,0.0231553754199,2021.0,2.0,2021-02,0.6156712125043339
Kiambu,Ruiru,0.0124421280679,2021.0,2.0,2021-02,0.4455904950603664
Kiambu,Thika Town,0.0178033031507,2021.0,2.0,2021-02,0.5368802940800609
Machakos,Kangundo,0.013896319438,2021.0,2.0,2021-02,0.6124481814377396
Machakos,Kathiani,0.0167415041685,2021.0,2.0,2021-02,0.5849715252422854
Machakos,Machakos Town,0.0615270519301,2021.0,2.0,2021-02,0.5145471678026374
Machakos,Masinga,0.11427469357,2021.0,2.0,2021-02,0.4817348453642517
Machakos,Matungulu,0.0472449879416,2021.0,2.0,2021-02,0.5155085242275165
Machakos,Mavoko,0.0684719511619,2021.0,2.0,2021-02,0.4314341141239087
Machakos,Mwala,0.0827962943547,2021.0,2.0,2021-02,0.5319173224444123
Machakos,Yatta,0.0862109028544,2021.0,2.0,2021-02,0.5392327205441209
Nairobi,Dagoretti,0.00198642271282,2021.0,2.0,2021-02,0.5056961375677184
Nairobi,Embakasi Central,0.000664901959297,2021.0,2.0,2021-02,0.2216467030678133
Nairobi,Embakasi East,0.00697580217167,2021.0,2.0,2021-02,0.3732925247294505
Nairobi,Embakasi North,0.000441181256097,2021.0,2.0,2021-02,0.2751527420006283
Nairobi,Embakasi South,0.00142609820487,2021.0,2.0,2021-02,0.2517896472073469
Nairobi,Embakasi West,0.000793166442342,2021.0,2.0,2021-02,0.2759055243585903
Nairobi,Kamukunji,0.000718135459802,2021.0,2.0,2021-02,0.3553226016461582
Nairobi,Kasarani,0.0110736011415,2021.0,2.0,2021-02,0.4035631392448937
Nairobi,Kibra,0.00100197842996,2021.0,2.0,2021-02,0.3885162256886172
Nairobi,Kilimani,0.00238546350977,2021.0,2.0,2021-02,0.4726126655828265
Nairobi,Langata,0.0170497156745,2021.0,2.0,2021-02,0.534823114178942
Nairobi,Makadara,0.000974908477702,2021.0,2.0,2021-02,0.2873591165661613
Nairobi,Mathare,0.000235884309461,2021.0,2.0,2021-02,0.3183697396052079
Nairobi,Roysambu,0.00390887981589,2021.0,2.0,2021-02,0.502872850447423
Nairobi,Ruaraka,0.000583416833502,2021.0,2.0,2021-02,0.3742283635253409
Nairobi,Starehe,0.00136813789598,2021.0,2.0,2021-02,0.2904184731378671
Nairobi,Westlands,0.00590790301496,2021.0,2.0,2021-02,0.6123739068495164
Turkana,Loima,0.792863767753,2021.0,2.0,2021-02,0.2378544321161058
Turkana,Turkana Central,0.538281501213,2021.0,2.0,2021-02,0.1087727462249783
Turkana,Turkana East,0.909087463502,2021.0,2.0,2021-02,0.1854420156182459
Turkana,Turkana North,1.66897152383,2021.0,2.0,2021-02,0.1952278398704914
Turkana,Turkana South,0.603285539944,2021.0,2.0,2021-02,0.1813475529439792
Turkana,Turkana West,1.19593592043,2021.0,2.0,2021-02,0.284966753290632
Kiambu,Gatundu North,0.0190562071078,2021.0,3.0,2021-03,0.7565709871865668
Kiambu,Gatundu South,0.018013492523,2021.0,3.0,2021-03,0.7346884104375011
Kiambu,Githunguri,0.0140557399999,2021.0,3.0,2021-03,0.7071458133139665
Kiambu,Juja,0.0303444523402,2021.0,3.0,2021-03,0.464505044316377
Kiambu,Kabete,0.00456838148631,2021.0,3.0,2021-03,0.613461619324827
Kiambu,Kiambaa,0.00720464174127,2021.0,3.0,2021-03,0.6551807350445659
Kiambu,Kiambu,0.00796244668767,2021.0,3.0,2021-03,0.5871527310110075
Kiambu,Kikuyu,0.0141641490709,2021.0,3.0,2021-03,0.535632495998839
Kiambu,Lari,0.037858207576,2021.0,3.0,2021-03,0.7718480999836959
Kiambu,Limuru,0.0231553754199,2021.0,3.0,2021-03,0.6005589631659576
Kiambu,Ruiru,0.0124421280679,2021.0,3.0,2021-03,0.4047364131454355
Kiambu,Thika Town,0.0178033031507,2021.0,3.0,2021-03,0.4876294606217178
Machakos,Kangundo,0.013896319438,2021.0,3.0,2021-03,0.5211137155834674
Machakos,Kathiani,0.0167415041685,2021.0,3.0,2021-03,0.4994100969730064
Machakos,Machakos Town,0.0615270519301,2021.0,3.0,2021-03,0.4358823642773489
Machakos,Masinga,0.11427469357,2021.0,3.0,2021-03,0.409734311410824
Machakos,Matungulu,0.0472449879416,2021.0,3.0,2021-03,0.4491507420371618
Machakos,Mavoko,0.0684719511619,2021.0,3.0,2021-03,0.4109442937612536
Machakos,Mwala,0.0827962943547,2021.0,3.0,2021-03,0.4276550321512229
Machakos,Yatta,0.0862109028544,2021.0,3.0,2021-03,0.4437667578313645
Nairobi,Dagoretti,0.00198642271282,2021.0,3.0,2021-03,0.502273053597036
Nairobi,Embakasi Central,0.000664901959297,2021.0,3.0,2021-03,0.2054990478174189
Nairobi,Embakasi East,0.00697580217167,2021.0,3.0,2021-03,0.3682323754452439
Nairobi,Embakasi North,0.000441181256097,2021.0,3.0,2021-03,0.2732959812413049
Nairobi,Embakasi South,0.00142609820487,2021.0,3.0,2021-03,0.2478423025165781
Nairobi,Embakasi West,0.000793166442342,2021.0,3.0,2021-03,0.251720225616452
Nairobi,Kamukunji,0.000718135459802,2021.0,3.0,2021-03,0.3309838921463373
Nairobi,Kasarani,0.0110736011415,2021.0,3.0,2021-03,0.3983438060282759
Nairobi,Kibra,0.00100197842996,2021.0,3.0,2021-03,0.3826981014907692
Nairobi,Kilimani,0.00238546350977,2021.0,3.0,2021-03,0.4593115731716419
Nairobi,Langata,0.0170497156745,2021.0,3.0,2021-03,0.526302818188252
Nairobi,Makadara,0.000974908477702,2021.0,3.0,2021-03,0.2709322094982844
Nairobi,Mathare,0.000235884309461,2021.0,3.0,2021-03,0.3070333179336413
Nairobi,Roysambu,0.00390887981589,2021.0,3.0,2021-03,0.4740656463841765
Nairobi,Ruaraka,0.000583416833502,2021.0,3.0,2021-03,0.361763900196757
Nairobi,Starehe,0.00136813789598,2021.0,3.0,2021-03,0.2822798129192692
Nairobi,Westlands,0.00590790301496,2021.0,3.0,2021-03,0.5943759537026495
Turkana,Loima,0.792863767753,2021.0,3.0,2021-03,0.227984895934509
Turkana,Turkana Central,0.538281501213,2021.0,3.0,2021-03,0.1190765447206445
Turkana,Turkana East,0.909087463502,2021.0,3.0,2021-03,0.1840054347773822
Turkana,Turkana North,1.66897152383,2021.0,3.0,2021-03,0.1839988541619701
Turkana,Turkana South,0.603285539944,2021.0,3.0,2021-03,0.1787422829238007
Turkana,Turkana West,1.19593592043,2021.0,3.0,2021-03,0.2617612290718541
Kiambu,Gatundu North,0.0190562071078,2021.0,4.0,2021-04,0.6316295268455123
Kiambu,Gatundu South,0.018013492523,2021.0,4.0,2021-04,0.581833202776716
Kiambu,Githunguri,0.0140557399999,2021.0,4.0,2021-04,0.6021402914172169
Kiambu,Juja,0.0303444523402,2021.0,4.0,2021-04,0.501034655784595
Kiambu,Kabete,0.00456838148631,2021.0,4.0,2021-04,0.5055092582967335
Kiambu,Kiambaa,0.00720464174127,2021.0,4.0,2021-04,0.515591484889423
Kiambu,Kiambu,0.00796244668767,2021.0,4.0,2021-04,0.5576244368524366
Kiambu,Kikuyu,0.0141641490709,2021.0,4.0,2021-04,0.5166060191301632
Kiambu,Lari,0.037858207576,2021.0,4.0,2021-04,0.6024368639790315
Kiambu,Limuru,0.0231553754199,2021.0,4.0,2021-04,0.5253966524489119
Kiambu,Ruiru,0.0124421280679,2021.0,4.0,2021-04,0.4724826926012015
Kiambu,Thika Town,0.0178033031507,2021.0,4.0,2021-04,0.5310840774508984
Machakos,Kangundo,0.013896319438,2021.0,4.0,2021-04,0.5440451778065938
Machakos,Kathiani,0.0167415041685,2021.0,4.0,2021-04,0.553026354278179
Machakos,Machakos Town,0.0615270519301,2021.0,4.0,2021-04,0.4747605688120397
Machakos,Masinga,0.11427469357,2021.0,4.0,2021-04,0.4422119349603097
Machakos,Matungulu,0.0472449879416,2021.0,4.0,2021-04,0.5386146187119213
Machakos,Mavoko,0.0684719511619,2021.0,4.0,2021-04,0.433210969075072
Machakos,Mwala,0.0827962943547,2021.0,4.0,2021-04,0.5261540903339922
Machakos,Yatta,0.0862109028544,2021.0,4.0,2021-04,0.4917832882155835
Nairobi,Dagoretti,0.00198642271282,2021.0,4.0,2021-04,0.4300326984743469
Nairobi,Embakasi Central,0.000664901959297,2021.0,4.0,2021-04,0.2469224030707889
Nairobi,Embakasi East,0.00697580217167,2021.0,4.0,2021-04,0.4055415616421266
Nairobi,Embakasi North,0.000441181256097,2021.0,4.0,2021-04,0.2964032087241393
Nairobi,Embakasi South,0.00142609820487,2021.0,4.0,2021-04,0.261593119641519
Nairobi,Embakasi West,0.000793166442342,2021.0,4.0,2021-04,0.2627715633423181
Nairobi,Kamukunji,0.000718135459802,2021.0,4.0,2021-04,0.3283235926445893
Nairobi,Kasarani,0.0110736011415,2021.0,4.0,2021-04,0.465328818855156
Nairobi,Kibra,0.00100197842996,2021.0,4.0,2021-04,0.3012794461447333
Nairobi,Kilimani,0.00238546350977,2021.0,4.0,2021-04,0.357647102663426
Nairobi,Langata,0.0170497156745,2021.0,4.0,2021-04,0.4955149660234885
Nairobi,Makadara,0.000974908477702,2021.0,4.0,2021-04,0.3213737995167611
Nairobi,Mathare,0.000235884309461,2021.0,4.0,2021-04,0.3032196388072239
Nairobi,Roysambu,0.00390887981589,2021.0,4.0,2021-04,0.4537508935801923
Nairobi,Ruaraka,0.000583416833502,2021.0,4.0,2021-04,0.3716477016758262
Nairobi,Starehe,0.00136813789598,2021.0,4.0,2021-04,0.263600517580384
Nairobi,Westlands,0.00590790301496,2021.0,4.0,2021-04,0.5019370931236985
Turkana,Loima,0.792863767753,2021.0,4.0,2021-04,0.271291586047816
Turkana,Turkana Central,0.538281501213,2021.0,4.0,2021-04,0.122770905943607
Turkana,Turkana East,0.909087463502,2021.0,4.0,2021-04,0.1990361969483628
Turkana,Turkana North,1.66897152383,2021.0,4.0,2021-04,0.224803624901708
Turkana,Turkana South,0.603285539944,2021.0,4.0,2021-04,0.2018711345949582
Turkana,Turkana West,1.19593592043,2021.0,4.0,2021-04,0.334809260592048
Kiambu,Gatundu North,0.0190562071078,2021.0,5.0,2021-05,0.751675240407571
Kiambu,Gatundu South,0.018013492523,2021.0,5.0,2021-05,0.7355700384093394
Kiambu,Githunguri,0.0140557399999,2021.0,5.0,2021-05,0.6661470893461788
Kiambu,Juja,0.0303444523402,2021.0,5.0,2021-05,0.582695892008453
Kiambu,Kabete,0.00456838148631,2021.0,5.0,2021-05,0.5745360443358711
Kiambu,Kiambaa,0.00720464174127,2021.0,5.0,2021-05,0.5368660727328644
Kiambu,Kiambu,0.00796244668767,2021.0,5.0,2021-05,0.582687715357667
Kiambu,Kikuyu,0.0141641490709,2021.0,5.0,2021-05,0.6140075340552648
Kiambu,Lari,0.037858207576,2021.0,5.0,2021-05,0.7670416686086484
Kiambu,Limuru,0.0231553754199,2021.0,5.0,2021-05,0.6126333767582838
Kiambu,Ruiru,0.0124421280679,2021.0,5.0,2021-05,0.5123436268072507
Kiambu,Thika Town,0.0178033031507,2021.0,5.0,2021-05,0.5634669481345668
Machakos,Kangundo,0.013896319438,2021.0,5.0,2021-05,0.5790628556238634
Machakos,Kathiani,0.0167415041685,2021.0,5.0,2021-05,0.6346767380582724
Machakos,Machakos Town,0.0615270519301,2021.0,5.0,2021-05,0.54278632542188
Machakos,Masinga,0.11427469357,2021.0,5.0,2021-05,0.4629541527390875
Machakos,Matungulu,0.0472449879416,2021.0,5.0,2021-05,0.5469998859177265
Machakos,Mavoko,0.0684719511619,2021.0,5.0,2021-05,0.4822646705132054
Machakos,Mwala,0.0827962943547,2021.0,5.0,2021-05,0.5611050576896804
Machakos,Yatta,0.0862109028544,2021.0,5.0,2021-05,0.5143984248020284
Nairobi,Dagoretti,0.00198642271282,2021.0,5.0,2021-05,0.489102213790631
Nairobi,Embakasi Central,0.000664901959297,2021.0,5.0,2021-05,0.2276065492308151
Nairobi,Embakasi East,0.00697580217167,2021.0,5.0,2021-05,0.4479417542028719
Nairobi,Embakasi North,0.000441181256097,2021.0,5.0,2021-05,0.2493697774087868
Nairobi,Embakasi South,0.00142609820487,2021.0,5.0,2021-05,0.2704523521822369
Nairobi,Embakasi West,0.000793166442342,2021.0,5.0,2021-05,0.2640836365678346
Nairobi,Kamukunji,0.000718135459802,2021.0,5.0,2021-05,0.3268244790376304
Nairobi,Kasarani,0.0110736011415,2021.0,5.0,2021-05,0.4569556736613056
Nairobi,Kibra,0.00100197842996,2021.0,5.0,2021-05,0.4166691361437458
Nairobi,Kilimani,0.00238546350977,2021.0,5.0,2021-05,0.3924349953134979
Nairobi,Langata,0.0170497156745,2021.0,5.0,2021-05,0.5952427971189858
Nairobi,Makadara,0.000974908477702,2021.0,5.0,2021-05,0.2616078607540963
Nairobi,Mathare,0.000235884309461,2021.0,5.0,2021-05,0.3426193700125998
Nairobi,Roysambu,0.00390887981589,2021.0,5.0,2021-05,0.4401120037352714
Nairobi,Ruaraka,0.000583416833502,2021.0,5.0,2021-05,0.3634225829432119
Nairobi,Starehe,0.00136813789598,2021.0,5.0,2021-05,0.2462309601260698
Nairobi,Westlands,0.00590790301496,2021.0,5.0,2021-05,0.4798113515223748
Turkana,Loima,0.792863767753,2021.0,5.0,2021-05,0.3760783581185527
Turkana,Turkana Central,0.538281501213,2021.0,5.0,2021-05,0.1727711534849688
Turkana,Turkana East,0.909087463502,2021.0,5.0,2021-05,0.292283645145503
Turkana,Turkana North,1.66897152383,2021.0,5.0,2021-05,0.3327399246316662
Turkana,Turkana South,0.603285539944,2021.0,5.0,2021-05,0.2766579072506713
Turkana,Turkana West,1.19593592043,2021.0,5.0,2021-05,0.4920073112753985
Kiambu,Gatundu North,0.0190562071078,2021.0,6.0,2021-06,0.60332605225024
Kiambu,Gatundu South,0.018013492523,2021.0,6.0,2021-06,0.6015086929954019
Kiambu,Githunguri,0.0140557399999,2021.0,6.0,2021-06,0.5475609891184714
Kiambu,Juja,0.0303444523402,2021.0,6.0,2021-06,0.4845673432597844
Kiambu,Kabete,0.00456838148631,2021.0,6.0,2021-06,0.5748485671838315
Kiambu,Kiambaa,0.00720464174127,2021.0,6.0,2021-06,0.619795631167933
Kiambu,Kiambu,0.00796244668767,2021.0,6.0,2021-06,0.589226338609091
Kiambu,Kikuyu,0.0141641490709,2021.0,6.0,2021-06,0.5845578431851769
Kiambu,Lari,0.037858207576,2021.0,6.0,2021-06,0.6531167429613149
Kiambu,Limuru,0.0231553754199,2021.0,6.0,2021-06,0.603966096675046
Kiambu,Ruiru,0.0124421280679,2021.0,6.0,2021-06,0.4636200321465709
Kiambu,Thika Town,0.0178033031507,2021.0,6.0,2021-06,0.4913002302969689
Machakos,Kangundo,0.013896319438,2021.0,6.0,2021-06,0.5003440073989416
Machakos,Kathiani,0.0167415041685,2021.0,6.0,2021-06,0.5400509072239987
Machakos,Machakos Town,0.0615270519301,2021.0,6.0,2021-06,0.5103018588977579
Machakos,Masinga,0.11427469357,2021.0,6.0,2021-06,0.3370697446275693
Machakos,Matungulu,0.0472449879416,2021.0,6.0,2021-06,0.4762052523688292
Machakos,Mavoko,0.0684719511619,2021.0,6.0,2021-06,0.4423433027717203
Machakos,Mwala,0.0827962943547,2021.0,6.0,2021-06,0.392629542548646
Machakos,Yatta,0.0862109028544,2021.0,6.0,2021-06,0.3947798155598299
Nairobi,Dagoretti,0.00198642271282,2021.0,6.0,2021-06,0.4598593276967813
Nairobi,Embakasi Central,0.000664901959297,2021.0,6.0,2021-06,0.2161692787216949
Nairobi,Embakasi East,0.00697580217167,2021.0,6.0,2021-06,0.3916955006295805
Nairobi,Embakasi North,0.000441181256097,2021.0,6.0,2021-06,0.2810568303190772
Nairobi,Embakasi South,0.00142609820487,2021.0,6.0,2021-06,0.2709352570683388
Nairobi,Embakasi West,0.000793166442342,2021.0,6.0,2021-06,0.2772566811420582
Nairobi,Kamukunji,0.000718135459802,2021.0,6.0,2021-06,0.3678973201750761
Nairobi,Kasarani,0.0110736011415,2021.0,6.0,2021-06,0.4248209389883558
Nairobi,Kibra,0.00100197842996,2021.0,6.0,2021-06,0.3769358870569652
Nairobi,Kilimani,0.00238546350977,2021.0,6.0,2021-06,0.4503129919790311
Nairobi,Langata,0.0170497156745,2021.0,6.0,2021-06,0.5186840782602546
Nairobi,Makadara,0.000974908477702,2021.0,6.0,2021-06,0.2995852754258797
Nairobi,Mathare,0.000235884309461,2021.0,6.0,2021-06,0.3098731709365812
Nairobi,Roysambu,0.00390887981589,2021.0,6.0,2021-06,0.486676145128963
Nairobi,Ruaraka,0.000583416833502,2021.0,6.0,2021-06,0.3669621582196896
Nairobi,Starehe,0.00136813789598,2021.0,6.0,2021-06,0.2921526088653714
Nairobi,Westlands,0.00590790301496,2021.0,6.0,2021-06,0.5761340423466071
Turkana,Loima,0.792863767753,2021.0,6.0,2021-06,0.3116299085904063
Turkana,Turkana Central,0.538281501213,2021.0,6.0,2021-06,0.1339156595661061
Turkana,Turkana East,0.909087463502,2021.0,6.0,2021-06,0.2240329310279104
Turkana,Turkana North,1.66897152383,2021.0,6.0,2021-06,0.2461634719604199
Turkana,Turkana South,0.603285539944,2021.0,6.0,2021-06,0.2213470561160182
Turkana,Turkana West,1.19593592043,2021.0,6.0,2021-06,0.3711790063195915
Kiambu,Gatundu North,0.0190562071078,2021.0,7.0,2021-07,0.4467037146914355
Kiambu,Gatundu South,0.018013492523,2021.0,7.0,2021-07,0.5268921109873992
Kiambu,Githunguri,0.0140557399999,2021.0,7.0,2021-07,0.5790997924178325
Kiambu,Juja,0.0303444523402,2021.0,7.0,2021-07,0.4403446291693468
Kiambu,Kabete,0.00456838148631,2021.0,7.0,2021-07,0.4712089769744538
Kiambu,Kiambaa,0.00720464174127,2021.0,7.0,2021-07,0.5228740959190735
Kiambu,Kiambu,0.00796244668767,2021.0,7.0,2021-07,0.5331464279325173
Kiambu,Kikuyu,0.0141641490709,2021.0,7.0,2021-07,0.4774023361758108
Kiambu,Lari,0.037858207576,2021.0,7.0,2021-07,0.5394577090339276
Kiambu,Limuru,0.0231553754199,2021.0,7.0,2021-07,0.502220671329794
Kiambu,Ruiru,0.0124421280679,2021.0,7.0,2021-07,0.3910254022295926
Kiambu,Thika Town,0.0178033031507,2021.0,7.0,2021-07,0.4588507914548445
Machakos,Kangundo,0.013896319438,2021.0,7.0,2021-07,0.5331811949758943
Machakos,Kathiani,0.0167415041685,2021.0,7.0,2021-07,0.5047114376629123
Machakos,Machakos Town,0.0615270519301,2021.0,7.0,2021-07,0.4318930732413178
Machakos,Masinga,0.11427469357,2021.0,7.0,2021-07,0.3546991629498218
Machakos,Matungulu,0.0472449879416,2021.0,7.0,2021-07,0.4278954385092368
Machakos,Mavoko,0.0684719511619,2021.0,7.0,2021-07,0.3377092210601849
Machakos,Mwala,0.0827962943547,2021.0,7.0,2021-07,0.3986516495359118
Machakos,Yatta,0.0862109028544,2021.0,7.0,2021-07,0.400368338593056
Nairobi,Dagoretti,0.00198642271282,2021.0,7.0,2021-07,0.4399531523860736
Nairobi,Embakasi Central,0.000664901959297,2021.0,7.0,2021-07,0.1880845062040645
Nairobi,Embakasi East,0.00697580217167,2021.0,7.0,2021-07,0.2993423613789505
Nairobi,Embakasi North,0.000441181256097,2021.0,7.0,2021-07,0.2491634990800159
Nairobi,Embakasi South,0.00142609820487,2021.0,7.0,2021-07,0.2232600566022029
Nairobi,Embakasi West,0.000793166442342,2021.0,7.0,2021-07,0.2330972047519217
Nairobi,Kamukunji,0.000718135459802,2021.0,7.0,2021-07,0.3102515649516887
Nairobi,Kasarani,0.0110736011415,2021.0,7.0,2021-07,0.3414401347358342
Nairobi,Kibra,0.00100197842996,2021.0,7.0,2021-07,0.3692607029321754
Nairobi,Kilimani,0.00238546350977,2021.0,7.0,2021-07,0.4192606607553147
Nairobi,Langata,0.0170497156745,2021.0,7.0,2021-07,0.438946186532609
Nairobi,Makadara,0.000974908477702,2021.0,7.0,2021-07,0.272484128241051
Nairobi,Mathare,0.000235884309461,2021.0,7.0,2021-07,0.2573958966820664
Nairobi,Roysambu,0.00390887981589,2021.0,7.0,2021-07,0.4195012028282787
Nairobi,Ruaraka,0.000583416833502,2021.0,7.0,2021-07,0.3230866103534839
Nairobi,Starehe,0.00136813789598,2021.0,7.0,2021-07,0.2645075266018967
Nairobi,Westlands,0.00590790301496,2021.0,7.0,2021-07,0.4997720789612899
Turkana,Loima,0.792863767753,2021.0,7.0,2021-07,0.2975710203336297
Turkana,Turkana Central,0.538281501213,2021.0,7.0,2021-07,0.1254103680114729
Turkana,Turkana East,0.909087463502,2021.0,7.0,2021-07,0.2303624050542
Turkana,Turkana North,1.66897152383,2021.0,7.0,2021-07,0.2342434319423508
Turkana,Turkana South,0.603285539944,2021.0,7.0,2021-07,0.2149168341808299
Turkana,Turkana West,1.19593592043,2021.0,7.0,2021-07,0.3681875798197512
Kiambu,Gatundu North,0.0190562071078,2021.0,8.0,2021-08,0.7355938768212216
Kiambu,Gatundu South,0.018013492523,2021.0,8.0,2021-08,0.718561576056641
Kiambu,Githunguri,0.0140557399999,2021.0,8.0,2021-08,0.6849224906482472
Kiambu,Juja,0.0303444523402,2021.0,8.0,2021-08,0.4376719156329871
Kiambu,Kabete,0.00456838148631,2021.0,8.0,2021-08,0.609808460025815
Kiambu,Kiambaa,0.00720464174127,2021.0,8.0,2021-08,0.6527047137145713
Kiambu,Kiambu,0.00796244668767,2021.0,8.0,2021-08,0.5705333368946766
Kiambu,Kikuyu,0.0141641490709,2021.0,8.0,2021-08,0.5189319675382169
Kiambu,Lari,0.037858207576,2021.0,8.0,2021-08,0.7240600298769169
Kiambu,Limuru,0.0231553754199,2021.0,8.0,2021-08,0.5724310546197581
Kiambu,Ruiru,0.0124421280679,2021.0,8.0,2021-08,0.3673928725075279
Kiambu,Thika Town,0.0178033031507,2021.0,8.0,2021-08,0.4397751556518615
Machakos,Kangundo,0.013896319438,2021.0,8.0,2021-08,0.4581729873899177
Machakos,Kathiani,0.0167415041685,2021.0,8.0,2021-08,0.447573495423707
Machakos,Machakos Town,0.0615270519301,2021.0,8.0,2021-08,0.3741972003852694
Machakos,Masinga,0.11427469357,2021.0,8.0,2021-08,0.3108335902049828
Machakos,Matungulu,0.0472449879416,2021.0,8.0,2021-08,0.3851241264751677
Machakos,Mavoko,0.0684719511619,2021.0,8.0,2021-08,0.328703039324413
Machakos,Mwala,0.0827962943547,2021.0,8.0,2021-08,0.3304559855192902
Machakos,Yatta,0.0862109028544,2021.0,8.0,2021-08,0.3249778743264742
Nairobi,Dagoretti,0.00198642271282,2021.0,8.0,2021-08,0.4923101328473551
Nairobi,Embakasi Central,0.000664901959297,2021.0,8.0,2021-08,0.1906400303508199
Nairobi,Embakasi East,0.00697580217167,2021.0,8.0,2021-08,0.2903881979263565
Nairobi,Embakasi North,0.000441181256097,2021.0,8.0,2021-08,0.2362133420096036
Nairobi,Embakasi South,0.00142609820487,2021.0,8.0,2021-08,0.2180079458117143
Nairobi,Embakasi West,0.000793166442342,2021.0,8.0,2021-08,0.2320339485374862
Nairobi,Kamukunji,0.000718135459802,2021.0,8.0,2021-08,0.295085268533047
Nairobi,Kasarani,0.0110736011415,2021.0,8.0,2021-08,0.3176712926207923
Nairobi,Kibra,0.00100197842996,2021.0,8.0,2021-08,0.3662555227564421
Nairobi,Kilimani,0.00238546350977,2021.0,8.0,2021-08,0.4276624830995612
Nairobi,Langata,0.0170497156745,2021.0,8.0,2021-08,0.4591269074008109
Nairobi,Makadara,0.000974908477702,2021.0,8.0,2021-08,0.2655870571155915
Nairobi,Mathare,0.000235884309461,2021.0,8.0,2021-08,0.2727067828643427
Nairobi,Roysambu,0.00390887981589,2021.0,8.0,2021-08,0.4299816265639548
Nairobi,Ruaraka,0.000583416833502,2021.0,8.0,2021-08,0.3096867697944229
Nairobi,Starehe,0.00136813789598,2021.0,8.0,2021-08,0.2538363036375201
Nairobi,Westlands,0.00590790301496,2021.0,8.0,2021-08,0.5645180271061142
Turkana,Loima,0.792863767753,2021.0,8.0,2021-08,0.2724608990009115
Turkana,Turkana Central,0.538281501213,2021.0,8.0,2021-08,0.1382961818606065
Turkana,Turkana East,0.909087463502,2021.0,8.0,2021-08,0.2069265161082291
Turkana,Turkana North,1.66897152383,2021.0,8.0,2021-08,0.2498735671132814
Turkana,Turkana South,0.603285539944,2021.0,8.0,2021-08,0.1968845905302355
Turkana,Turkana West,1.19593592043,2021.0,8.0,2021-08,0.3605067286902778
Kiambu,Gatundu North,0.0190562071078,2021.0,9.0,2021-09,0.7199065098446694
Kiambu,Gatundu South,0.018013492523,2021.0,9.0,2021-09,0.6817287828477815
Kiambu,Githunguri,0.0140557399999,2021.0,9.0,2021-09,0.6423241555979636
Kiambu,Juja,0.0303444523402,2021.0,9.0,2021-09,0.3604079294601396
Kiambu,Kabete,0.00456838148631,2021.0,9.0,2021-09,0.5491983263598328
Kiambu,Kiambaa,0.00720464174127,2021.0,9.0,2021-09,0.61580627982712
Kiambu,Kiambu,0.00796244668767,2021.0,9.0,2021-09,0.5166951806345813
Kiambu,Kikuyu,0.0141641490709,2021.0,9.0,2021-09,0.4516548594216548
Kiambu,Lari,0.037858207576,2021.0,9.0,2021-09,0.7186376655822899
Kiambu,Limuru,0.0231553754199,2021.0,9.0,2021-09,0.5185124164318874
Kiambu,Ruiru,0.0124421280679,2021.0,9.0,2021-09,0.2946035327046047
Kiambu,Thika Town,0.0178033031507,2021.0,9.0,2021-09,0.3680216828624612
Machakos,Kangundo,0.013896319438,2021.0,9.0,2021-09,0.3900695269119033
Machakos,Kathiani,0.0167415041685,2021.0,9.0,2021-09,0.3898883000243404
Machakos,Machakos Town,0.0615270519301,2021.0,9.0,2021-09,0.3249839442697161
Machakos,Masinga,0.11427469357,2021.0,9.0,2021-09,0.2805311256319595
Machakos,Matungulu,0.0472449879416,2021.0,9.0,2021-09,0.3260826100726485
Machakos,Mavoko,0.0684719511619,2021.0,9.0,2021-09,0.2693205094635751
Machakos,Mwala,0.0827962943547,2021.0,9.0,2021-09,0.306482927170722
Machakos,Yatta,0.0862109028544,2021.0,9.0,2021-09,0.2989409848357098
Nairobi,Dagoretti,0.00198642271282,2021.0,9.0,2021-09,0.4417829902605166
Nairobi,Embakasi Central,0.000664901959297,2021.0,9.0,2021-09,0.1699979290028863
Nairobi,Embakasi East,0.00697580217167,2021.0,9.0,2021-09,0.2356304655772858
Nairobi,Embakasi North,0.000441181256097,2021.0,9.0,2021-09,0.2226115738455324
Nairobi,Embakasi South,0.00142609820487,2021.0,9.0,2021-09,0.1967954961016618
Nairobi,Embakasi West,0.000793166442342,2021.0,9.0,2021-09,0.202583571678147
Nairobi,Kamukunji,0.000718135459802,2021.0,9.0,2021-09,0.2539644369201969
Nairobi,Kasarani,0.0110736011415,2021.0,9.0,2021-09,0.2687053006456317
Nairobi,Kibra,0.00100197842996,2021.0,9.0,2021-09,0.3346218915983812
Nairobi,Kilimani,0.00238546350977,2021.0,9.0,2021-09,0.3883438005457907
Nairobi,Langata,0.0170497156745,2021.0,9.0,2021-09,0.3908067335793736
Nairobi,Makadara,0.000974908477702,2021.0,9.0,2021-09,0.238232151631439
Nairobi,Mathare,0.000235884309461,2021.0,9.0,2021-09,0.2388014447711046
Nairobi,Roysambu,0.00390887981589,2021.0,9.0,2021-09,0.3939916095578407
Nairobi,Ruaraka,0.000583416833502,2021.0,9.0,2021-09,0.2945226541827805
Nairobi,Starehe,0.00136813789598,2021.0,9.0,2021-09,0.232535066793893
Nairobi,Westlands,0.00590790301496,2021.0,9.0,2021-09,0.5279111601791894
Turkana,Loima,0.792863767753,2021.0,9.0,2021-09,0.3162008629671844
Turkana,Turkana Central,0.538281501213,2021.0,9.0,2021-09,0.1350906812074268
Turkana,Turkana East,0.909087463502,2021.0,9.0,2021-09,0.2580099771617883
Turkana,Turkana North,1.66897152383,2021.0,9.0,2021-09,0.2494000436745774
Turkana,Turkana South,0.603285539944,2021.0,9.0,2021-09,0.2313332137222002
Turkana,Turkana West,1.19593592043,2021.0,9.0,2021-09,0.4011534391078314
Kiambu,Gatundu North,0.0190562071078,2021.0,10.0,2021-10,0.7548734937157697
Kiambu,Gatundu South,0.018013492523,2021.0,10.0,2021-10,0.7344226516279504
Kiambu,Githunguri,0.0140557399999,2021.0,10.0,2021-10,0.6941659494878696
Kiambu,Juja,0.0303444523402,2021.0,10.0,2021-10,0.3929056232941774
Kiambu,Kabete,0.00456838148631,2021.0,10.0,2021-10,0.5432786294688877
Kiambu,Kiambaa,0.00720464174127,2021.0,10.0,2021-10,0.6064746030830741
Kiambu,Kiambu,0.00796244668767,2021.0,10.0,2021-10,0.5167953526970971
Kiambu,Kikuyu,0.0141641490709,2021.0,10.0,2021-10,0.4650886526209359
Kiambu,Lari,0.037858207576,2021.0,10.0,2021-10,0.7273765108273778
Kiambu,Limuru,0.0231553754199,2021.0,10.0,2021-10,0.5117251978896324
Kiambu,Ruiru,0.0124421280679,2021.0,10.0,2021-10,0.3188989809123778
Kiambu,Thika Town,0.0178033031507,2021.0,10.0,2021-10,0.4163607655082378
Machakos,Kangundo,0.013896319438,2021.0,10.0,2021-10,0.4088569531965048
Machakos,Kathiani,0.0167415041685,2021.0,10.0,2021-10,0.3980095988741821
Machakos,Machakos Town,0.0615270519301,2021.0,10.0,2021-10,0.3200030176627761
Machakos,Masinga,0.11427469357,2021.0,10.0,2021-10,0.3143518957071206
Machakos,Matungulu,0.0472449879416,2021.0,10.0,2021-10,0.3507111765880568
Machakos,Mavoko,0.0684719511619,2021.0,10.0,2021-10,0.2530827601417942
Machakos,Mwala,0.0827962943547,2021.0,10.0,2021-10,0.3130808097721766
Machakos,Yatta,0.0862109028544,2021.0,10.0,2021-10,0.3119075742068258
Nairobi,Dagoretti,0.00198642271282,2021.0,10.0,2021-10,0.4987182451003823
Nairobi,Embakasi Central,0.000664901959297,2021.0,10.0,2021-10,0.189327128276847
Nairobi,Embakasi East,0.00697580217167,2021.0,10.0,2021-10,0.2453042910701721
Nairobi,Embakasi North,0.000441181256097,2021.0,10.0,2021-10,0.2538795898218371
Nairobi,Embakasi South,0.00142609820487,2021.0,10.0,2021-10,0.2050356399655945
Nairobi,Embakasi West,0.000793166442342,2021.0,10.0,2021-10,0.2630552385943895
Nairobi,Kamukunji,0.000718135459802,2021.0,10.0,2021-10,0.3114789660583035
Nairobi,Kasarani,0.0110736011415,2021.0,10.0,2021-10,0.2947204240373589
Nairobi,Kibra,0.00100197842996,2021.0,10.0,2021-10,0.3581798657320571
Nairobi,Kilimani,0.00238546350977,2021.0,10.0,2021-10,0.4579713974070786
Nairobi,Langata,0.0170497156745,2021.0,10.0,2021-10,0.4185479111146168
Nairobi,Makadara,0.000974908477702,2021.0,10.0,2021-10,0.2890031715092081
Nairobi,Mathare,0.000235884309461,2021.0,10.0,2021-10,0.2786199412011759
Nairobi,Roysambu,0.00390887981589,2021.0,10.0,2021-10,0.4219051590274121
Nairobi,Ruaraka,0.000583416833502,2021.0,10.0,2021-10,0.336943690209648
Nairobi,Starehe,0.00136813789598,2021.0,10.0,2021-10,0.2676960704371963
Nairobi,Westlands,0.00590790301496,2021.0,10.0,2021-10,0.5624158464968961
Turkana,Loima,0.792863767753,2021.0,10.0,2021-10,0.3254141344315367
Turkana,Turkana Central,0.538281501213,2021.0,10.0,2021-10,0.1387368089881271
Turkana,Turkana East,0.909087463502,2021.0,10.0,2021-10,0.2442778151558463
Turkana,Turkana North,1.66897152383,2021.0,10.0,2021-10,0.2417778772995435
Turkana,Turkana South,0.603285539944,2021.0,10.0,2021-10,0.2297197320912139
Turkana,Turkana West,1.19593592043,2021.0,10.0,2021-10,0.3809512185548577
Kiambu,Gatundu North,0.0190562071078,2021.0,11.0,2021-11,0.7683669648751665
Kiambu,Gatundu South,0.018013492523,2021.0,11.0,2021-11,0.748616953309264
Kiambu,Githunguri,0.0140557399999,2021.0,11.0,2021-11,0.7106833231301424
Kiambu,Juja,0.0303444523402,2021.0,11.0,2021-11,0.4023793571795007
Kiambu,Kabete,0.00456838148631,2021.0,11.0,2021-11,0.5567706147075896
Kiambu,Kiambaa,0.00720464174127,2021.0,11.0,2021-11,0.6380948170145689
Kiambu,Kiambu,0.00796244668767,2021.0,11.0,2021-11,0.5485188934578974
Kiambu,Kikuyu,0.0141641490709,2021.0,11.0,2021-11,0.4502016515790977
Kiambu,Lari,0.037858207576,2021.0,11.0,2021-11,0.7276937495166825
Kiambu,Limuru,0.0231553754199,2021.0,11.0,2021-11,0.5082225451519822
Kiambu,Ruiru,0.0124421280679,2021.0,11.0,2021-11,0.3085549314460869
Kiambu,Thika Town,0.0178033031507,2021.0,11.0,2021-11,0.4573568275689654
Machakos,Kangundo,0.013896319438,2021.0,11.0,2021-11,0.4361863271903257
Machakos,Kathiani,0.0167415041685,2021.0,11.0,2021-11,0.4027989076210123
Machakos,Machakos Town,0.0615270519301,2021.0,11.0,2021-11,0.31844960129276
Machakos,Masinga,0.11427469357,2021.0,11.0,2021-11,0.3540826177976755
Machakos,Matungulu,0.0472449879416,2021.0,11.0,2021-11,0.4040927926587113
Machakos,Mavoko,0.0684719511619,2021.0,11.0,2021-11,0.2509662463987456
Machakos,Mwala,0.0827962943547,2021.0,11.0,2021-11,0.329204022151805
Machakos,Yatta,0.0862109028544,2021.0,11.0,2021-11,0.3427929401791164
Nairobi,Dagoretti,0.00198642271282,2021.0,11.0,2021-11,0.4938591135874761
Nairobi,Embakasi Central,0.000664901959297,2021.0,11.0,2021-11,0.1759598193828666
Nairobi,Embakasi East,0.00697580217167,2021.0,11.0,2021-11,0.2290230555334983
Nairobi,Embakasi North,0.000441181256097,2021.0,11.0,2021-11,0.2439661962033835
Nairobi,Embakasi South,0.00142609820487,2021.0,11.0,2021-11,0.1947732728004215
Nairobi,Embakasi West,0.000793166442342,2021.0,11.0,2021-11,0.2295298792053508
Nairobi,Kamukunji,0.000718135459802,2021.0,11.0,2021-11,0.2876763743221294
Nairobi,Kasarani,0.0110736011415,2021.0,11.0,2021-11,0.2810910641486916
Nairobi,Kibra,0.00100197842996,2021.0,11.0,2021-11,0.3520729578438151
Nairobi,Kilimani,0.00238546350977,2021.0,11.0,2021-11,0.4335699674018528
Nairobi,Langata,0.0170497156745,2021.0,11.0,2021-11,0.4070724627256151
Nairobi,Makadara,0.000974908477702,2021.0,11.0,2021-11,0.255175598465006
Nairobi,Mathare,0.000235884309461,2021.0,11.0,2021-11,0.2754880890382192
Nairobi,Roysambu,0.00390887981589,2021.0,11.0,2021-11,0.4270740132910876
Nairobi,Ruaraka,0.000583416833502,2021.0,11.0,2021-11,0.3265340304633966
Nairobi,Starehe,0.00136813789598,2021.0,11.0,2021-11,0.2523548714723569
Nairobi,Westlands,0.00590790301496,2021.0,11.0,2021-11,0.560136922371249
Turkana,Loima,0.792863767753,2021.0,11.0,2021-11,0.2770065506745425
Turkana,Turkana Central,0.538281501213,2021.0,11.0,2021-11,0.1333612712885423
Turkana,Turkana East,0.909087463502,2021.0,11.0,2021-11,0.2044420477964993
Turkana,Turkana North,1.66897152383,2021.0,11.0,2021-11,0.2110504828022918
Turkana,Turkana South,0.603285539944,2021.0,11.0,2021-11,0.1983807661580026
Turkana,Turkana West,1.19593592043,2021.0,11.0,2021-11,0.3101396849439338
Kiambu,Gatundu North,0.0190562071078,2021.0,12.0,2021-12,0.7519226784995077
Kiambu,Gatundu South,0.018013492523,2021.0,12.0,2021-12,0.7638473388520682
Kiambu,Githunguri,0.0140557399999,2021.0,12.0,2021-12,0.7529624507783981
Kiambu,Juja,0.0303444523402,2021.0,12.0,2021-12,0.5931266936339171
Kiambu,Kabete,0.00456838148631,2021.0,12.0,2021-12,0.6976232256555521
Kiambu,Kiambaa,0.00720464174127,2021.0,12.0,2021-12,0.7409230464438105
Kiambu,Kiambu,0.00796244668767,2021.0,12.0,2021-12,0.6558643337391602
Kiambu,Kikuyu,0.0141641490709,2021.0,12.0,2021-12,0.5422530167224832
Kiambu,Lari,0.037858207576,2021.0,12.0,2021-12,0.7592628010420853
Kiambu,Limuru,0.0231553754199,2021.0,12.0,2021-12,0.5742448272341937
Kiambu,Ruiru,0.0124421280679,2021.0,12.0,2021-12,0.5367587180481852
Kiambu,Thika Town,0.0178033031507,2021.0,12.0,2021-12,0.611589262160735
Machakos,Kangundo,0.013896319438,2021.0,12.0,2021-12,0.6370075375818669
Machakos,Kathiani,0.0167415041685,2021.0,12.0,2021-12,0.5761815633130809
Machakos,Machakos Town,0.0615270519301,2021.0,12.0,2021-12,0.5291402378773168
Machakos,Masinga,0.11427469357,2021.0,12.0,2021-12,0.5817985060963325
Machakos,Matungulu,0.0472449879416,2021.0,12.0,2021-12,0.6095424736469957
Machakos,Mavoko,0.0684719511619,2021.0,12.0,2021-12,0.5189816458148022
Machakos,Mwala,0.0827962943547,2021.0,12.0,2021-12,0.5954690348828098
Machakos,Yatta,0.0862109028544,2021.0,12.0,2021-12,0.5999151330531982
Nairobi,Dagoretti,0.00198642271282,2021.0,12.0,2021-12,0.5784024791865832
Nairobi,Embakasi Central,0.000664901959297,2021.0,12.0,2021-12,0.2402436412057012
Nairobi,Embakasi East,0.00697580217167,2021.0,12.0,2021-12,0.4277425346552625
Nairobi,Embakasi North,0.000441181256097,2021.0,12.0,2021-12,0.3181873558317998
Nairobi,Embakasi South,0.00142609820487,2021.0,12.0,2021-12,0.280352194722677
Nairobi,Embakasi West,0.000793166442342,2021.0,12.0,2021-12,0.3038411587800739
Nairobi,Kamukunji,0.000718135459802,2021.0,12.0,2021-12,0.4131717028656368
Nairobi,Kasarani,0.0110736011415,2021.0,12.0,2021-12,0.4832591980163002
Nairobi,Kibra,0.00100197842996,2021.0,12.0,2021-12,0.4460123881923192
Nairobi,Kilimani,0.00238546350977,2021.0,12.0,2021-12,0.5196755941074495
Nairobi,Langata,0.0170497156745,2021.0,12.0,2021-12,0.5828921558754346
Nairobi,Makadara,0.000974908477702,2021.0,12.0,2021-12,0.3607461472863495
Nairobi,Mathare,0.000235884309461,2021.0,12.0,2021-12,0.3153067324653507
Nairobi,Roysambu,0.00390887981589,2021.0,12.0,2021-12,0.5686419405697047
Nairobi,Ruaraka,0.000583416833502,2021.0,12.0,2021-12,0.4490359369699438
Nairobi,Starehe,0.00136813789598,2021.0,12.0,2021-12,0.3376367850740223
Nairobi,Westlands,0.00590790301496,2021.0,12.0,2021-12,0.6401430045065254
Turkana,Loima,0.792863767753,2021.0,12.0,2021-12,0.2366249228977505
Turkana,Turkana Central,0.538281501213,2021.0,12.0,2021-12,0.1238937975967898
Turkana,Turkana East,0.909087463502,2021.0,12.0,2021-12,0.1791290875153829
Turkana,Turkana North,1.66897152383,2021.0,12.0,2021-12,0.189822309724989
Turkana,Turkana South,0.603285539944,2021.0,12.0,2021-12,0.1759324007853855
Turkana,Turkana West,1.19593592043,2021.0,12.0,2021-12,0.2670373880988707
Kiambu,Gatundu North,0.0190562071078,2022.0,1.0,2022-01,0.7828121272436993
Kiambu,Gatundu South,0.018013492523,2022.0,1.0,2022-01,0.7707943823870442
Kiambu,Githunguri,0.0140557399999,2022.0,1.0,2022-01,0.7456569832048443
Kiambu,Juja,0.0303444523402,2022.0,1.0,2022-01,0.5497070164065438
Kiambu,Kabete,0.00456838148631,2022.0,1.0,2022-01,0.6474249049264972
Kiambu,Kiambaa,0.00720464174127,2022.0,1.0,2022-01,0.7052244578260319
Kiambu,Kiambu,0.00796244668767,2022.0,1.0,2022-01,0.6852328286580367
Kiambu,Kikuyu,0.0141641490709,2022.0,1.0,2022-01,0.4872799691219232
Kiambu,Lari,0.037858207576,2022.0,1.0,2022-01,0.7468970718738963
Kiambu,Limuru,0.0231553754199,2022.0,1.0,2022-01,0.5505196034604424
Kiambu,Ruiru,0.0124421280679,2022.0,1.0,2022-01,0.4744645011717129
Kiambu,Thika Town,0.0178033031507,2022.0,1.0,2022-01,0.5911032909964701
Machakos,Kangundo,0.013896319438,2022.0,1.0,2022-01,0.7139775162874917
Machakos,Kathiani,0.0167415041685,2022.0,1.0,2022-01,0.6907518768949742
Machakos,Machakos Town,0.0615270519301,2022.0,1.0,2022-01,0.6225582134591495
Machakos,Masinga,0.11427469357,2022.0,1.0,2022-01,0.587936935430755
Machakos,Matungulu,0.0472449879416,2022.0,1.0,2022-01,0.6079766021233123
Machakos,Mavoko,0.0684719511619,2022.0,1.0,2022-01,0.5057943259425227
Machakos,Mwala,0.0827962943547,2022.0,1.0,2022-01,0.6692783928283051
Machakos,Yatta,0.0862109028544,2022.0,1.0,2022-01,0.6318109551472431
Nairobi,Dagoretti,0.00198642271282,2022.0,1.0,2022-01,0.5182714169056726
Nairobi,Embakasi Central,0.000664901959297,2022.0,1.0,2022-01,0.2125865459576875
Nairobi,Embakasi East,0.00697580217167,2022.0,1.0,2022-01,0.3919161314290906
Nairobi,Embakasi North,0.000441181256097,2022.0,1.0,2022-01,0.2970294237759726
Nairobi,Embakasi South,0.00142609820487,2022.0,1.0,2022-01,0.2489901334591158
Nairobi,Embakasi West,0.000793166442342,2022.0,1.0,2022-01,0.2807193508535487
Nairobi,Kamukunji,0.000718135459802,2022.0,1.0,2022-01,0.3946716835962232
Nairobi,Kasarani,0.0110736011415,2022.0,1.0,2022-01,0.4414910104651615
Nairobi,Kibra,0.00100197842996,2022.0,1.0,2022-01,0.4115547773719026
Nairobi,Kilimani,0.00238546350977,2022.0,1.0,2022-01,0.4809740127240606
Nairobi,Langata,0.0170497156745,2022.0,1.0,2022-01,0.527812474316032
Nairobi,Makadara,0.000974908477702,2022.0,1.0,2022-01,0.3140388926113177
Nairobi,Mathare,0.000235884309461,2022.0,1.0,2022-01,0.3025881940361193
Nairobi,Roysambu,0.00390887981589,2022.0,1.0,2022-01,0.5457785566060648
Nairobi,Ruaraka,0.000583416833502,2022.0,1.0,2022-01,0.4066414224167177
Nairobi,Starehe,0.00136813789598,2022.0,1.0,2022-01,0.2983587157356002
Nairobi,Westlands,0.00590790301496,2022.0,1.0,2022-01,0.6282060555179821
Turkana,Loima,0.792863767753,2022.0,1.0,2022-01,0.2517320053906528
Turkana,Turkana Central,0.538281501213,2022.0,1.0,2022-01,0.1334288930637989
Turkana,Turkana East,0.909087463502,2022.0,1.0,2022-01,0.1825087042534169
Turkana,Turkana North,1.66897152383,2022.0,1.0,2022-01,0.189781596036968
Turkana,Turkana South,0.603285539944,2022.0,1.0,2022-01,0.1767250155157819
Turkana,Turkana West,1.19593592043,2022.0,1.0,2022-01,0.2593475829870396
Kiambu,Gatundu North,0.0190562071078,2022.0,2.0,2022-02,0.7376098648589738
Kiambu,Gatundu South,0.018013492523,2022.0,2.0,2022-02,0.7263496739927721
Kiambu,Githunguri,0.0140557399999,2022.0,2.0,2022-02,0.6925031285799126
Kiambu,Juja,0.0303444523402,2022.0,2.0,2022-02,0.4309649790461141
Kiambu,Kabete,0.00456838148631,2022.0,2.0,2022-02,0.6278704602943598
Kiambu,Kiambaa,0.00720464174127,2022.0,2.0,2022-02,0.6632558411728202
Kiambu,Kiambu,0.00796244668767,2022.0,2.0,2022-02,0.5939407993142352
Kiambu,Kikuyu,0.0141641490709,2022.0,2.0,2022-02,0.5550813609397215
Kiambu,Lari,0.037858207576,2022.0,2.0,2022-02,0.7598333014778578
Kiambu,Limuru,0.0231553754199,2022.0,2.0,2022-02,0.6229760321185177
Kiambu,Ruiru,0.0124421280679,2022.0,2.0,2022-02,0.3262318615121925
Kiambu,Thika Town,0.0178033031507,2022.0,2.0,2022-02,0.4669673079423292
Machakos,Kangundo,0.013896319438,2022.0,2.0,2022-02,0.6209473247520045
Machakos,Kathiani,0.0167415041685,2022.0,2.0,2022-02,0.583293207694979
Machakos,Machakos Town,0.0615270519301,2022.0,2.0,2022-02,0.4784603530304734
Machakos,Masinga,0.11427469357,2022.0,2.0,2022-02,0.450355429709023
Machakos,Matungulu,0.0472449879416,2022.0,2.0,2022-02,0.45525190670205
Machakos,Mavoko,0.0684719511619,2022.0,2.0,2022-02,0.3550849431093523
Machakos,Mwala,0.0827962943547,2022.0,2.0,2022-02,0.5074436468607056
Machakos,Yatta,0.0862109028544,2022.0,2.0,2022-02,0.4541538649496001
Nairobi,Dagoretti,0.00198642271282,2022.0,2.0,2022-02,0.4903838078593053
Nairobi,Embakasi Central,0.000664901959297,2022.0,2.0,2022-02,0.2003557517779034
Nairobi,Embakasi East,0.00697580217167,2022.0,2.0,2022-02,0.3207246222519685
Nairobi,Embakasi North,0.000441181256097,2022.0,2.0,2022-02,0.2454017277745364
Nairobi,Embakasi South,0.00142609820487,2022.0,2.0,2022-02,0.2494993431092365
Nairobi,Embakasi West,0.000793166442342,2022.0,2.0,2022-02,0.2502620744733951
Nairobi,Kamukunji,0.000718135459802,2022.0,2.0,2022-02,0.304440538717758
Nairobi,Kasarani,0.0110736011415,2022.0,2.0,2022-02,0.3077918850332821
Nairobi,Kibra,0.00100197842996,2022.0,2.0,2022-02,0.3625079563629184
Nairobi,Kilimani,0.00238546350977,2022.0,2.0,2022-02,0.4521500626249383
Nairobi,Langata,0.0170497156745,2022.0,2.0,2022-02,0.4926317905742866
Nairobi,Makadara,0.000974908477702,2022.0,2.0,2022-02,0.2681944975736533
Nairobi,Mathare,0.000235884309461,2022.0,2.0,2022-02,0.2752810247795043
Nairobi,Roysambu,0.00390887981589,2022.0,2.0,2022-02,0.4655346350265212
Nairobi,Ruaraka,0.000583416833502,2022.0,2.0,2022-02,0.3349819492502884
Nairobi,Starehe,0.00136813789598,2022.0,2.0,2022-02,0.2783318810721719
Nairobi,Westlands,0.00590790301496,2022.0,2.0,2022-02,0.5817447101895687
Turkana,Loima,0.792863767753,2022.0,2.0,2022-02,0.2431434603454992
Turkana,Turkana Central,0.538281501213,2022.0,2.0,2022-02,0.1385894341355974
Turkana,Turkana East,0.909087463502,2022.0,2.0,2022-02,0.1768727873422949
Turkana,Turkana North,1.66897152383,2022.0,2.0,2022-02,0.1773426154868287
Turkana,Turkana South,0.603285539944,2022.0,2.0,2022-02,0.1707713151206302
Turkana,Turkana West,1.19593592043,2022.0,2.0,2022-02,0.2345415567983947
Kiambu,Gatundu North,0.0190562071078,2022.0,3.0,2022-03,0.7554622416864245
Kiambu,Gatundu South,0.018013492523,2022.0,3.0,2022-03,0.7164259038492793
Kiambu,Githunguri,0.0140557399999,2022.0,3.0,2022-03,0.6450185629825405
Kiambu,Juja,0.0303444523402,2022.0,3.0,2022-03,0.413147302134239
Kiambu,Kabete,0.00456838148631,2022.0,3.0,2022-03,0.5797951434548714
Kiambu,Kiambaa,0.00720464174127,2022.0,3.0,2022-03,0.6047201183748786
Kiambu,Kiambu,0.00796244668767,2022.0,3.0,2022-03,0.5326459944840619
Kiambu,Kikuyu,0.0141641490709,2022.0,3.0,2022-03,0.4914940849140137
Kiambu,Lari,0.037858207576,2022.0,3.0,2022-03,0.7486190256090862
Kiambu,Limuru,0.0231553754199,2022.0,3.0,2022-03,0.5583462866115051
Kiambu,Ruiru,0.0124421280679,2022.0,3.0,2022-03,0.3230276218851057
Kiambu,Thika Town,0.0178033031507,2022.0,3.0,2022-03,0.4674739356057443
Machakos,Kangundo,0.013896319438,2022.0,3.0,2022-03,0.543799738019424
Machakos,Kathiani,0.0167415041685,2022.0,3.0,2022-03,0.5306095272108117
Machakos,Machakos Town,0.0615270519301,2022.0,3.0,2022-03,0.4379958899108934
Machakos,Masinga,0.11427469357,2022.0,3.0,2022-03,0.4042878081663965
Machakos,Matungulu,0.0472449879416,2022.0,3.0,2022-03,0.4531547597636627
Machakos,Mavoko,0.0684719511619,2022.0,3.0,2022-03,0.3394047699631472
Machakos,Mwala,0.0827962943547,2022.0,3.0,2022-03,0.4361111514189245
Machakos,Yatta,0.0862109028544,2022.0,3.0,2022-03,0.4006561140115095
Nairobi,Dagoretti,0.00198642271282,2022.0,3.0,2022-03,0.4548681300788715
Nairobi,Embakasi Central,0.000664901959297,2022.0,3.0,2022-03,0.1962197592763413
Nairobi,Embakasi East,0.00697580217167,2022.0,3.0,2022-03,0.3003691070456245
Nairobi,Embakasi North,0.000441181256097,2022.0,3.0,2022-03,0.2387292330476146
Nairobi,Embakasi South,0.00142609820487,2022.0,3.0,2022-03,0.2296309557170997
Nairobi,Embakasi West,0.000793166442342,2022.0,3.0,2022-03,0.219337199261256
Nairobi,Kamukunji,0.000718135459802,2022.0,3.0,2022-03,0.2739598741982545
Nairobi,Kasarani,0.0110736011415,2022.0,3.0,2022-03,0.2965040085786459
Nairobi,Kibra,0.00100197842996,2022.0,3.0,2022-03,0.3360360292230232
Nairobi,Kilimani,0.00238546350977,2022.0,3.0,2022-03,0.4134514868238783
Nairobi,Langata,0.0170497156745,2022.0,3.0,2022-03,0.4327834730409701
Nairobi,Makadara,0.000974908477702,2022.0,3.0,2022-03,0.2595492091531137
Nairobi,Mathare,0.000235884309461,2022.0,3.0,2022-03,0.2522263334733305
Nairobi,Roysambu,0.00390887981589,2022.0,3.0,2022-03,0.4058612225169048
Nairobi,Ruaraka,0.000583416833502,2022.0,3.0,2022-03,0.3035907422484566
Nairobi,Starehe,0.00136813789598,2022.0,3.0,2022-03,0.253879673403886
Nairobi,Westlands,0.00590790301496,2022.0,3.0,2022-03,0.5390019914422892
Turkana,Loima,0.792863767753,2022.0,3.0,2022-03,0.2219558809902845
Turkana,Turkana Central,0.538281501213,2022.0,3.0,2022-03,0.11726930600702
Turkana,Turkana East,0.909087463502,2022.0,3.0,2022-03,0.1703847765544812
Turkana,Turkana North,1.66897152383,2022.0,3.0,2022-03,0.1693654051551192
Turkana,Turkana South,0.603285539944,2022.0,3.0,2022-03,0.1659379201088536
Turkana,Turkana West,1.19593592043,2022.0,3.0,2022-03,0.2279317492600348
Kiambu,Gatundu North,0.0190562071078,2022.0,4.0,2022-04,0.7296816363285318
Kiambu,Gatundu South,0.018013492523,2022.0,4.0,2022-04,0.7049525799480849
Kiambu,Githunguri,0.0140557399999,2022.0,4.0,2022-04,0.6264194446790007
Kiambu,Juja,0.0303444523402,2022.0,4.0,2022-04,0.5018811580273033
Kiambu,Kabete,0.00456838148631,2022.0,4.0,2022-04,0.579270219903497
Kiambu,Kiambaa,0.00720464174127,2022.0,4.0,2022-04,0.6106684433881958
Kiambu,Kiambu,0.00796244668767,2022.0,4.0,2022-04,0.5992152694610777
Kiambu,Kikuyu,0.0141641490709,2022.0,4.0,2022-04,0.5059492946642798
Kiambu,Lari,0.037858207576,2022.0,4.0,2022-04,0.7379215125046232
Kiambu,Limuru,0.0231553754199,2022.0,4.0,2022-04,0.5868459640424344
Kiambu,Ruiru,0.0124421280679,2022.0,4.0,2022-04,0.4436437696544009
Kiambu,Thika Town,0.0178033031507,2022.0,4.0,2022-04,0.5392919855543514
Machakos,Kangundo,0.013896319438,2022.0,4.0,2022-04,0.6228347229952189
Machakos,Kathiani,0.0167415041685,2022.0,4.0,2022-04,0.6141812080683626
Machakos,Machakos Town,0.0615270519301,2022.0,4.0,2022-04,0.485061154865389
Machakos,Masinga,0.11427469357,2022.0,4.0,2022-04,0.4716367279535267
Machakos,Matungulu,0.0472449879416,2022.0,4.0,2022-04,0.5372419439075253
Machakos,Mavoko,0.0684719511619,2022.0,4.0,2022-04,0.4322797243850529
Machakos,Mwala,0.0827962943547,2022.0,4.0,2022-04,0.5724772555307833
Machakos,Yatta,0.0862109028544,2022.0,4.0,2022-04,0.5331930421615222
Nairobi,Dagoretti,0.00198642271282,2022.0,4.0,2022-04,0.4868671715662843
Nairobi,Embakasi Central,0.000664901959297,2022.0,4.0,2022-04,0.2328729490879876
Nairobi,Embakasi East,0.00697580217167,2022.0,4.0,2022-04,0.3890486822776053
Nairobi,Embakasi North,0.000441181256097,2022.0,4.0,2022-04,0.2938599021675715
Nairobi,Embakasi South,0.00142609820487,2022.0,4.0,2022-04,0.2784916886323905
Nairobi,Embakasi West,0.000793166442342,2022.0,4.0,2022-04,0.3223102538185082
Nairobi,Kamukunji,0.000718135459802,2022.0,4.0,2022-04,0.3681818950092216
Nairobi,Kasarani,0.0110736011415,2022.0,4.0,2022-04,0.3964873924989547
Nairobi,Kibra,0.00100197842996,2022.0,4.0,2022-04,0.4001997887254419
Nairobi,Kilimani,0.00238546350977,2022.0,4.0,2022-04,0.4635174872883816
Nairobi,Langata,0.0170497156745,2022.0,4.0,2022-04,0.4850135312598979
Nairobi,Makadara,0.000974908477702,2022.0,4.0,2022-04,0.3311809628230898
Nairobi,Mathare,0.000235884309461,2022.0,4.0,2022-04,0.3300420537589248
Nairobi,Roysambu,0.00390887981589,2022.0,4.0,2022-04,0.4991966668522493
Nairobi,Ruaraka,0.000583416833502,2022.0,4.0,2022-04,0.4052654199742183
Nairobi,Starehe,0.00136813789598,2022.0,4.0,2022-04,0.3279482838885033
Nairobi,Westlands,0.00590790301496,2022.0,4.0,2022-04,0.5894502285069538
Turkana,Loima,0.792863767753,2022.0,4.0,2022-04,0.2630244409159246
Turkana,Turkana Central,0.538281501213,2022.0,4.0,2022-04,0.116843135663379
Turkana,Turkana East,0.909087463502,2022.0,4.0,2022-04,0.2139976190027061
Turkana,Turkana North,1.66897152383,2022.0,4.0,2022-04,0.2464438922018664
Turkana,Turkana South,0.603285539944,2022.0,4.0,2022-04,0.1932125605033532
Turkana,Turkana West,1.19593592043,2022.0,4.0,2022-04,0.3464497089067286
Kiambu,Gatundu North,0.0190562071078,2022.0,5.0,2022-05,0.766939157992202
Kiambu,Gatundu South,0.018013492523,2022.0,5.0,2022-05,0.7647241805897774
Kiambu,Githunguri,0.0140557399999,2022.0,5.0,2022-05,0.7436168824113882
Kiambu,Juja,0.0303444523402,2022.0,5.0,2022-05,0.602965384467465
Kiambu,Kabete,0.00456838148631,2022.0,5.0,2022-05,0.6771483460675523
Kiambu,Kiambaa,0.00720464174127,2022.0,5.0,2022-05,0.7113232044691941
Kiambu,Kiambu,0.00796244668767,2022.0,5.0,2022-05,0.6815986482222285
Kiambu,Kikuyu,0.0141641490709,2022.0,5.0,2022-05,0.6426593087416662
Kiambu,Lari,0.037858207576,2022.0,5.0,2022-05,0.7392736088527224
Kiambu,Limuru,0.0231553754199,2022.0,5.0,2022-05,0.6667759633504805
Kiambu,Ruiru,0.0124421280679,2022.0,5.0,2022-05,0.5373450140223917
Kiambu,Thika Town,0.0178033031507,2022.0,5.0,2022-05,0.6237177878712115
Machakos,Kangundo,0.013896319438,2022.0,5.0,2022-05,0.6490293293695802
Machakos,Kathiani,0.0167415041685,2022.0,5.0,2022-05,0.6175082234455624
Machakos,Machakos Town,0.0615270519301,2022.0,5.0,2022-05,0.4703489841677668
Machakos,Masinga,0.11427469357,2022.0,5.0,2022-05,0.5427514189869959
Machakos,Matungulu,0.0472449879416,2022.0,5.0,2022-05,0.5693598988037898
Machakos,Mavoko,0.0684719511619,2022.0,5.0,2022-05,0.4046645266074672
Machakos,Mwala,0.0827962943547,2022.0,5.0,2022-05,0.5554335629923144
Machakos,Yatta,0.0862109028544,2022.0,5.0,2022-05,0.5359141055890709
Nairobi,Dagoretti,0.00198642271282,2022.0,5.0,2022-05,0.5758747495419058
Nairobi,Embakasi Central,0.000664901959297,2022.0,5.0,2022-05,0.2537258889517064
Nairobi,Embakasi East,0.00697580217167,2022.0,5.0,2022-05,0.4013752238979514
Nairobi,Embakasi North,0.000441181256097,2022.0,5.0,2022-05,0.3094007718888837
Nairobi,Embakasi South,0.00142609820487,2022.0,5.0,2022-05,0.2953199446463748
Nairobi,Embakasi West,0.000793166442342,2022.0,5.0,2022-05,0.3174196466007787
Nairobi,Kamukunji,0.000718135459802,2022.0,5.0,2022-05,0.4211282971343627
Nairobi,Kasarani,0.0110736011415,2022.0,5.0,2022-05,0.4439485944919448
Nairobi,Kibra,0.00100197842996,2022.0,5.0,2022-05,0.4621841702043642
Nairobi,Kilimani,0.00238546350977,2022.0,5.0,2022-05,0.515600009538898
Nairobi,Langata,0.0170497156745,2022.0,5.0,2022-05,0.638895741885258
Nairobi,Makadara,0.000974908477702,2022.0,5.0,2022-05,0.3435328531400379
Nairobi,Mathare,0.000235884309461,2022.0,5.0,2022-05,0.3558165266694666
Nairobi,Roysambu,0.00390887981589,2022.0,5.0,2022-05,0.5664100181702231
Nairobi,Ruaraka,0.000583416833502,2022.0,5.0,2022-05,0.4303950675079722
Nairobi,Starehe,0.00136813789598,2022.0,5.0,2022-05,0.3436884809449455
Nairobi,Westlands,0.00590790301496,2022.0,5.0,2022-05,0.6392573472100382
Turkana,Loima,0.792863767753,2022.0,5.0,2022-05,0.2988855258879927
Turkana,Turkana Central,0.538281501213,2022.0,5.0,2022-05,0.1336663121865685
Turkana,Turkana East,0.909087463502,2022.0,5.0,2022-05,0.2333709136511563
Turkana,Turkana North,1.66897152383,2022.0,5.0,2022-05,0.3337617988516196
Turkana,Turkana South,0.603285539944,2022.0,5.0,2022-05,0.211481680256404
Turkana,Turkana West,1.19593592043,2022.0,5.0,2022-05,0.4755895500890236
Kiambu,Gatundu North,0.0190562071078,2022.0,6.0,2022-06,0.6308396751383691
Kiambu,Gatundu South,0.018013492523,2022.0,6.0,2022-06,0.6058605734389209
Kiambu,Githunguri,0.0140557399999,2022.0,6.0,2022-06,0.6018241444800031
Kiambu,Juja,0.0303444523402,2022.0,6.0,2022-06,0.4828814648881456
Kiambu,Kabete,0.00456838148631,2022.0,6.0,2022-06,0.560360325112399
Kiambu,Kiambaa,0.00720464174127,2022.0,6.0,2022-06,0.6229271890153818
Kiambu,Kiambu,0.00796244668767,2022.0,6.0,2022-06,0.6105481543966009
Kiambu,Kikuyu,0.0141641490709,2022.0,6.0,2022-06,0.503352302309082
Kiambu,Lari,0.037858207576,2022.0,6.0,2022-06,0.5533797658073868
Kiambu,Limuru,0.0231553754199,2022.0,6.0,2022-06,0.5316603970435723
Kiambu,Ruiru,0.0124421280679,2022.0,6.0,2022-06,0.3736600485060274
Kiambu,Thika Town,0.0178033031507,2022.0,6.0,2022-06,0.4956181043420278
Machakos,Kangundo,0.013896319438,2022.0,6.0,2022-06,0.5649288593560746
Machakos,Kathiani,0.0167415041685,2022.0,6.0,2022-06,0.4702566539409542
Machakos,Machakos Town,0.0615270519301,2022.0,6.0,2022-06,0.3674683019707427
Machakos,Masinga,0.11427469357,2022.0,6.0,2022-06,0.3941355143484454
Machakos,Matungulu,0.0472449879416,2022.0,6.0,2022-06,0.4247685341830263
Machakos,Mavoko,0.0684719511619,2022.0,6.0,2022-06,0.2968914828256314
Machakos,Mwala,0.0827962943547,2022.0,6.0,2022-06,0.4238638743464877
Machakos,Yatta,0.0862109028544,2022.0,6.0,2022-06,0.4008192372771498
Nairobi,Dagoretti,0.00198642271282,2022.0,6.0,2022-06,0.4897832686026131
Nairobi,Embakasi Central,0.000664901959297,2022.0,6.0,2022-06,0.1890023298717529
Nairobi,Embakasi East,0.00697580217167,2022.0,6.0,2022-06,0.2786142567268648
Nairobi,Embakasi North,0.000441181256097,2022.0,6.0,2022-06,0.2219568370506662
Nairobi,Embakasi South,0.00142609820487,2022.0,6.0,2022-06,0.2399262256874113
Nairobi,Embakasi West,0.000793166442342,2022.0,6.0,2022-06,0.2172708008884896
Nairobi,Kamukunji,0.000718135459802,2022.0,6.0,2022-06,0.2856679604701735
Nairobi,Kasarani,0.0110736011415,2022.0,6.0,2022-06,0.3102977855767272
Nairobi,Kibra,0.00100197842996,2022.0,6.0,2022-06,0.3724125737980057
Nairobi,Kilimani,0.00238546350977,2022.0,6.0,2022-06,0.443428907422922
Nairobi,Langata,0.0170497156745,2022.0,6.0,2022-06,0.4952402223410782
Nairobi,Makadara,0.000974908477702,2022.0,6.0,2022-06,0.2502189153519725
Nairobi,Mathare,0.000235884309461,2022.0,6.0,2022-06,0.2454907055858882
Nairobi,Roysambu,0.00390887981589,2022.0,6.0,2022-06,0.4468965198202208
Nairobi,Ruaraka,0.000583416833502,2022.0,6.0,2022-06,0.3022648636271116
Nairobi,Starehe,0.00136813789598,2022.0,6.0,2022-06,0.268718318442054
Nairobi,Westlands,0.00590790301496,2022.0,6.0,2022-06,0.5719023026469977
Turkana,Loima,0.792863767753,2022.0,6.0,2022-06,0.2752368309790025
Turkana,Turkana Central,0.538281501213,2022.0,6.0,2022-06,0.1279500863564061
Turkana,Turkana East,0.909087463502,2022.0,6.0,2022-06,0.2056833597352094
Turkana,Turkana North,1.66897152383,2022.0,6.0,2022-06,0.259625134052947
Turkana,Turkana South,0.603285539944,2022.0,6.0,2022-06,0.2007068789403774
Turkana,Turkana West,1.19593592043,2022.0,6.0,2022-06,0.4111450809645465
Kiambu,Gatundu North,0.0190562071078,2022.0,7.0,2022-07,0.3799605860297869
Kiambu,Gatundu South,0.018013492523,2022.0,7.0,2022-07,0.3489403225593931
Kiambu,Githunguri,0.0140557399999,2022.0,7.0,2022-07,0.2971506491340664
Kiambu,Juja,0.0303444523402,2022.0,7.0,2022-07,0.2472045618783337
Kiambu,Kabete,0.00456838148631,2022.0,7.0,2022-07,0.1730852954425358
Kiambu,Kiambaa,0.00720464174127,2022.0,7.0,2022-07,0.2286988264109701
Kiambu,Kiambu,0.00796244668767,2022.0,7.0,2022-07,0.2096155630233315
Kiambu,Kikuyu,0.0141641490709,2022.0,7.0,2022-07,0.2858709396236539
Kiambu,Lari,0.037858207576,2022.0,7.0,2022-07,0.4095861174218276
Kiambu,Limuru,0.0231553754199,2022.0,7.0,2022-07,0.2951368304086277
Kiambu,Ruiru,0.0124421280679,2022.0,7.0,2022-07,0.1951352853127373
Kiambu,Thika Town,0.0178033031507,2022.0,7.0,2022-07,0.3045399529960829
Machakos,Kangundo,0.013896319438,2022.0,7.0,2022-07,0.461929408796455
Machakos,Kathiani,0.0167415041685,2022.0,7.0,2022-07,0.3651230216656153
Machakos,Machakos Town,0.0615270519301,2022.0,7.0,2022-07,0.3017705591578097
Machakos,Masinga,0.11427469357,2022.0,7.0,2022-07,0.2871818938979818
Machakos,Matungulu,0.0472449879416,2022.0,7.0,2022-07,0.3031146238613229
Machakos,Mavoko,0.0684719511619,2022.0,7.0,2022-07,0.2209649370919744
Machakos,Mwala,0.0827962943547,2022.0,7.0,2022-07,0.3598621241498724
Machakos,Yatta,0.0862109028544,2022.0,7.0,2022-07,0.3368210839731614
Nairobi,Dagoretti,0.00198642271282,2022.0,7.0,2022-07,0.1446274712197259
Nairobi,Embakasi Central,0.000664901959297,2022.0,7.0,2022-07,0.1405540467759692
Nairobi,Embakasi East,0.00697580217167,2022.0,7.0,2022-07,0.1654103842423488
Nairobi,Embakasi North,0.000441181256097,2022.0,7.0,2022-07,0.1196189875689987
Nairobi,Embakasi South,0.00142609820487,2022.0,7.0,2022-07,0.1254628291390362
Nairobi,Embakasi West,0.000793166442342,2022.0,7.0,2022-07,0.1548884371568334
Nairobi,Kamukunji,0.000718135459802,2022.0,7.0,2022-07,0.123116702452721
Nairobi,Kasarani,0.0110736011415,2022.0,7.0,2022-07,0.198321466087373
Nairobi,Kibra,0.00100197842996,2022.0,7.0,2022-07,0.1474899447131998
Nairobi,Kilimani,0.00238546350977,2022.0,7.0,2022-07,0.1566774351147571
Nairobi,Langata,0.0170497156745,2022.0,7.0,2022-07,0.2502688158051969
Nairobi,Makadara,0.000974908477702,2022.0,7.0,2022-07,0.117797702584719
Nairobi,Mathare,0.000235884309461,2022.0,7.0,2022-07,0.1144141705165896
Nairobi,Roysambu,0.00390887981589,2022.0,7.0,2022-07,0.177673593452646
Nairobi,Ruaraka,0.000583416833502,2022.0,7.0,2022-07,0.1178853534839542
Nairobi,Starehe,0.00136813789598,2022.0,7.0,2022-07,0.1036389479238954
Nairobi,Westlands,0.00590790301496,2022.0,7.0,2022-07,0.1534110475160542
Turkana,Loima,0.792863767753,2022.0,7.0,2022-07,0.2466497518975114
Turkana,Turkana Central,0.538281501213,2022.0,7.0,2022-07,0.124190107059238
Turkana,Turkana East,0.909087463502,2022.0,7.0,2022-07,0.2024173204861191
Turkana,Turkana North,1.66897152383,2022.0,7.0,2022-07,0.2273766431219518
Turkana,Turkana South,0.603285539944,2022.0,7.0,2022-07,0.1964934887779175
Turkana,Turkana West,1.19593592043,2022.0,7.0,2022-07,0.3589286866858348
Kiambu,Gatundu North,0.0190562071078,2022.0,8.0,2022-08,0.6579600963913954
Kiambu,Gatundu South,0.018013492523,2022.0,8.0,2022-08,0.6336132204770745
Kiambu,Githunguri,0.0140557399999,2022.0,8.0,2022-08,0.5988916015773423
Kiambu,Juja,0.0303444523402,2022.0,8.0,2022-08,0.3281280788914288
Kiambu,Kabete,0.00456838148631,2022.0,8.0,2022-08,0.5053674629884699
Kiambu,Kiambaa,0.00720464174127,2022.0,8.0,2022-08,0.5034755565898368
Kiambu,Kiambu,0.00796244668767,2022.0,8.0,2022-08,0.4229180874350883
Kiambu,Kikuyu,0.0141641490709,2022.0,8.0,2022-08,0.4525550477485956
Kiambu,Lari,0.037858207576,2022.0,8.0,2022-08,0.662513055319846
Kiambu,Limuru,0.0231553754199,2022.0,8.0,2022-08,0.4884536450048783
Kiambu,Ruiru,0.0124421280679,2022.0,8.0,2022-08,0.243672015710802
Kiambu,Thika Town,0.0178033031507,2022.0,8.0,2022-08,0.345794136844737
Machakos,Kangundo,0.013896319438,2022.0,8.0,2022-08,0.4552855050937113
Machakos,Kathiani,0.0167415041685,2022.0,8.0,2022-08,0.4111462735638372
Machakos,Machakos Town,0.0615270519301,2022.0,8.0,2022-08,0.3131505241672466
Machakos,Masinga,0.11427469357,2022.0,8.0,2022-08,0.3074998608424427
Machakos,Matungulu,0.0472449879416,2022.0,8.0,2022-08,0.3255285786772065
Machakos,Mavoko,0.0684719511619,2022.0,8.0,2022-08,0.2441943197171517
Machakos,Mwala,0.0827962943547,2022.0,8.0,2022-08,0.3245621589218334
Machakos,Yatta,0.0862109028544,2022.0,8.0,2022-08,0.3080368713541869
Nairobi,Dagoretti,0.00198642271282,2022.0,8.0,2022-08,0.4193436673438497
Nairobi,Embakasi Central,0.000664901959297,2022.0,8.0,2022-08,0.1542489957449341
Nairobi,Embakasi East,0.00697580217167,2022.0,8.0,2022-08,0.202371226631803
Nairobi,Embakasi North,0.000441181256097,2022.0,8.0,2022-08,0.221552472737064
Nairobi,Embakasi South,0.00142609820487,2022.0,8.0,2022-08,0.1890984254044004
Nairobi,Embakasi West,0.000793166442342,2022.0,8.0,2022-08,0.192044787611061
Nairobi,Kamukunji,0.000718135459802,2022.0,8.0,2022-08,0.2308837971756543
Nairobi,Kasarani,0.0110736011415,2022.0,8.0,2022-08,0.2248036640572244
Nairobi,Kibra,0.00100197842996,2022.0,8.0,2022-08,0.3427891193602531
Nairobi,Kilimani,0.00238546350977,2022.0,8.0,2022-08,0.3841497237866935
Nairobi,Langata,0.0170497156745,2022.0,8.0,2022-08,0.3910475219829235
Nairobi,Makadara,0.000974908477702,2022.0,8.0,2022-08,0.2030082840957544
Nairobi,Mathare,0.000235884309461,2022.0,8.0,2022-08,0.2247331205375893
Nairobi,Roysambu,0.00390887981589,2022.0,8.0,2022-08,0.3161410604020732
Nairobi,Ruaraka,0.000583416833502,2022.0,8.0,2022-08,0.2878167141597123
Nairobi,Starehe,0.00136813789598,2022.0,8.0,2022-08,0.2149427307425397
Nairobi,Westlands,0.00590790301496,2022.0,8.0,2022-08,0.4885139710658299
Turkana,Loima,0.792863767753,2022.0,8.0,2022-08,0.2614863892019308
Turkana,Turkana Central,0.538281501213,2022.0,8.0,2022-08,0.1278735023364904
Turkana,Turkana East,0.909087463502,2022.0,8.0,2022-08,0.2681413575715393
Turkana,Turkana North,1.66897152383,2022.0,8.0,2022-08,0.2341997322404466
Turkana,Turkana South,0.603285539944,2022.0,8.0,2022-08,0.2351921615646489
Turkana,Turkana West,1.19593592043,2022.0,8.0,2022-08,0.3831798688254018
Kiambu,Gatundu North,0.0190562071078,2022.0,9.0,2022-09,0.6816367859915871
Kiambu,Gatundu South,0.018013492523,2022.0,9.0,2022-09,0.6538513206641801
Kiambu,Githunguri,0.0140557399999,2022.0,9.0,2022-09,0.604248476276525
Kiambu,Juja,0.0303444523402,2022.0,9.0,2022-09,0.3228719670643629
Kiambu,Kabete,0.00456838148631,2022.0,9.0,2022-09,0.5047659985533228
Kiambu,Kiambaa,0.00720464174127,2022.0,9.0,2022-09,0.5446697115727849
Kiambu,Kiambu,0.00796244668767,2022.0,9.0,2022-09,0.4488691680125237
Kiambu,Kikuyu,0.0141641490709,2022.0,9.0,2022-09,0.4101917229715581
Kiambu,Lari,0.037858207576,2022.0,9.0,2022-09,0.6975279369042111
Kiambu,Limuru,0.0231553754199,2022.0,9.0,2022-09,0.4932866472977155
Kiambu,Ruiru,0.0124421280679,2022.0,9.0,2022-09,0.2492885587938839
Kiambu,Thika Town,0.0178033031507,2022.0,9.0,2022-09,0.3362225587132258
Machakos,Kangundo,0.013896319438,2022.0,9.0,2022-09,0.377135410009209
Machakos,Kathiani,0.0167415041685,2022.0,9.0,2022-09,0.3487156281090561
Machakos,Machakos Town,0.0615270519301,2022.0,9.0,2022-09,0.2820512945125838
Machakos,Masinga,0.11427469357,2022.0,9.0,2022-09,0.2878609362487386
Machakos,Matungulu,0.0472449879416,2022.0,9.0,2022-09,0.2978764466155665
Machakos,Mavoko,0.0684719511619,2022.0,9.0,2022-09,0.2296016650628996
Machakos,Mwala,0.0827962943547,2022.0,9.0,2022-09,0.2918476595281619
Machakos,Yatta,0.0862109028544,2022.0,9.0,2022-09,0.2804351753833523
Nairobi,Dagoretti,0.00198642271282,2022.0,9.0,2022-09,0.4074532873247291
Nairobi,Embakasi Central,0.000664901959297,2022.0,9.0,2022-09,0.1548695792543221
Nairobi,Embakasi East,0.00697580217167,2022.0,9.0,2022-09,0.2051989126982325
Nairobi,Embakasi North,0.000441181256097,2022.0,9.0,2022-09,0.2027422676479826
Nairobi,Embakasi South,0.00142609820487,2022.0,9.0,2022-09,0.175494762908909
Nairobi,Embakasi West,0.000793166442342,2022.0,9.0,2022-09,0.1900889213337326
Nairobi,Kamukunji,0.000718135459802,2022.0,9.0,2022-09,0.2240314820932088
Nairobi,Kasarani,0.0110736011415,2022.0,9.0,2022-09,0.2258938404178919
Nairobi,Kibra,0.00100197842996,2022.0,9.0,2022-09,0.2922065613584759
Nairobi,Kilimani,0.00238546350977,2022.0,9.0,2022-09,0.3586400944765634
Nairobi,Langata,0.0170497156745,2022.0,9.0,2022-09,0.3497124079524877
Nairobi,Makadara,0.000974908477702,2022.0,9.0,2022-09,0.1993884185092688
Nairobi,Mathare,0.000235884309461,2022.0,9.0,2022-09,0.2284038219235616
Nairobi,Roysambu,0.00390887981589,2022.0,9.0,2022-09,0.3387881842936387
Nairobi,Ruaraka,0.000583416833502,2022.0,9.0,2022-09,0.2639961615442025
Nairobi,Starehe,0.00136813789598,2022.0,9.0,2022-09,0.2158420230453386
Nairobi,Westlands,0.00590790301496,2022.0,9.0,2022-09,0.4699702966070482
Turkana,Loima,0.792863767753,2022.0,9.0,2022-09,0.2603652546215885
Turkana,Turkana Central,0.538281501213,2022.0,9.0,2022-09,0.1282075427095063
Turkana,Turkana East,0.909087463502,2022.0,9.0,2022-09,0.2255008244580331
Turkana,Turkana North,1.66897152383,2022.0,9.0,2022-09,0.2204442630487876
Turkana,Turkana South,0.603285539944,2022.0,9.0,2022-09,0.2103531409483468
Turkana,Turkana West,1.19593592043,2022.0,9.0,2022-09,0.3499321909644433
Kiambu,Gatundu North,0.0190562071078,2022.0,10.0,2022-10,0.7061956937357007
Kiambu,Gatundu South,0.018013492523,2022.0,10.0,2022-10,0.6758099314166004
Kiambu,Githunguri,0.0140557399999,2022.0,10.0,2022-10,0.6202825746381041
Kiambu,Juja,0.0303444523402,2022.0,10.0,2022-10,0.3231438427907163
Kiambu,Kabete,0.00456838148631,2022.0,10.0,2022-10,0.4800299384079626
Kiambu,Kiambaa,0.00720464174127,2022.0,10.0,2022-10,0.5392966025229148
Kiambu,Kiambu,0.00796244668767,2022.0,10.0,2022-10,0.454429946331404
Kiambu,Kikuyu,0.0141641490709,2022.0,10.0,2022-10,0.3873878483385055
Kiambu,Lari,0.037858207576,2022.0,10.0,2022-10,0.6615781607459712
Kiambu,Limuru,0.0231553754199,2022.0,10.0,2022-10,0.464652223898474
Kiambu,Ruiru,0.0124421280679,2022.0,10.0,2022-10,0.2538477712029053
Kiambu,Thika Town,0.0178033031507,2022.0,10.0,2022-10,0.3278514409534125
Machakos,Kangundo,0.013896319438,2022.0,10.0,2022-10,0.3612014675467205
Machakos,Kathiani,0.0167415041685,2022.0,10.0,2022-10,0.3241297809904853
Machakos,Machakos Town,0.0615270519301,2022.0,10.0,2022-10,0.2851020184381374
Machakos,Masinga,0.11427469357,2022.0,10.0,2022-10,0.2551308339546914
Machakos,Matungulu,0.0472449879416,2022.0,10.0,2022-10,0.2926386282167794
Machakos,Mavoko,0.0684719511619,2022.0,10.0,2022-10,0.2373622787644181
Machakos,Mwala,0.0827962943547,2022.0,10.0,2022-10,0.2634076970055801
Machakos,Yatta,0.0862109028544,2022.0,10.0,2022-10,0.2347187778149079
Nairobi,Dagoretti,0.00198642271282,2022.0,10.0,2022-10,0.3801633215822182
Nairobi,Embakasi Central,0.000664901959297,2022.0,10.0,2022-10,0.1730091766596245
Nairobi,Embakasi East,0.00697580217167,2022.0,10.0,2022-10,0.2290716847789096
Nairobi,Embakasi North,0.000441181256097,2022.0,10.0,2022-10,0.2375675761791499
Nairobi,Embakasi South,0.00142609820487,2022.0,10.0,2022-10,0.1999226949862656
Nairobi,Embakasi West,0.000793166442342,2022.0,10.0,2022-10,0.2264502370969352
Nairobi,Kamukunji,0.000718135459802,2022.0,10.0,2022-10,0.2600649847221076
Nairobi,Kasarani,0.0110736011415,2022.0,10.0,2022-10,0.2393531045337125
Nairobi,Kibra,0.00100197842996,2022.0,10.0,2022-10,0.3163581222233194
Nairobi,Kilimani,0.00238546350977,2022.0,10.0,2022-10,0.3904866347597441
Nairobi,Langata,0.0170497156745,2022.0,10.0,2022-10,0.3477037897992735
Nairobi,Makadara,0.000974908477702,2022.0,10.0,2022-10,0.2390942478325312
Nairobi,Mathare,0.000235884309461,2022.0,10.0,2022-10,0.2669491138177236
Nairobi,Roysambu,0.00390887981589,2022.0,10.0,2022-10,0.3716302966959552
Nairobi,Ruaraka,0.000583416833502,2022.0,10.0,2022-10,0.2984379706900064
Nairobi,Starehe,0.00136813789598,2022.0,10.0,2022-10,0.2515530013879249
Nairobi,Westlands,0.00590790301496,2022.0,10.0,2022-10,0.474761209396072
Turkana,Loima,0.792863767753,2022.0,10.0,2022-10,0.2181862080915673
Turkana,Turkana Central,0.538281501213,2022.0,10.0,2022-10,0.1254119855655465
Turkana,Turkana East,0.909087463502,2022.0,10.0,2022-10,0.1860504618000505
Turkana,Turkana North,1.66897152383,2022.0,10.0,2022-10,0.1985222428592307
Turkana,Turkana South,0.603285539944,2022.0,10.0,2022-10,0.1778245446687644
Turkana,Turkana West,1.19593592043,2022.0,10.0,2022-10,0.270397002421664
Kiambu,Gatundu North,0.0190562071078,2022.0,11.0,2022-11,0.6323692491623101
Kiambu,Gatundu South,0.018013492523,2022.0,11.0,2022-11,0.6003214145792979
Kiambu,Githunguri,0.0140557399999,2022.0,11.0,2022-11,0.5648199394985942
Kiambu,Juja,0.0303444523402,2022.0,11.0,2022-11,0.3868088937169631
Kiambu,Kabete,0.00456838148631,2022.0,11.0,2022-11,0.476600471685855
Kiambu,Kiambaa,0.00720464174127,2022.0,11.0,2022-11,0.4976493654271765
Kiambu,Kiambu,0.00796244668767,2022.0,11.0,2022-11,0.4487705742042885
Kiambu,Kikuyu,0.0141641490709,2022.0,11.0,2022-11,0.4155742493457096
Kiambu,Lari,0.037858207576,2022.0,11.0,2022-11,0.6362662832078972
Kiambu,Limuru,0.0231553754199,2022.0,11.0,2022-11,0.4797187238275697
Kiambu,Ruiru,0.0124421280679,2022.0,11.0,2022-11,0.3171800141972741
Kiambu,Thika Town,0.0178033031507,2022.0,11.0,2022-11,0.4344353427785633
Machakos,Kangundo,0.013896319438,2022.0,11.0,2022-11,0.4813150000071183
Machakos,Kathiani,0.0167415041685,2022.0,11.0,2022-11,0.4251863622184566
Machakos,Machakos Town,0.0615270519301,2022.0,11.0,2022-11,0.3072799227661451
Machakos,Masinga,0.11427469357,2022.0,11.0,2022-11,0.4090168819784056
Machakos,Matungulu,0.0472449879416,2022.0,11.0,2022-11,0.3934038726012886
Machakos,Mavoko,0.0684719511619,2022.0,11.0,2022-11,0.2515722922163214
Machakos,Mwala,0.0827962943547,2022.0,11.0,2022-11,0.3991547480866477
Machakos,Yatta,0.0862109028544,2022.0,11.0,2022-11,0.3871289061153875
Nairobi,Dagoretti,0.00198642271282,2022.0,11.0,2022-11,0.403259070765615
Nairobi,Embakasi Central,0.000664901959297,2022.0,11.0,2022-11,0.1455496786383788
Nairobi,Embakasi East,0.00697580217167,2022.0,11.0,2022-11,0.213389998893981
Nairobi,Embakasi North,0.000441181256097,2022.0,11.0,2022-11,0.2192773571781176
Nairobi,Embakasi South,0.00142609820487,2022.0,11.0,2022-11,0.189274062872839
Nairobi,Embakasi West,0.000793166442342,2022.0,11.0,2022-11,0.2368675876010781
Nairobi,Kamukunji,0.000718135459802,2022.0,11.0,2022-11,0.2943989924849286
Nairobi,Kasarani,0.0110736011415,2022.0,11.0,2022-11,0.2536228548025765
Nairobi,Kibra,0.00100197842996,2022.0,11.0,2022-11,0.3198457093493929
Nairobi,Kilimani,0.00238546350977,2022.0,11.0,2022-11,0.3645903922560738
Nairobi,Langata,0.0170497156745,2022.0,11.0,2022-11,0.3619854263567684
Nairobi,Makadara,0.000974908477702,2022.0,11.0,2022-11,0.2777447584820612
Nairobi,Mathare,0.000235884309461,2022.0,11.0,2022-11,0.2297071650566989
Nairobi,Roysambu,0.00390887981589,2022.0,11.0,2022-11,0.3916267076972909
Nairobi,Ruaraka,0.000583416833502,2022.0,11.0,2022-11,0.2842590864373432
Nairobi,Starehe,0.00136813789598,2022.0,11.0,2022-11,0.2470539505262549
Nairobi,Westlands,0.00590790301496,2022.0,11.0,2022-11,0.4466087113881845
Turkana,Loima,0.792863767753,2022.0,11.0,2022-11,0.2147555895497821
Turkana,Turkana Central,0.538281501213,2022.0,11.0,2022-11,0.1210538703136904
Turkana,Turkana East,0.909087463502,2022.0,11.0,2022-11,0.1772130785585179
Turkana,Turkana North,1.66897152383,2022.0,11.0,2022-11,0.1934107519881172
Turkana,Turkana South,0.603285539944,2022.0,11.0,2022-11,0.1724710817658926
Turkana,Turkana West,1.19593592043,2022.0,11.0,2022-11,0.263799176618487
Kiambu,Gatundu North,0.0190562071078,2022.0,12.0,2022-12,0.7603995862415456
Kiambu,Gatundu South,0.018013492523,2022.0,12.0,2022-12,0.751281178600133
Kiambu,Githunguri,0.0140557399999,2022.0,12.0,2022-12,0.7107723060760364
Kiambu,Juja,0.0303444523402,2022.0,12.0,2022-12,0.5667890857926199
Kiambu,Kabete,0.00456838148631,2022.0,12.0,2022-12,0.6120440367906308
Kiambu,Kiambaa,0.00720464174127,2022.0,12.0,2022-12,0.6406276802532801
Kiambu,Kiambu,0.00796244668767,2022.0,12.0,2022-12,0.6644095167341675
Kiambu,Kikuyu,0.0141641490709,2022.0,12.0,2022-12,0.4623051723222945
Kiambu,Lari,0.037858207576,2022.0,12.0,2022-12,0.7062736930285112
Kiambu,Limuru,0.0231553754199,2022.0,12.0,2022-12,0.5286868613755994
Kiambu,Ruiru,0.0124421280679,2022.0,12.0,2022-12,0.4502406967316067
Kiambu,Thika Town,0.0178033031507,2022.0,12.0,2022-12,0.6274882649665241
Machakos,Kangundo,0.013896319438,2022.0,12.0,2022-12,0.6767384438880455
Machakos,Kathiani,0.0167415041685,2022.0,12.0,2022-12,0.6032104832935141
Machakos,Machakos Town,0.0615270519301,2022.0,12.0,2022-12,0.4395093449621334
Machakos,Masinga,0.11427469357,2022.0,12.0,2022-12,0.5690917217241406
Machakos,Matungulu,0.0472449879416,2022.0,12.0,2022-12,0.5640205845240812
Machakos,Mavoko,0.0684719511619,2022.0,12.0,2022-12,0.2767628743997428
Machakos,Mwala,0.0827962943547,2022.0,12.0,2022-12,0.6290629506259673
Machakos,Yatta,0.0862109028544,2022.0,12.0,2022-12,0.6115791119156535
Nairobi,Dagoretti,0.00198642271282,2022.0,12.0,2022-12,0.51683445417065
Nairobi,Embakasi Central,0.000664901959297,2022.0,12.0,2022-12,0.2219242375100425
Nairobi,Embakasi East,0.00697580217167,2022.0,12.0,2022-12,0.2808926529142184
Nairobi,Embakasi North,0.000441181256097,2022.0,12.0,2022-12,0.3249567248575145
Nairobi,Embakasi South,0.00142609820487,2022.0,12.0,2022-12,0.2300407626037012
Nairobi,Embakasi West,0.000793166442342,2022.0,12.0,2022-12,0.3043968253968254
Nairobi,Kamukunji,0.000718135459802,2022.0,12.0,2022-12,0.4124556734660168
Nairobi,Kasarani,0.0110736011415,2022.0,12.0,2022-12,0.3575393247487329
Nairobi,Kibra,0.00100197842996,2022.0,12.0,2022-12,0.4271040971468062
Nairobi,Kilimani,0.00238546350977,2022.0,12.0,2022-12,0.4940521632561652
Nairobi,Langata,0.0170497156745,2022.0,12.0,2022-12,0.4466983497869294
Nairobi,Makadara,0.000974908477702,2022.0,12.0,2022-12,0.2965014507319647
Nairobi,Mathare,0.000235884309461,2022.0,12.0,2022-12,0.3649235279294414
Nairobi,Roysambu,0.00390887981589,2022.0,12.0,2022-12,0.5384209180264808
Nairobi,Ruaraka,0.000583416833502,2022.0,12.0,2022-12,0.4302467891308773
Nairobi,Starehe,0.00136813789598,2022.0,12.0,2022-12,0.3232951769604437
Nairobi,Westlands,0.00590790301496,2022.0,12.0,2022-12,0.6160267334721673
Turkana,Loima,0.792863767753,2022.0,12.0,2022-12,0.2166681162314427
Turkana,Turkana Central,0.538281501213,2022.0,12.0,2022-12,0.1251111926546832
Turkana,Turkana East,0.909087463502,2022.0,12.0,2022-12,0.1744537464943889
Turkana,Turkana North,1.66897152383,2022.0,12.0,2022-12,0.2241590794444471
Turkana,Turkana South,0.603285539944,2022.0,12.0,2022-12,0.1687654732754465
Turkana,Turkana West,1.19593592043,2022.0,12.0,2022-12,0.2780632799067639
Kiambu,Gatundu North,0.0190562071078,2023.0,1.0,2023-01,0.7815340421169986
Kiambu,Gatundu South,0.018013492523,2023.0,1.0,2023-01,0.7694991600564821
Kiambu,Githunguri,0.0140557399999,2023.0,1.0,2023-01,0.7407947841989855
Kiambu,Juja,0.0303444523402,2023.0,1.0,2023-01,0.4776951978152418
Kiambu,Kabete,0.00456838148631,2023.0,1.0,2023-01,0.6216611913857774
Kiambu,Kiambaa,0.00720464174127,2023.0,1.0,2023-01,0.691123109736341
Kiambu,Kiambu,0.00796244668767,2023.0,1.0,2023-01,0.6493673196760021
Kiambu,Kikuyu,0.0141641490709,2023.0,1.0,2023-01,0.4597495580566508
Kiambu,Lari,0.037858207576,2023.0,1.0,2023-01,0.7497349230766012
Kiambu,Limuru,0.0231553754199,2023.0,1.0,2023-01,0.5404609752930548
Kiambu,Ruiru,0.0124421280679,2023.0,1.0,2023-01,0.3580357974002932
Kiambu,Thika Town,0.0178033031507,2023.0,1.0,2023-01,0.5332444086451656
Machakos,Kangundo,0.013896319438,2023.0,1.0,2023-01,0.6758401450181009
Machakos,Kathiani,0.0167415041685,2023.0,1.0,2023-01,0.5821720072124186
Machakos,Machakos Town,0.0615270519301,2023.0,1.0,2023-01,0.3965347396749072
Machakos,Masinga,0.11427469357,2023.0,1.0,2023-01,0.448606728706884
Machakos,Matungulu,0.0472449879416,2023.0,1.0,2023-01,0.4787439513368971
Machakos,Mavoko,0.0684719511619,2023.0,1.0,2023-01,0.2552960404328468
Machakos,Mwala,0.0827962943547,2023.0,1.0,2023-01,0.5547281708300643
Machakos,Yatta,0.0862109028544,2023.0,1.0,2023-01,0.5126874063086829
Nairobi,Dagoretti,0.00198642271282,2023.0,1.0,2023-01,0.5146935045211921
Nairobi,Embakasi Central,0.000664901959297,2023.0,1.0,2023-01,0.1840386764662124
Nairobi,Embakasi East,0.00697580217167,2023.0,1.0,2023-01,0.2414945656181235
Nairobi,Embakasi North,0.000441181256097,2023.0,1.0,2023-01,0.2934547255755508
Nairobi,Embakasi South,0.00142609820487,2023.0,1.0,2023-01,0.2136406148553034
Nairobi,Embakasi West,0.000793166442342,2023.0,1.0,2023-01,0.2651490940401317
Nairobi,Kamukunji,0.000718135459802,2023.0,1.0,2023-01,0.3743950174801108
Nairobi,Kasarani,0.0110736011415,2023.0,1.0,2023-01,0.2939049548736784
Nairobi,Kibra,0.00100197842996,2023.0,1.0,2023-01,0.419627727317603
Nairobi,Kilimani,0.00238546350977,2023.0,1.0,2023-01,0.4905337482062724
Nairobi,Langata,0.0170497156745,2023.0,1.0,2023-01,0.422886288792799
Nairobi,Makadara,0.000974908477702,2023.0,1.0,2023-01,0.2617376418752917
Nairobi,Mathare,0.000235884309461,2023.0,1.0,2023-01,0.3255712179756407
Nairobi,Roysambu,0.00390887981589,2023.0,1.0,2023-01,0.5022143339778109
Nairobi,Ruaraka,0.000583416833502,2023.0,1.0,2023-01,0.3914227966619175
Nairobi,Starehe,0.00136813789598,2023.0,1.0,2023-01,0.2890911772785101
Nairobi,Westlands,0.00590790301496,2023.0,1.0,2023-01,0.6069119761080494
Turkana,Loima,0.792863767753,2023.0,1.0,2023-01,0.2072123821675644
Turkana,Turkana Central,0.538281501213,2023.0,1.0,2023-01,0.1246176842993879
Turkana,Turkana East,0.909087463502,2023.0,1.0,2023-01,0.1674851464021165
Turkana,Turkana North,1.66897152383,2023.0,1.0,2023-01,0.2094039142395954
Turkana,Turkana South,0.603285539944,2023.0,1.0,2023-01,0.1654856293384768
Turkana,Turkana West,1.19593592043,2023.0,1.0,2023-01,0.2497642698582373
Kiambu,Gatundu North,0.0190562071078,2023.0,2.0,2023-02,0.7162335397627474
Kiambu,Gatundu South,0.018013492523,2023.0,2.0,2023-02,0.6894433859183318
Kiambu,Githunguri,0.0140557399999,2023.0,2.0,2023-02,0.6376666450640468
Kiambu,Juja,0.0303444523402,2023.0,2.0,2023-02,0.3671243424247584
Kiambu,Kabete,0.00456838148631,2023.0,2.0,2023-02,0.4714132752063895
Kiambu,Kiambaa,0.00720464174127,2023.0,2.0,2023-02,0.5704711093629002
Kiambu,Kiambu,0.00796244668767,2023.0,2.0,2023-02,0.5118818383978934
Kiambu,Kikuyu,0.0141641490709,2023.0,2.0,2023-02,0.3726617330407989
Kiambu,Lari,0.037858207576,2023.0,2.0,2023-02,0.6681995798264458
Kiambu,Limuru,0.0231553754199,2023.0,2.0,2023-02,0.4540980706935413
Kiambu,Ruiru,0.0124421280679,2023.0,2.0,2023-02,0.274943181254511
Kiambu,Thika Town,0.0178033031507,2023.0,2.0,2023-02,0.4052658834902908
Machakos,Kangundo,0.013896319438,2023.0,2.0,2023-02,0.4831638355066589
Machakos,Kathiani,0.0167415041685,2023.0,2.0,2023-02,0.4275885545976808
Machakos,Machakos Town,0.0615270519301,2023.0,2.0,2023-02,0.3156752556378237
Machakos,Masinga,0.11427469357,2023.0,2.0,2023-02,0.3354310955640915
Machakos,Matungulu,0.0472449879416,2023.0,2.0,2023-02,0.3573182620601712
Machakos,Mavoko,0.0684719511619,2023.0,2.0,2023-02,0.2282630425136517
Machakos,Mwala,0.0827962943547,2023.0,2.0,2023-02,0.3763591960904425
Machakos,Yatta,0.0862109028544,2023.0,2.0,2023-02,0.3565446412203931
Nairobi,Dagoretti,0.00198642271282,2023.0,2.0,2023-02,0.3919427392049073
Nairobi,Embakasi Central,0.000664901959297,2023.0,2.0,2023-02,0.1555533906626596
Nairobi,Embakasi East,0.00697580217167,2023.0,2.0,2023-02,0.2071965482281004
Nairobi,Embakasi North,0.000441181256097,2023.0,2.0,2023-02,0.2288466633756673
Nairobi,Embakasi South,0.00142609820487,2023.0,2.0,2023-02,0.1743830665075884
Nairobi,Embakasi West,0.000793166442342,2023.0,2.0,2023-02,0.2002475104821802
Nairobi,Kamukunji,0.000718135459802,2023.0,2.0,2023-02,0.2565412227819526
Nairobi,Kasarani,0.0110736011415,2023.0,2.0,2023-02,0.2458054253414842
Nairobi,Kibra,0.00100197842996,2023.0,2.0,2023-02,0.3333480985289763
Nairobi,Kilimani,0.00238546350977,2023.0,2.0,2023-02,0.4036956515067312
Nairobi,Langata,0.0170497156745,2023.0,2.0,2023-02,0.3424411364640993
Nairobi,Makadara,0.000974908477702,2023.0,2.0,2023-02,0.2098361972345741
Nairobi,Mathare,0.000235884309461,2023.0,2.0,2023-02,0.2623132297354053
Nairobi,Roysambu,0.00390887981589,2023.0,2.0,2023-02,0.3916724589525042
Nairobi,Ruaraka,0.000583416833502,2023.0,2.0,2023-02,0.3030061503494135
Nairobi,Starehe,0.00136813789598,2023.0,2.0,2023-02,0.2364771888734673
Nairobi,Westlands,0.00590790301496,2023.0,2.0,2023-02,0.5018966847240173
Turkana,Loima,0.792863767753,2023.0,2.0,2023-02,0.1952835743452431
Turkana,Turkana Central,0.538281501213,2023.0,2.0,2023-02,0.1140996179709256
Turkana,Turkana East,0.909087463502,2023.0,2.0,2023-02,0.1571046191056391
Turkana,Turkana North,1.66897152383,2023.0,2.0,2023-02,0.1743045518052068
Turkana,Turkana South,0.603285539944,2023.0,2.0,2023-02,0.1556894213660825
Turkana,Turkana West,1.19593592043,2023.0,2.0,2023-02,0.221916934366509
Kiambu,Gatundu North,0.0190562071078,2023.0,3.0,2023-03,0.6433132678302292
Kiambu,Gatundu South,0.018013492523,2023.0,3.0,2023-03,0.6082378335287834
Kiambu,Githunguri,0.0140557399999,2023.0,3.0,2023-03,0.5393365118736994
Kiambu,Juja,0.0303444523402,2023.0,3.0,2023-03,0.3414797978336244
Kiambu,Kabete,0.00456838148631,2023.0,3.0,2023-03,0.4340565252042241
Kiambu,Kiambaa,0.00720464174127,2023.0,3.0,2023-03,0.5016430135207122
Kiambu,Kiambu,0.00796244668767,2023.0,3.0,2023-03,0.4875492727408263
Kiambu,Kikuyu,0.0141641490709,2023.0,3.0,2023-03,0.3564311569712396
Kiambu,Lari,0.037858207576,2023.0,3.0,2023-03,0.6223605262841635
Kiambu,Limuru,0.0231553754199,2023.0,3.0,2023-03,0.4366937524453229
Kiambu,Ruiru,0.0124421280679,2023.0,3.0,2023-03,0.292200318603993
Kiambu,Thika Town,0.0178033031507,2023.0,3.0,2023-03,0.3790611686529423
Machakos,Kangundo,0.013896319438,2023.0,3.0,2023-03,0.4635887215262487
Machakos,Kathiani,0.0167415041685,2023.0,3.0,2023-03,0.4223119065764886
Machakos,Machakos Town,0.0615270519301,2023.0,3.0,2023-03,0.3386823759633744
Machakos,Masinga,0.11427469357,2023.0,3.0,2023-03,0.335354080131061
Machakos,Matungulu,0.0472449879416,2023.0,3.0,2023-03,0.3670747573187444
Machakos,Mavoko,0.0684719511619,2023.0,3.0,2023-03,0.26432785080833
Machakos,Mwala,0.0827962943547,2023.0,3.0,2023-03,0.3633601877303588
Machakos,Yatta,0.0862109028544,2023.0,3.0,2023-03,0.3327556230161324
Nairobi,Dagoretti,0.00198642271282,2023.0,3.0,2023-03,0.3794439242750161
Nairobi,Embakasi Central,0.000664901959297,2023.0,3.0,2023-03,0.1752556476329335
Nairobi,Embakasi East,0.00697580217167,2023.0,3.0,2023-03,0.2471070901490579
Nairobi,Embakasi North,0.000441181256097,2023.0,3.0,2023-03,0.2374072028003409
Nairobi,Embakasi South,0.00142609820487,2023.0,3.0,2023-03,0.1930246448489219
Nairobi,Embakasi West,0.000793166442342,2023.0,3.0,2023-03,0.2207405273534989
Nairobi,Kamukunji,0.000718135459802,2023.0,3.0,2023-03,0.257163447298153
Nairobi,Kasarani,0.0110736011415,2023.0,3.0,2023-03,0.2657326219893456
Nairobi,Kibra,0.00100197842996,2023.0,3.0,2023-03,0.3077389762069308
Nairobi,Kilimani,0.00238546350977,2023.0,3.0,2023-03,0.3585820312046384
Nairobi,Langata,0.0170497156745,2023.0,3.0,2023-03,0.3340145086139182
Nairobi,Makadara,0.000974908477702,2023.0,3.0,2023-03,0.2374236776918235
Nairobi,Mathare,0.000235884309461,2023.0,3.0,2023-03,0.2374610835783285
Nairobi,Roysambu,0.00390887981589,2023.0,3.0,2023-03,0.3637334815463414
Nairobi,Ruaraka,0.000583416833502,2023.0,3.0,2023-03,0.2934779089490467
Nairobi,Starehe,0.00136813789598,2023.0,3.0,2023-03,0.2497675977330556
Nairobi,Westlands,0.00590790301496,2023.0,3.0,2023-03,0.4588376766953039
Turkana,Loima,0.792863767753,2023.0,3.0,2023-03,0.2161307018912187
Turkana,Turkana Central,0.538281501213,2023.0,3.0,2023-03,0.1174908706712162
Turkana,Turkana East,0.909087463502,2023.0,3.0,2023-03,0.185475716449104
Turkana,Turkana North,1.66897152383,2023.0,3.0,2023-03,0.2588212469796014
Turkana,Turkana South,0.603285539944,2023.0,3.0,2023-03,0.1739915764450857
Turkana,Turkana West,1.19593592043,2023.0,3.0,2023-03,0.2819624731034409
Kiambu,Gatundu North,0.0190562071078,2023.0,4.0,2023-04,0.5645398230056351
Kiambu,Gatundu South,0.018013492523,2023.0,4.0,2023-04,0.5435400039639143
Kiambu,Githunguri,0.0140557399999,2023.0,4.0,2023-04,0.527946731108615
Kiambu,Juja,0.0303444523402,2023.0,4.0,2023-04,0.4399767000872838
Kiambu,Kabete,0.00456838148631,2023.0,4.0,2023-04,0.4963523374221442
Kiambu,Kiambaa,0.00720464174127,2023.0,4.0,2023-04,0.4443440310064748
Kiambu,Kiambu,0.00796244668767,2023.0,4.0,2023-04,0.4854497495465494
Kiambu,Kikuyu,0.0141641490709,2023.0,4.0,2023-04,0.4826786953139621
Kiambu,Lari,0.037858207576,2023.0,4.0,2023-04,0.6174901071765205
Kiambu,Limuru,0.0231553754199,2023.0,4.0,2023-04,0.5100293870589676
Kiambu,Ruiru,0.0124421280679,2023.0,4.0,2023-04,0.4140159078623958
Kiambu,Thika Town,0.0178033031507,2023.0,4.0,2023-04,0.4662490538100392
Machakos,Kangundo,0.013896319438,2023.0,4.0,2023-04,0.5574739086989505
Machakos,Kathiani,0.0167415041685,2023.0,4.0,2023-04,0.5539375792550796
Machakos,Machakos Town,0.0615270519301,2023.0,4.0,2023-04,0.5110353857175864
Machakos,Masinga,0.11427469357,2023.0,4.0,2023-04,0.5417698634519932
Machakos,Matungulu,0.0472449879416,2023.0,4.0,2023-04,0.5181596285439298
Machakos,Mavoko,0.0684719511619,2023.0,4.0,2023-04,0.5002671591594865
Machakos,Mwala,0.0827962943547,2023.0,4.0,2023-04,0.5739756193732971
Machakos,Yatta,0.0862109028544,2023.0,4.0,2023-04,0.542917747645742
Nairobi,Dagoretti,0.00198642271282,2023.0,4.0,2023-04,0.3759350915192799
Nairobi,Embakasi Central,0.000664901959297,2023.0,4.0,2023-04,0.2358579403100544
Nairobi,Embakasi East,0.00697580217167,2023.0,4.0,2023-04,0.3576879682147152
Nairobi,Embakasi North,0.000441181256097,2023.0,4.0,2023-04,0.2795379414800521
Nairobi,Embakasi South,0.00142609820487,2023.0,4.0,2023-04,0.2418681786021471
Nairobi,Embakasi West,0.000793166442342,2023.0,4.0,2023-04,0.2266370819606667
Nairobi,Kamukunji,0.000718135459802,2023.0,4.0,2023-04,0.2923664092823517
Nairobi,Kasarani,0.0110736011415,2023.0,4.0,2023-04,0.3907610952511958
Nairobi,Kibra,0.00100197842996,2023.0,4.0,2023-04,0.2732969404679633
Nairobi,Kilimani,0.00238546350977,2023.0,4.0,2023-04,0.3359632134473584
Nairobi,Langata,0.0170497156745,2023.0,4.0,2023-04,0.4832204573747647
Nairobi,Makadara,0.000974908477702,2023.0,4.0,2023-04,0.2481166666666668
Nairobi,Mathare,0.000235884309461,2023.0,4.0,2023-04,0.2271361528769424
Nairobi,Roysambu,0.00390887981589,2023.0,4.0,2023-04,0.3924052987204923
Nairobi,Ruaraka,0.000583416833502,2023.0,4.0,2023-04,0.2986387967297647
Nairobi,Starehe,0.00136813789598,2023.0,4.0,2023-04,0.2326655498207262
Nairobi,Westlands,0.00590790301496,2023.0,4.0,2023-04,0.4133832018093062
Turkana,Loima,0.792863767753,2023.0,4.0,2023-04,0.3362107436389036
Turkana,Turkana Central,0.538281501213,2023.0,4.0,2023-04,0.1545888799814916
Turkana,Turkana East,0.909087463502,2023.0,4.0,2023-04,0.2656640182000361
Turkana,Turkana North,1.66897152383,2023.0,4.0,2023-04,0.3859463143508571
Turkana,Turkana South,0.603285539944,2023.0,4.0,2023-04,0.2480354441129895
Turkana,Turkana West,1.19593592043,2023.0,4.0,2023-04,0.3994247244512627
Kiambu,Gatundu North,0.0190562071078,2023.0,5.0,2023-05,0.7774199492611311
Kiambu,Gatundu South,0.018013492523,2023.0,5.0,2023-05,0.7638269295257797
Kiambu,Githunguri,0.0140557399999,2023.0,5.0,2023-05,0.7495646127994455
Kiambu,Juja,0.0303444523402,2023.0,5.0,2023-05,0.5824533012881298
Kiambu,Kabete,0.00456838148631,2023.0,5.0,2023-05,0.6774329149232908
Kiambu,Kiambaa,0.00720464174127,2023.0,5.0,2023-05,0.706337612237838
Kiambu,Kiambu,0.00796244668767,2023.0,5.0,2023-05,0.7191007644048024
Kiambu,Kikuyu,0.0141641490709,2023.0,5.0,2023-05,0.6591402118870122
Kiambu,Lari,0.037858207576,2023.0,5.0,2023-05,0.7742024400528363
Kiambu,Limuru,0.0231553754199,2023.0,5.0,2023-05,0.6707973912995168
Kiambu,Ruiru,0.0124421280679,2023.0,5.0,2023-05,0.5276807670661416
Kiambu,Thika Town,0.0178033031507,2023.0,5.0,2023-05,0.5725041630691449
Machakos,Kangundo,0.013896319438,2023.0,5.0,2023-05,0.7167913825400392
Machakos,Kathiani,0.0167415041685,2023.0,5.0,2023-05,0.6865531743387249
Machakos,Machakos Town,0.0615270519301,2023.0,5.0,2023-05,0.6019132204466521
Machakos,Masinga,0.11427469357,2023.0,5.0,2023-05,0.5613576956999836
Machakos,Matungulu,0.0472449879416,2023.0,5.0,2023-05,0.6137164715127135
Machakos,Mavoko,0.0684719511619,2023.0,5.0,2023-05,0.4701478540091243
Machakos,Mwala,0.0827962943547,2023.0,5.0,2023-05,0.6220411400544297
Machakos,Yatta,0.0862109028544,2023.0,5.0,2023-05,0.5846434559301783
Nairobi,Dagoretti,0.00198642271282,2023.0,5.0,2023-05,0.539395009759401
Nairobi,Embakasi Central,0.000664901959297,2023.0,5.0,2023-05,0.2200327446662897
Nairobi,Embakasi East,0.00697580217167,2023.0,5.0,2023-05,0.461431039005604
Nairobi,Embakasi North,0.000441181256097,2023.0,5.0,2023-05,0.3119374119283756
Nairobi,Embakasi South,0.00142609820487,2023.0,5.0,2023-05,0.3026983262118142
Nairobi,Embakasi West,0.000793166442342,2023.0,5.0,2023-05,0.2919079290206647
Nairobi,Kamukunji,0.000718135459802,2023.0,5.0,2023-05,0.407659824648333
Nairobi,Kasarani,0.0110736011415,2023.0,5.0,2023-05,0.471398720259682
Nairobi,Kibra,0.00100197842996,2023.0,5.0,2023-05,0.3879194076414258
Nairobi,Kilimani,0.00238546350977,2023.0,5.0,2023-05,0.4577535990676762
Nairobi,Langata,0.0170497156745,2023.0,5.0,2023-05,0.6271373134830532
Nairobi,Makadara,0.000974908477702,2023.0,5.0,2023-05,0.3264582607459748
Nairobi,Mathare,0.000235884309461,2023.0,5.0,2023-05,0.3414279420411591
Nairobi,Roysambu,0.00390887981589,2023.0,5.0,2023-05,0.5845697620156295
Nairobi,Ruaraka,0.000583416833502,2023.0,5.0,2023-05,0.4328826938733972
Nairobi,Starehe,0.00136813789598,2023.0,5.0,2023-05,0.3163873930141102
Nairobi,Westlands,0.00590790301496,2023.0,5.0,2023-05,0.6229864439295831
Turkana,Loima,0.792863767753,2023.0,5.0,2023-05,0.3516799172430414
Turkana,Turkana Central,0.538281501213,2023.0,5.0,2023-05,0.1707427420992505
Turkana,Turkana East,0.909087463502,2023.0,5.0,2023-05,0.2666862918551536
Turkana,Turkana North,1.66897152383,2023.0,5.0,2023-05,0.3655199356107794
Turkana,Turkana South,0.603285539944,2023.0,5.0,2023-05,0.2567207766844726
Turkana,Turkana West,1.19593592043,2023.0,5.0,2023-05,0.4613547418395083
Kiambu,Gatundu North,0.0190562071078,2023.0,6.0,2023-06,0.552873676305114
Kiambu,Gatundu South,0.018013492523,2023.0,6.0,2023-06,0.6353024630071273
Kiambu,Githunguri,0.0140557399999,2023.0,6.0,2023-06,0.6186164863164652
Kiambu,Juja,0.0303444523402,2023.0,6.0,2023-06,0.4944045710694918
Kiambu,Kabete,0.00456838148631,2023.0,6.0,2023-06,0.5312312302381382
Kiambu,Kiambaa,0.00720464174127,2023.0,6.0,2023-06,0.5674995922368484
Kiambu,Kiambu,0.00796244668767,2023.0,6.0,2023-06,0.5575893379630781
Kiambu,Kikuyu,0.0141641490709,2023.0,6.0,2023-06,0.5743374477335131
Kiambu,Lari,0.037858207576,2023.0,6.0,2023-06,0.5723775346526271
Kiambu,Limuru,0.0231553754199,2023.0,6.0,2023-06,0.4953480053425479
Kiambu,Ruiru,0.0124421280679,2023.0,6.0,2023-06,0.4375601248978526
Kiambu,Thika Town,0.0178033031507,2023.0,6.0,2023-06,0.4827015344056451
Machakos,Kangundo,0.013896319438,2023.0,6.0,2023-06,0.5882656365608445
Machakos,Kathiani,0.0167415041685,2023.0,6.0,2023-06,0.544279618653981
Machakos,Machakos Town,0.0615270519301,2023.0,6.0,2023-06,0.4777276618016154
Machakos,Masinga,0.11427469357,2023.0,6.0,2023-06,0.4188299286986777
Machakos,Matungulu,0.0472449879416,2023.0,6.0,2023-06,0.4495875505886854
Machakos,Mavoko,0.0684719511619,2023.0,6.0,2023-06,0.3273753132979411
Machakos,Mwala,0.0827962943547,2023.0,6.0,2023-06,0.4800596580044568
Machakos,Yatta,0.0862109028544,2023.0,6.0,2023-06,0.4387986585356053
Nairobi,Dagoretti,0.00198642271282,2023.0,6.0,2023-06,0.4876181833572341
Nairobi,Embakasi Central,0.000664901959297,2023.0,6.0,2023-06,0.1920868033445412
Nairobi,Embakasi East,0.00697580217167,2023.0,6.0,2023-06,0.3448234341323141
Nairobi,Embakasi North,0.000441181256097,2023.0,6.0,2023-06,0.256212855091325
Nairobi,Embakasi South,0.00142609820487,2023.0,6.0,2023-06,0.2224376612746591
Nairobi,Embakasi West,0.000793166442342,2023.0,6.0,2023-06,0.2535197214734952
Nairobi,Kamukunji,0.000718135459802,2023.0,6.0,2023-06,0.311276121066975
Nairobi,Kasarani,0.0110736011415,2023.0,6.0,2023-06,0.3539273749379199
Nairobi,Kibra,0.00100197842996,2023.0,6.0,2023-06,0.3606911669463919
Nairobi,Kilimani,0.00238546350977,2023.0,6.0,2023-06,0.3818755891306329
Nairobi,Langata,0.0170497156745,2023.0,6.0,2023-06,0.437282329778088
Nairobi,Makadara,0.000974908477702,2023.0,6.0,2023-06,0.2665084069358999
Nairobi,Mathare,0.000235884309461,2023.0,6.0,2023-06,0.2388831121377573
Nairobi,Roysambu,0.00390887981589,2023.0,6.0,2023-06,0.4294187059663115
Nairobi,Ruaraka,0.000583416833502,2023.0,6.0,2023-06,0.3047428421195471
Nairobi,Starehe,0.00136813789598,2023.0,6.0,2023-06,0.260860703649086
Nairobi,Westlands,0.00590790301496,2023.0,6.0,2023-06,0.4815584281400032
Turkana,Loima,0.792863767753,2023.0,6.0,2023-06,0.2866940549649996
Turkana,Turkana Central,0.538281501213,2023.0,6.0,2023-06,0.149041987350672
Turkana,Turkana East,0.909087463502,2023.0,6.0,2023-06,0.2132691011640304
Turkana,Turkana North,1.66897152383,2023.0,6.0,2023-06,0.2631628751415292
Turkana,Turkana South,0.603285539944,2023.0,6.0,2023-06,0.2045306269766023
Turkana,Turkana West,1.19593592043,2023.0,6.0,2023-06,0.3602362034222981
Kiambu,Gatundu North,0.0190562071078,2023.0,7.0,2023-07,0.6286644360802355
Kiambu,Gatundu South,0.018013492523,2023.0,7.0,2023-07,0.6491938907409119
Kiambu,Githunguri,0.0140557399999,2023.0,7.0,2023-07,0.6761345879036601
Kiambu,Juja,0.0303444523402,2023.0,7.0,2023-07,0.4046869826143702
Kiambu,Kabete,0.00456838148631,2023.0,7.0,2023-07,0.6090332919687794
Kiambu,Kiambaa,0.00720464174127,2023.0,7.0,2023-07,0.6477942163533631
Kiambu,Kiambu,0.00796244668767,2023.0,7.0,2023-07,0.6095180742664061
Kiambu,Kikuyu,0.0141641490709,2023.0,7.0,2023-07,0.5216687477131228
Kiambu,Lari,0.037858207576,2023.0,7.0,2023-07,0.6993218074595106
Kiambu,Limuru,0.0231553754199,2023.0,7.0,2023-07,0.5590067226093954
Kiambu,Ruiru,0.0124421280679,2023.0,7.0,2023-07,0.3598000555649178
Kiambu,Thika Town,0.0178033031507,2023.0,7.0,2023-07,0.3462505090979799
Machakos,Kangundo,0.013896319438,2023.0,7.0,2023-07,0.4892478277888727
Machakos,Kathiani,0.0167415041685,2023.0,7.0,2023-07,0.4300032230201885
Machakos,Machakos Town,0.0615270519301,2023.0,7.0,2023-07,0.3927400692738552
Machakos,Masinga,0.11427469357,2023.0,7.0,2023-07,0.31442905611478
Machakos,Matungulu,0.0472449879416,2023.0,7.0,2023-07,0.3445010097432543
Machakos,Mavoko,0.0684719511619,2023.0,7.0,2023-07,0.2902708534044981
Machakos,Mwala,0.0827962943547,2023.0,7.0,2023-07,0.3746665667067387
Machakos,Yatta,0.0862109028544,2023.0,7.0,2023-07,0.3247494333265647
Nairobi,Dagoretti,0.00198642271282,2023.0,7.0,2023-07,0.4772243173398666
Nairobi,Embakasi Central,0.000664901959297,2023.0,7.0,2023-07,0.1776272160561788
Nairobi,Embakasi East,0.00697580217167,2023.0,7.0,2023-07,0.2822248464335138
Nairobi,Embakasi North,0.000441181256097,2023.0,7.0,2023-07,0.2419300565453483
Nairobi,Embakasi South,0.00142609820487,2023.0,7.0,2023-07,0.218826490663411
Nairobi,Embakasi West,0.000793166442342,2023.0,7.0,2023-07,0.2302811782469799
Nairobi,Kamukunji,0.000718135459802,2023.0,7.0,2023-07,0.2947934084840474
Nairobi,Kasarani,0.0110736011415,2023.0,7.0,2023-07,0.3151917580150135
Nairobi,Kibra,0.00100197842996,2023.0,7.0,2023-07,0.3609907424227468
Nairobi,Kilimani,0.00238546350977,2023.0,7.0,2023-07,0.4223504574523677
Nairobi,Langata,0.0170497156745,2023.0,7.0,2023-07,0.4477384767594169
Nairobi,Makadara,0.000974908477702,2023.0,7.0,2023-07,0.242960365271771
Nairobi,Mathare,0.000235884309461,2023.0,7.0,2023-07,0.2947324821503569
Nairobi,Roysambu,0.00390887981589,2023.0,7.0,2023-07,0.4612700823986721
Nairobi,Ruaraka,0.000583416833502,2023.0,7.0,2023-07,0.3349127908949047
Nairobi,Starehe,0.00136813789598,2023.0,7.0,2023-07,0.2505312275907934
Nairobi,Westlands,0.00590790301496,2023.0,7.0,2023-07,0.5731421263032429
Turkana,Loima,0.792863767753,2023.0,7.0,2023-07,0.2578033299684891
Turkana,Turkana Central,0.538281501213,2023.0,7.0,2023-07,0.1355369082261172
Turkana,Turkana East,0.909087463502,2023.0,7.0,2023-07,0.1863520342992751
Turkana,Turkana North,1.66897152383,2023.0,7.0,2023-07,0.227134675550011
Turkana,Turkana South,0.603285539944,2023.0,7.0,2023-07,0.1813344611353345
Turkana,Turkana West,1.19593592043,2023.0,7.0,2023-07,0.3247576327631215
Kiambu,Gatundu North,0.0190562071078,2023.0,8.0,2023-08,0.7405308094344405
Kiambu,Gatundu South,0.018013492523,2023.0,8.0,2023-08,0.7192779778218462
Kiambu,Githunguri,0.0140557399999,2023.0,8.0,2023-08,0.6951084006040279
Kiambu,Juja,0.0303444523402,2023.0,8.0,2023-08,0.4082672079020487
Kiambu,Kabete,0.00456838148631,2023.0,8.0,2023-08,0.5530612427124753
Kiambu,Kiambaa,0.00720464174127,2023.0,8.0,2023-08,0.6378615631744572
Kiambu,Kiambu,0.00796244668767,2023.0,8.0,2023-08,0.5624494275349712
Kiambu,Kikuyu,0.0141641490709,2023.0,8.0,2023-08,0.4375507676923985
Kiambu,Lari,0.037858207576,2023.0,8.0,2023-08,0.6990369742278914
Kiambu,Limuru,0.0231553754199,2023.0,8.0,2023-08,0.5126194803613867
Kiambu,Ruiru,0.0124421280679,2023.0,8.0,2023-08,0.3095374753972221
Kiambu,Thika Town,0.0178033031507,2023.0,8.0,2023-08,0.3917077182542987
Machakos,Kangundo,0.013896319438,2023.0,8.0,2023-08,0.467326822512252
Machakos,Kathiani,0.0167415041685,2023.0,8.0,2023-08,0.4540329482534929
Machakos,Machakos Town,0.0615270519301,2023.0,8.0,2023-08,0.3587637204863577
Machakos,Masinga,0.11427469357,2023.0,8.0,2023-08,0.3121480996713321
Machakos,Matungulu,0.0472449879416,2023.0,8.0,2023-08,0.3440569752623578
Machakos,Mavoko,0.0684719511619,2023.0,8.0,2023-08,0.2634065060617207
Machakos,Mwala,0.0827962943547,2023.0,8.0,2023-08,0.3485891490342207
Machakos,Yatta,0.0862109028544,2023.0,8.0,2023-08,0.3176278485612915
Nairobi,Dagoretti,0.00198642271282,2023.0,8.0,2023-08,0.4200668867511152
Nairobi,Embakasi Central,0.000664901959297,2023.0,8.0,2023-08,0.1748325393519208
Nairobi,Embakasi East,0.00697580217167,2023.0,8.0,2023-08,0.2428351891292516
Nairobi,Embakasi North,0.000441181256097,2023.0,8.0,2023-08,0.2405621033972085
Nairobi,Embakasi South,0.00142609820487,2023.0,8.0,2023-08,0.2038453143641964
Nairobi,Embakasi West,0.000793166442342,2023.0,8.0,2023-08,0.2220675501647198
Nairobi,Kamukunji,0.000718135459802,2023.0,8.0,2023-08,0.2820135670437965
Nairobi,Kasarani,0.0110736011415,2023.0,8.0,2023-08,0.2707159784872855
Nairobi,Kibra,0.00100197842996,2023.0,8.0,2023-08,0.3381665554348902
Nairobi,Kilimani,0.00238546350977,2023.0,8.0,2023-08,0.4196880087757865
Nairobi,Langata,0.0170497156745,2023.0,8.0,2023-08,0.3946157996285037
Nairobi,Makadara,0.000974908477702,2023.0,8.0,2023-08,0.2306804288237803
Nairobi,Mathare,0.000235884309461,2023.0,8.0,2023-08,0.2713595548089039
Nairobi,Roysambu,0.00390887981589,2023.0,8.0,2023-08,0.434430804095639
Nairobi,Ruaraka,0.000583416833502,2023.0,8.0,2023-08,0.3290620089558315
Nairobi,Starehe,0.00136813789598,2023.0,8.0,2023-08,0.2503368739879711
Nairobi,Westlands,0.00590790301496,2023.0,8.0,2023-08,0.5593914519984737
Turkana,Loima,0.792863767753,2023.0,8.0,2023-08,0.2425360355777087
Turkana,Turkana Central,0.538281501213,2023.0,8.0,2023-08,0.1159734989728491
Turkana,Turkana East,0.909087463502,2023.0,8.0,2023-08,0.1852576370653664
Turkana,Turkana North,1.66897152383,2023.0,8.0,2023-08,0.212366711251931
Turkana,Turkana South,0.603285539944,2023.0,8.0,2023-08,0.1740983230267448
Turkana,Turkana West,1.19593592043,2023.0,8.0,2023-08,0.3077576160857005
Kiambu,Gatundu North,0.0190562071078,2023.0,9.0,2023-09,0.728758635936157
Kiambu,Gatundu South,0.018013492523,2023.0,9.0,2023-09,0.7164258659120953
Kiambu,Githunguri,0.0140557399999,2023.0,9.0,2023-09,0.7261741774820487
Kiambu,Juja,0.0303444523402,2023.0,9.0,2023-09,0.4242507119888568
Kiambu,Kabete,0.00456838148631,2023.0,9.0,2023-09,0.6079026425669414
Kiambu,Kiambaa,0.00720464174127,2023.0,9.0,2023-09,0.6622053070991978
Kiambu,Kiambu,0.00796244668767,2023.0,9.0,2023-09,0.5945757219171627
Kiambu,Kikuyu,0.0141641490709,2023.0,9.0,2023-09,0.4405417385432705
Kiambu,Lari,0.037858207576,2023.0,9.0,2023-09,0.7066084759950101
Kiambu,Limuru,0.0231553754199,2023.0,9.0,2023-09,0.5350695833425884
Kiambu,Ruiru,0.0124421280679,2023.0,9.0,2023-09,0.3094312052261233
Kiambu,Thika Town,0.0178033031507,2023.0,9.0,2023-09,0.3773097534794567
Machakos,Kangundo,0.013896319438,2023.0,9.0,2023-09,0.3982489616857862
Machakos,Kathiani,0.0167415041685,2023.0,9.0,2023-09,0.3903623711181847
Machakos,Machakos Town,0.0615270519301,2023.0,9.0,2023-09,0.3387878981647312
Machakos,Masinga,0.11427469357,2023.0,9.0,2023-09,0.2932364067435283
Machakos,Matungulu,0.0472449879416,2023.0,9.0,2023-09,0.314388382907838
Machakos,Mavoko,0.0684719511619,2023.0,9.0,2023-09,0.2623771854591509
Machakos,Mwala,0.0827962943547,2023.0,9.0,2023-09,0.3167202483059558
Machakos,Yatta,0.0862109028544,2023.0,9.0,2023-09,0.3050470027726821
Nairobi,Dagoretti,0.00198642271282,2023.0,9.0,2023-09,0.4855473430528997
Nairobi,Embakasi Central,0.000664901959297,2023.0,9.0,2023-09,0.1655958520546314
Nairobi,Embakasi East,0.00697580217167,2023.0,9.0,2023-09,0.2406576950563784
Nairobi,Embakasi North,0.000441181256097,2023.0,9.0,2023-09,0.236442159942557
Nairobi,Embakasi South,0.00142609820487,2023.0,9.0,2023-09,0.2004923274881384
Nairobi,Embakasi West,0.000793166442342,2023.0,9.0,2023-09,0.2146073949286212
Nairobi,Kamukunji,0.000718135459802,2023.0,9.0,2023-09,0.2781324056486908
Nairobi,Kasarani,0.0110736011415,2023.0,9.0,2023-09,0.2708829707089798
Nairobi,Kibra,0.00100197842996,2023.0,9.0,2023-09,0.3419865347023399
Nairobi,Kilimani,0.00238546350977,2023.0,9.0,2023-09,0.4277785146691659
Nairobi,Langata,0.0170497156745,2023.0,9.0,2023-09,0.4419499919365969
Nairobi,Makadara,0.000974908477702,2023.0,9.0,2023-09,0.2408906062821059
Nairobi,Mathare,0.000235884309461,2023.0,9.0,2023-09,0.2578185426291475
Nairobi,Roysambu,0.00390887981589,2023.0,9.0,2023-09,0.4679667639288168
Nairobi,Ruaraka,0.000583416833502,2023.0,9.0,2023-09,0.3305125228984327
Nairobi,Starehe,0.00136813789598,2023.0,9.0,2023-09,0.2523966769315288
Nairobi,Westlands,0.00590790301496,2023.0,9.0,2023-09,0.5621007081204511
Turkana,Loima,0.792863767753,2023.0,9.0,2023-09,0.2498452879037365
Turkana,Turkana Central,0.538281501213,2023.0,9.0,2023-09,0.1201919186684339
Turkana,Turkana East,0.909087463502,2023.0,9.0,2023-09,0.1907471265435049
Turkana,Turkana North,1.66897152383,2023.0,9.0,2023-09,0.2157021620260724
Turkana,Turkana South,0.603285539944,2023.0,9.0,2023-09,0.1795213731970302
Turkana,Turkana West,1.19593592043,2023.0,9.0,2023-09,0.3109237829402217
Kiambu,Gatundu North,0.0190562071078,2023.0,10.0,2023-10,0.4966223761734915
Kiambu,Gatundu South,0.018013492523,2023.0,10.0,2023-10,0.4801048447595071
Kiambu,Githunguri,0.0140557399999,2023.0,10.0,2023-10,0.4805036146036516
Kiambu,Juja,0.0303444523402,2023.0,10.0,2023-10,0.3309583416281912
Kiambu,Kabete,0.00456838148631,2023.0,10.0,2023-10,0.4775895813300765
Kiambu,Kiambaa,0.00720464174127,2023.0,10.0,2023-10,0.5279420053709415
Kiambu,Kiambu,0.00796244668767,2023.0,10.0,2023-10,0.4230643700151562
Kiambu,Kikuyu,0.0141641490709,2023.0,10.0,2023-10,0.4380541919328756
Kiambu,Lari,0.037858207576,2023.0,10.0,2023-10,0.5830920656874203
Kiambu,Limuru,0.0231553754199,2023.0,10.0,2023-10,0.457260910567548
Kiambu,Ruiru,0.0124421280679,2023.0,10.0,2023-10,0.24486930240988
Kiambu,Thika Town,0.0178033031507,2023.0,10.0,2023-10,0.3437766480540046
Machakos,Kangundo,0.013896319438,2023.0,10.0,2023-10,0.4134360596584067
Machakos,Kathiani,0.0167415041685,2023.0,10.0,2023-10,0.3924935052781581
Machakos,Machakos Town,0.0615270519301,2023.0,10.0,2023-10,0.3173318166255334
Machakos,Masinga,0.11427469357,2023.0,10.0,2023-10,0.2717805559029498
Machakos,Matungulu,0.0472449879416,2023.0,10.0,2023-10,0.3130386427014348
Machakos,Mavoko,0.0684719511619,2023.0,10.0,2023-10,0.2438582328150152
Machakos,Mwala,0.0827962943547,2023.0,10.0,2023-10,0.3158051740341976
Machakos,Yatta,0.0862109028544,2023.0,10.0,2023-10,0.3015071028852193
Nairobi,Dagoretti,0.00198642271282,2023.0,10.0,2023-10,0.4370782335484384
Nairobi,Embakasi Central,0.000664901959297,2023.0,10.0,2023-10,0.1079855565804743
Nairobi,Embakasi East,0.00697580217167,2023.0,10.0,2023-10,0.161264601719718
Nairobi,Embakasi North,0.000441181256097,2023.0,10.0,2023-10,0.1799507786204729
Nairobi,Embakasi South,0.00142609820487,2023.0,10.0,2023-10,0.1323273535695457
Nairobi,Embakasi West,0.000793166442342,2023.0,10.0,2023-10,0.1704704751921733
Nairobi,Kamukunji,0.000718135459802,2023.0,10.0,2023-10,0.222031348583698
Nairobi,Kasarani,0.0110736011415,2023.0,10.0,2023-10,0.1855078858514867
Nairobi,Kibra,0.00100197842996,2023.0,10.0,2023-10,0.3155478053114821
Nairobi,Kilimani,0.00238546350977,2023.0,10.0,2023-10,0.4017697376388323
Nairobi,Langata,0.0170497156745,2023.0,10.0,2023-10,0.3456943784740797
Nairobi,Makadara,0.000974908477702,2023.0,10.0,2023-10,0.1372756654687214
Nairobi,Mathare,0.000235884309461,2023.0,10.0,2023-10,0.2395031667366652
Nairobi,Roysambu,0.00390887981589,2023.0,10.0,2023-10,0.3011880552293801
Nairobi,Ruaraka,0.000583416833502,2023.0,10.0,2023-10,0.2023502646041115
Nairobi,Starehe,0.00136813789598,2023.0,10.0,2023-10,0.1795727373930141
Nairobi,Westlands,0.00590790301496,2023.0,10.0,2023-10,0.4525120460830729
Turkana,Loima,0.792863767753,2023.0,10.0,2023-10,0.2698199816045749
Turkana,Turkana Central,0.538281501213,2023.0,10.0,2023-10,0.1285798053186811
Turkana,Turkana East,0.909087463502,2023.0,10.0,2023-10,0.2084758114449871
Turkana,Turkana North,1.66897152383,2023.0,10.0,2023-10,0.2519989450079473
Turkana,Turkana South,0.603285539944,2023.0,10.0,2023-10,0.1928692896430768
Turkana,Turkana West,1.19593592043,2023.0,10.0,2023-10,0.3741724765527112
Kiambu,Gatundu North,0.0190562071078,2023.0,11.0,2023-11,0.7335680449964913
Kiambu,Gatundu South,0.018013492523,2023.0,11.0,2023-11,0.6972245709968854
Kiambu,Githunguri,0.0140557399999,2023.0,11.0,2023-11,0.7202077663877325
Kiambu,Juja,0.0303444523402,2023.0,11.0,2023-11,0.5203998737682382
Kiambu,Kabete,0.00456838148631,2023.0,11.0,2023-11,0.6888759567989461
Kiambu,Kiambaa,0.00720464174127,2023.0,11.0,2023-11,0.7252865639982208
Kiambu,Kiambu,0.00796244668767,2023.0,11.0,2023-11,0.6911461243074023
Kiambu,Kikuyu,0.0141641490709,2023.0,11.0,2023-11,0.5849639491817518
Kiambu,Lari,0.037858207576,2023.0,11.0,2023-11,0.6370849444732399
Kiambu,Limuru,0.0231553754199,2023.0,11.0,2023-11,0.6245854108826032
Kiambu,Ruiru,0.0124421280679,2023.0,11.0,2023-11,0.4721768224339183
Kiambu,Thika Town,0.0178033031507,2023.0,11.0,2023-11,0.5321349555240718
Machakos,Kangundo,0.013896319438,2023.0,11.0,2023-11,0.5012779725649897
Machakos,Kathiani,0.0167415041685,2023.0,11.0,2023-11,0.4857869248911171
Machakos,Machakos Town,0.0615270519301,2023.0,11.0,2023-11,0.4436572964678629
Machakos,Masinga,0.11427469357,2023.0,11.0,2023-11,0.4630941033142211
Machakos,Matungulu,0.0472449879416,2023.0,11.0,2023-11,0.5106390155725441
Machakos,Mavoko,0.0684719511619,2023.0,11.0,2023-11,0.4585693435858888
Machakos,Mwala,0.0827962943547,2023.0,11.0,2023-11,0.4624297853790057
Machakos,Yatta,0.0862109028544,2023.0,11.0,2023-11,0.4514593613997165
Nairobi,Dagoretti,0.00198642271282,2023.0,11.0,2023-11,0.5400846667861693
Nairobi,Embakasi Central,0.000664901959297,2023.0,11.0,2023-11,0.2125106778349748
Nairobi,Embakasi East,0.00697580217167,2023.0,11.0,2023-11,0.4013123024763483
Nairobi,Embakasi North,0.000441181256097,2023.0,11.0,2023-11,0.3034158528923392
Nairobi,Embakasi South,0.00142609820487,2023.0,11.0,2023-11,0.2829317208179571
Nairobi,Embakasi West,0.000793166442342,2023.0,11.0,2023-11,0.3027123589897172
Nairobi,Kamukunji,0.000718135459802,2023.0,11.0,2023-11,0.431512815536653
Nairobi,Kasarani,0.0110736011415,2023.0,11.0,2023-11,0.4088822442395156
Nairobi,Kibra,0.00100197842996,2023.0,11.0,2023-11,0.4232058752097941
Nairobi,Kilimani,0.00238546350977,2023.0,11.0,2023-11,0.4862345685514978
Nairobi,Langata,0.0170497156745,2023.0,11.0,2023-11,0.572433627521843
Nairobi,Makadara,0.000974908477702,2023.0,11.0,2023-11,0.3318949696452865
Nairobi,Mathare,0.000235884309461,2023.0,11.0,2023-11,0.3454255900881983
Nairobi,Roysambu,0.00390887981589,2023.0,11.0,2023-11,0.5453627568631815
Nairobi,Ruaraka,0.000583416833502,2023.0,11.0,2023-11,0.4119740230002037
Nairobi,Starehe,0.00136813789598,2023.0,11.0,2023-11,0.335819438179505
Nairobi,Westlands,0.00590790301496,2023.0,11.0,2023-11,0.6235729377456659
Turkana,Loima,0.792863767753,2023.0,11.0,2023-11,0.3436320785582418
Turkana,Turkana Central,0.538281501213,2023.0,11.0,2023-11,0.139995206163454
Turkana,Turkana East,0.909087463502,2023.0,11.0,2023-11,0.2441379017486571
Turkana,Turkana North,1.66897152383,2023.0,11.0,2023-11,0.3422191583725316
Turkana,Turkana South,0.603285539944,2023.0,11.0,2023-11,0.2566051624670399
Turkana,Turkana West,1.19593592043,2023.0,11.0,2023-11,0.487181565787729
Kiambu,Gatundu North,0.0190562071078,2023.0,12.0,2023-12,0.8105664131107234
Kiambu,Gatundu South,0.018013492523,2023.0,12.0,2023-12,0.8064927257234966
Kiambu,Githunguri,0.0140557399999,2023.0,12.0,2023-12,0.7977765636214712
Kiambu,Juja,0.0303444523402,2023.0,12.0,2023-12,0.6415295112454792
Kiambu,Kabete,0.00456838148631,2023.0,12.0,2023-12,0.7199791163145266
Kiambu,Kiambaa,0.00720464174127,2023.0,12.0,2023-12,0.7588929900434391
Kiambu,Kiambu,0.00796244668767,2023.0,12.0,2023-12,0.7366493912589774
Kiambu,Kikuyu,0.0141641490709,2023.0,12.0,2023-12,0.6795518943022909
Kiambu,Lari,0.037858207576,2023.0,12.0,2023-12,0.7908510080716799
Kiambu,Limuru,0.0231553754199,2023.0,12.0,2023-12,0.6932174030541547
Kiambu,Ruiru,0.0124421280679,2023.0,12.0,2023-12,0.6120990385440879
Kiambu,Thika Town,0.0178033031507,2023.0,12.0,2023-12,0.6572435794649549
Machakos,Kangundo,0.013896319438,2023.0,12.0,2023-12,0.7141961187588343
Machakos,Kathiani,0.0167415041685,2023.0,12.0,2023-12,0.6920878493663147
Machakos,Machakos Town,0.0615270519301,2023.0,12.0,2023-12,0.6610645225302382
Machakos,Masinga,0.11427469357,2023.0,12.0,2023-12,0.6106197127913058
Machakos,Matungulu,0.0472449879416,2023.0,12.0,2023-12,0.6638290369948934
Machakos,Mavoko,0.0684719511619,2023.0,12.0,2023-12,0.6344249177196599
Machakos,Mwala,0.0827962943547,2023.0,12.0,2023-12,0.658021894234472
Machakos,Yatta,0.0862109028544,2023.0,12.0,2023-12,0.6390657223141867
Nairobi,Dagoretti,0.00198642271282,2023.0,12.0,2023-12,0.5999435926545567
Nairobi,Embakasi Central,0.000664901959297,2023.0,12.0,2023-12,0.2318727169934835
Nairobi,Embakasi East,0.00697580217167,2023.0,12.0,2023-12,0.5522098143589627
Nairobi,Embakasi North,0.000441181256097,2023.0,12.0,2023-12,0.3614006843782252
Nairobi,Embakasi South,0.00142609820487,2023.0,12.0,2023-12,0.3366714935767595
Nairobi,Embakasi West,0.000793166442342,2023.0,12.0,2023-12,0.3314045048417689
Nairobi,Kamukunji,0.000718135459802,2023.0,12.0,2023-12,0.4540554807718773
Nairobi,Kasarani,0.0110736011415,2023.0,12.0,2023-12,0.5809401519753036
Nairobi,Kibra,0.00100197842996,2023.0,12.0,2023-12,0.4800739243755556
Nairobi,Kilimani,0.00238546350977,2023.0,12.0,2023-12,0.5406033601804925
Nairobi,Langata,0.0170497156745,2023.0,12.0,2023-12,0.7052579057892906
Nairobi,Makadara,0.000974908477702,2023.0,12.0,2023-12,0.3645921057440459
Nairobi,Mathare,0.000235884309461,2023.0,12.0,2023-12,0.3670413523729529
Nairobi,Roysambu,0.00390887981589,2023.0,12.0,2023-12,0.6114022047212205
Nairobi,Ruaraka,0.000583416833502,2023.0,12.0,2023-12,0.4705917090711716
Nairobi,Starehe,0.00136813789598,2023.0,12.0,2023-12,0.3463287025792271
Nairobi,Westlands,0.00590790301496,2023.0,12.0,2023-12,0.6780364409163042
Turkana,Loima,0.792863767753,2023.0,12.0,2023-12,0.313046882201304
Turkana,Turkana Central,0.538281501213,2023.0,12.0,2023-12,0.14035883467554
Turkana,Turkana East,0.909087463502,2023.0,12.0,2023-12,0.2141956233469738
Turkana,Turkana North,1.66897152383,2023.0,12.0,2023-12,0.307846977403088
Turkana,Turkana South,0.603285539944,2023.0,12.0,2023-12,0.2302236427387351
Turkana,Turkana West,1.19593592043,2023.0,12.0,2023-12,0.418793261212969
Kiambu,Gatundu North,0.0190562071078,2024.0,1.0,2024-01,0.7400479913615211
Kiambu,Gatundu South,0.018013492523,2024.0,1.0,2024-01,0.7090893185142223
Kiambu,Githunguri,0.0140557399999,2024.0,1.0,2024-01,0.6942920237079935
Kiambu,Juja,0.0303444523402,2024.0,1.0,2024-01,0.518486088236425
Kiambu,Kabete,0.00456838148631,2024.0,1.0,2024-01,0.6354123628039545
Kiambu,Kiambaa,0.00720464174127,2024.0,1.0,2024-01,0.6804512209554566
Kiambu,Kiambu,0.00796244668767,2024.0,1.0,2024-01,0.6460850387606537
Kiambu,Kikuyu,0.0141641490709,2024.0,1.0,2024-01,0.6686865783012717
Kiambu,Lari,0.037858207576,2024.0,1.0,2024-01,0.7609276659062465
Kiambu,Limuru,0.0231553754199,2024.0,1.0,2024-01,0.6848639783632693
Kiambu,Ruiru,0.0124421280679,2024.0,1.0,2024-01,0.5368524298323991
Kiambu,Thika Town,0.0178033031507,2024.0,1.0,2024-01,0.5353217380892838
Machakos,Kangundo,0.013896319438,2024.0,1.0,2024-01,0.6936358069300667
Machakos,Kathiani,0.0167415041685,2024.0,1.0,2024-01,0.6282412956477356
Machakos,Machakos Town,0.0615270519301,2024.0,1.0,2024-01,0.622399550883719
Machakos,Masinga,0.11427469357,2024.0,1.0,2024-01,0.5859769377583613
Machakos,Matungulu,0.0472449879416,2024.0,1.0,2024-01,0.6320516292832661
Machakos,Mavoko,0.0684719511619,2024.0,1.0,2024-01,0.5743135892774557
Machakos,Mwala,0.0827962943547,2024.0,1.0,2024-01,0.6281711975171567
Machakos,Yatta,0.0862109028544,2024.0,1.0,2024-01,0.6104364152094883
Nairobi,Dagoretti,0.00198642271282,2024.0,1.0,2024-01,0.5341636507130341
Nairobi,Embakasi Central,0.000664901959297,2024.0,1.0,2024-01,0.2380746273097866
Nairobi,Embakasi East,0.00697580217167,2024.0,1.0,2024-01,0.5041598666821695
Nairobi,Embakasi North,0.000441181256097,2024.0,1.0,2024-01,0.3275824215769866
Nairobi,Embakasi South,0.00142609820487,2024.0,1.0,2024-01,0.3212899746122469
Nairobi,Embakasi West,0.000793166442342,2024.0,1.0,2024-01,0.3194893880403311
Nairobi,Kamukunji,0.000718135459802,2024.0,1.0,2024-01,0.3812779310154979
Nairobi,Kasarani,0.0110736011415,2024.0,1.0,2024-01,0.5068115426734935
Nairobi,Kibra,0.00100197842996,2024.0,1.0,2024-01,0.4265684569059138
Nairobi,Kilimani,0.00238546350977,2024.0,1.0,2024-01,0.4598991493791421
Nairobi,Langata,0.0170497156745,2024.0,1.0,2024-01,0.6407017926858553
Nairobi,Makadara,0.000974908477702,2024.0,1.0,2024-01,0.3492614525593387
Nairobi,Mathare,0.000235884309461,2024.0,1.0,2024-01,0.3219115371692567
Nairobi,Roysambu,0.00390887981589,2024.0,1.0,2024-01,0.4975532096509692
Nairobi,Ruaraka,0.000583416833502,2024.0,1.0,2024-01,0.4211560214397177
Nairobi,Starehe,0.00136813789598,2024.0,1.0,2024-01,0.3517616484501499
Nairobi,Westlands,0.00590790301496,2024.0,1.0,2024-01,0.6342973093096914
Turkana,Loima,0.792863767753,2024.0,1.0,2024-01,0.2652641897737257
Turkana,Turkana Central,0.538281501213,2024.0,1.0,2024-01,0.1348737700613166
Turkana,Turkana East,0.909087463502,2024.0,1.0,2024-01,0.1882895296829509
Turkana,Turkana North,1.66897152383,2024.0,1.0,2024-01,0.2584118661443768
Turkana,Turkana South,0.603285539944,2024.0,1.0,2024-01,0.1965914037354986
Turkana,Turkana West,1.19593592043,2024.0,1.0,2024-01,0.336275814764956
Kiambu,Gatundu North,0.0190562071078,2024.0,2.0,2024-02,0.7885407710896397
Kiambu,Gatundu South,0.018013492523,2024.0,2.0,2024-02,0.7777569211477564
Kiambu,Githunguri,0.0140557399999,2024.0,2.0,2024-02,0.7457300172258009
Kiambu,Juja,0.0303444523402,2024.0,2.0,2024-02,0.5271108619937773
Kiambu,Kabete,0.00456838148631,2024.0,2.0,2024-02,0.6550783676377592
Kiambu,Kiambaa,0.00720464174127,2024.0,2.0,2024-02,0.6982177790225763
Kiambu,Kiambu,0.00796244668767,2024.0,2.0,2024-02,0.6432770018883385
Kiambu,Kikuyu,0.0141641490709,2024.0,2.0,2024-02,0.6311247910737087
Kiambu,Lari,0.037858207576,2024.0,2.0,2024-02,0.795477237450963
Kiambu,Limuru,0.0231553754199,2024.0,2.0,2024-02,0.6536837778339689
Kiambu,Ruiru,0.0124421280679,2024.0,2.0,2024-02,0.4987909864005067
Kiambu,Thika Town,0.0178033031507,2024.0,2.0,2024-02,0.5264840218351529
Machakos,Kangundo,0.013896319438,2024.0,2.0,2024-02,0.6488955570770346
Machakos,Kathiani,0.0167415041685,2024.0,2.0,2024-02,0.625338196280831
Machakos,Machakos Town,0.0615270519301,2024.0,2.0,2024-02,0.5584922488059196
Machakos,Masinga,0.11427469357,2024.0,2.0,2024-02,0.4723548701575078
Machakos,Matungulu,0.0472449879416,2024.0,2.0,2024-02,0.5218755324711646
Machakos,Mavoko,0.0684719511619,2024.0,2.0,2024-02,0.4507896400146631
Machakos,Mwala,0.0827962943547,2024.0,2.0,2024-02,0.5307931256635449
Machakos,Yatta,0.0862109028544,2024.0,2.0,2024-02,0.4827808146776663
Nairobi,Dagoretti,0.00198642271282,2024.0,2.0,2024-02,0.5245397058237727
Nairobi,Embakasi Central,0.000664901959297,2024.0,2.0,2024-02,0.2168105885678579
Nairobi,Embakasi East,0.00697580217167,2024.0,2.0,2024-02,0.4117357702146247
Nairobi,Embakasi North,0.000441181256097,2024.0,2.0,2024-02,0.3035434322128977
Nairobi,Embakasi South,0.00142609820487,2024.0,2.0,2024-02,0.2917786285064231
Nairobi,Embakasi West,0.000793166442342,2024.0,2.0,2024-02,0.2912611448038334
Nairobi,Kamukunji,0.000718135459802,2024.0,2.0,2024-02,0.3697347812921514
Nairobi,Kasarani,0.0110736011415,2024.0,2.0,2024-02,0.4237164971898771
Nairobi,Kibra,0.00100197842996,2024.0,2.0,2024-02,0.4241256165465495
Nairobi,Kilimani,0.00238546350977,2024.0,2.0,2024-02,0.4934840298111296
Nairobi,Langata,0.0170497156745,2024.0,2.0,2024-02,0.6044730076144041
Nairobi,Makadara,0.000974908477702,2024.0,2.0,2024-02,0.3269655661813973
Nairobi,Mathare,0.000235884309461,2024.0,2.0,2024-02,0.3266253800923982
Nairobi,Roysambu,0.00390887981589,2024.0,2.0,2024-02,0.535712041189213
Nairobi,Ruaraka,0.000583416833502,2024.0,2.0,2024-02,0.4120066999117988
Nairobi,Starehe,0.00136813789598,2024.0,2.0,2024-02,0.307965983547305
Nairobi,Westlands,0.00590790301496,2024.0,2.0,2024-02,0.6254599483390136
Turkana,Loima,0.792863767753,2024.0,2.0,2024-02,0.2414519122086222
Turkana,Turkana Central,0.538281501213,2024.0,2.0,2024-02,0.1188556722119083
Turkana,Turkana East,0.909087463502,2024.0,2.0,2024-02,0.1756734445704004
Turkana,Turkana North,1.66897152383,2024.0,2.0,2024-02,0.2256527610764913
Turkana,Turkana South,0.603285539944,2024.0,2.0,2024-02,0.1756620708456013
Turkana,Turkana West,1.19593592043,2024.0,2.0,2024-02,0.2860081552341107
Kiambu,Gatundu North,0.0190562071078,2024.0,3.0,2024-03,0.7797469825009034
Kiambu,Gatundu South,0.018013492523,2024.0,3.0,2024-03,0.7790868931697691
Kiambu,Githunguri,0.0140557399999,2024.0,3.0,2024-03,0.7559653762092533
Kiambu,Juja,0.0303444523402,2024.0,3.0,2024-03,0.4987815015875934
Kiambu,Kabete,0.00456838148631,2024.0,3.0,2024-03,0.6700012900976293
Kiambu,Kiambaa,0.00720464174127,2024.0,3.0,2024-03,0.7094751983898164
Kiambu,Kiambu,0.00796244668767,2024.0,3.0,2024-03,0.6695418075881429
Kiambu,Kikuyu,0.0141641490709,2024.0,3.0,2024-03,0.6043901377991806
Kiambu,Lari,0.037858207576,2024.0,3.0,2024-03,0.7932564913065362
Kiambu,Limuru,0.0231553754199,2024.0,3.0,2024-03,0.6605046129256579
Kiambu,Ruiru,0.0124421280679,2024.0,3.0,2024-03,0.4193492588164597
Kiambu,Thika Town,0.0178033031507,2024.0,3.0,2024-03,0.5212099516626372
Machakos,Kangundo,0.013896319438,2024.0,3.0,2024-03,0.6744312159713489
Machakos,Kathiani,0.0167415041685,2024.0,3.0,2024-03,0.658832277229127
Machakos,Machakos Town,0.0615270519301,2024.0,3.0,2024-03,0.5196709641018805
Machakos,Masinga,0.11427469357,2024.0,3.0,2024-03,0.4331784984659014
Machakos,Matungulu,0.0472449879416,2024.0,3.0,2024-03,0.5206909586343951
Machakos,Mavoko,0.0684719511619,2024.0,3.0,2024-03,0.4048392342822378
Machakos,Mwala,0.0827962943547,2024.0,3.0,2024-03,0.52383700652724
Machakos,Yatta,0.0862109028544,2024.0,3.0,2024-03,0.4657914716669027
Nairobi,Dagoretti,0.00198642271282,2024.0,3.0,2024-03,0.5371147745379223
Nairobi,Embakasi Central,0.000664901959297,2024.0,3.0,2024-03,0.2226108771982028
Nairobi,Embakasi East,0.00697580217167,2024.0,3.0,2024-03,0.3829986602990232
Nairobi,Embakasi North,0.000441181256097,2024.0,3.0,2024-03,0.2944175649598346
Nairobi,Embakasi South,0.00142609820487,2024.0,3.0,2024-03,0.3049038560250822
Nairobi,Embakasi West,0.000793166442342,2024.0,3.0,2024-03,0.2921053933313366
Nairobi,Kamukunji,0.000718135459802,2024.0,3.0,2024-03,0.3678161587799708
Nairobi,Kasarani,0.0110736011415,2024.0,3.0,2024-03,0.3789700344074803
Nairobi,Kibra,0.00100197842996,2024.0,3.0,2024-03,0.4316302014019154
Nairobi,Kilimani,0.00238546350977,2024.0,3.0,2024-03,0.5092178186614021
Nairobi,Langata,0.0170497156745,2024.0,3.0,2024-03,0.6001750522380884
Nairobi,Makadara,0.000974908477702,2024.0,3.0,2024-03,0.3322227447158432
Nairobi,Mathare,0.000235884309461,2024.0,3.0,2024-03,0.3298655774884504
Nairobi,Roysambu,0.00390887981589,2024.0,3.0,2024-03,0.5383695686723082
Nairobi,Ruaraka,0.000583416833502,2024.0,3.0,2024-03,0.4031324123074837
Nairobi,Starehe,0.00136813789598,2024.0,3.0,2024-03,0.3220717239185748
Nairobi,Westlands,0.00590790301496,2024.0,3.0,2024-03,0.6464678273927107
Turkana,Loima,0.792863767753,2024.0,3.0,2024-03,0.2568993540883479
Turkana,Turkana Central,0.538281501213,2024.0,3.0,2024-03,0.1256817820964922
Turkana,Turkana East,0.909087463502,2024.0,3.0,2024-03,0.1973352800390292
Turkana,Turkana North,1.66897152383,2024.0,3.0,2024-03,0.234457119351276
Turkana,Turkana South,0.603285539944,2024.0,3.0,2024-03,0.1880328737470739
Turkana,Turkana West,1.19593592043,2024.0,3.0,2024-03,0.3010510285175962
Kiambu,Gatundu North,0.0190562071078,2024.0,4.0,2024-04,0.8091360848028374
Kiambu,Gatundu South,0.018013492523,2024.0,4.0,2024-04,0.8024097324522684
Kiambu,Githunguri,0.0140557399999,2024.0,4.0,2024-04,0.7774366342416279
Kiambu,Juja,0.0303444523402,2024.0,4.0,2024-04,0.5892396799912396
Kiambu,Kabete,0.00456838148631,2024.0,4.0,2024-04,0.6998384744492673
Kiambu,Kiambaa,0.00720464174127,2024.0,4.0,2024-04,0.7255918093151232
Kiambu,Kiambu,0.00796244668767,2024.0,4.0,2024-04,0.700237437200288
Kiambu,Kikuyu,0.0141641490709,2024.0,4.0,2024-04,0.6752471235625852
Kiambu,Lari,0.037858207576,2024.0,4.0,2024-04,0.8180944910839505
Kiambu,Limuru,0.0231553754199,2024.0,4.0,2024-04,0.7242290758942813
Kiambu,Ruiru,0.0124421280679,2024.0,4.0,2024-04,0.529399909458596
Kiambu,Thika Town,0.0178033031507,2024.0,4.0,2024-04,0.6098874114509533
Machakos,Kangundo,0.013896319438,2024.0,4.0,2024-04,0.7618405920433627
Machakos,Kathiani,0.0167415041685,2024.0,4.0,2024-04,0.7260389735300443
Machakos,Machakos Town,0.0615270519301,2024.0,4.0,2024-04,0.6484125730537308
Machakos,Masinga,0.11427469357,2024.0,4.0,2024-04,0.630103447615696
Machakos,Matungulu,0.0472449879416,2024.0,4.0,2024-04,0.626890609751963
Machakos,Mavoko,0.0684719511619,2024.0,4.0,2024-04,0.58949783615632
Machakos,Mwala,0.0827962943547,2024.0,4.0,2024-04,0.6659285445181433
Machakos,Yatta,0.0862109028544,2024.0,4.0,2024-04,0.6541208083568197
Nairobi,Dagoretti,0.00198642271282,2024.0,4.0,2024-04,0.5783638533699809
Nairobi,Embakasi Central,0.000664901959297,2024.0,4.0,2024-04,0.2465398161097389
Nairobi,Embakasi East,0.00697580217167,2024.0,4.0,2024-04,0.4998128855468843
Nairobi,Embakasi North,0.000441181256097,2024.0,4.0,2024-04,0.3478058699456985
Nairobi,Embakasi South,0.00142609820487,2024.0,4.0,2024-04,0.3467795011237199
Nairobi,Embakasi West,0.000793166442342,2024.0,4.0,2024-04,0.3177576494958573
Nairobi,Kamukunji,0.000718135459802,2024.0,4.0,2024-04,0.444239291711399
Nairobi,Kasarani,0.0110736011415,2024.0,4.0,2024-04,0.4727393415415836
Nairobi,Kibra,0.00100197842996,2024.0,4.0,2024-04,0.4663921028729393
Nairobi,Kilimani,0.00238546350977,2024.0,4.0,2024-04,0.5165203891870369
Nairobi,Langata,0.0170497156745,2024.0,4.0,2024-04,0.6734904032745539
Nairobi,Makadara,0.000974908477702,2024.0,4.0,2024-04,0.3751328267446348
Nairobi,Mathare,0.000235884309461,2024.0,4.0,2024-04,0.3378356782864342
Nairobi,Roysambu,0.00390887981589,2024.0,4.0,2024-04,0.5862597023423897
Nairobi,Ruaraka,0.000583416833502,2024.0,4.0,2024-04,0.4532958477508652
Nairobi,Starehe,0.00136813789598,2024.0,4.0,2024-04,0.350526599728198
Nairobi,Westlands,0.00590790301496,2024.0,4.0,2024-04,0.6639516408975557
Turkana,Loima,0.792863767753,2024.0,4.0,2024-04,0.3534776852112289
Turkana,Turkana Central,0.538281501213,2024.0,4.0,2024-04,0.1586370893274785
Turkana,Turkana East,0.909087463502,2024.0,4.0,2024-04,0.2725882999825349
Turkana,Turkana North,1.66897152383,2024.0,4.0,2024-04,0.3653532422921349
Turkana,Turkana South,0.603285539944,2024.0,4.0,2024-04,0.2646416496258083
Turkana,Turkana West,1.19593592043,2024.0,4.0,2024-04,0.4947271231420492
Kiambu,Gatundu North,0.0190562071078,2024.0,5.0,2024-05,0.796727432258212
Kiambu,Gatundu South,0.018013492523,2024.0,5.0,2024-05,0.7984568031636655
Kiambu,Githunguri,0.0140557399999,2024.0,5.0,2024-05,0.7883193421545186
Kiambu,Juja,0.0303444523402,2024.0,5.0,2024-05,0.6405535242552081
Kiambu,Kabete,0.00456838148631,2024.0,5.0,2024-05,0.680890630170569
Kiambu,Kiambaa,0.00720464174127,2024.0,5.0,2024-05,0.7317631456249891
Kiambu,Kiambu,0.00796244668767,2024.0,5.0,2024-05,0.7233184002534347
Kiambu,Kikuyu,0.0141641490709,2024.0,5.0,2024-05,0.6071423979319656
Kiambu,Lari,0.037858207576,2024.0,5.0,2024-05,0.7974137511155508
Kiambu,Limuru,0.0231553754199,2024.0,5.0,2024-05,0.683656228803638
Kiambu,Ruiru,0.0124421280679,2024.0,5.0,2024-05,0.5930069712906637
Kiambu,Thika Town,0.0178033031507,2024.0,5.0,2024-05,0.6516659788871295
Machakos,Kangundo,0.013896319438,2024.0,5.0,2024-05,0.7670491359836493
Machakos,Kathiani,0.0167415041685,2024.0,5.0,2024-05,0.7390634953409957
Machakos,Machakos Town,0.0615270519301,2024.0,5.0,2024-05,0.6942744284697934
Machakos,Masinga,0.11427469357,2024.0,5.0,2024-05,0.6409271496368973
Machakos,Matungulu,0.0472449879416,2024.0,5.0,2024-05,0.6671914734489722
Machakos,Mavoko,0.0684719511619,2024.0,5.0,2024-05,0.6459632952406089
Machakos,Mwala,0.0827962943547,2024.0,5.0,2024-05,0.7067450852683486
Machakos,Yatta,0.0862109028544,2024.0,5.0,2024-05,0.679855284937003
Nairobi,Dagoretti,0.00198642271282,2024.0,5.0,2024-05,0.5711233842216382
Nairobi,Embakasi Central,0.000664901959297,2024.0,5.0,2024-05,0.2437514981997799
Nairobi,Embakasi East,0.00697580217167,2024.0,5.0,2024-05,0.5179668568641238
Nairobi,Embakasi North,0.000441181256097,2024.0,5.0,2024-05,0.3428390364852131
Nairobi,Embakasi South,0.00142609820487,2024.0,5.0,2024-05,0.3477734746538664
Nairobi,Embakasi West,0.000793166442342,2024.0,5.0,2024-05,0.3212120869521812
Nairobi,Kamukunji,0.000718135459802,2024.0,5.0,2024-05,0.4388998981473832
Nairobi,Kasarani,0.0110736011415,2024.0,5.0,2024-05,0.5420087410363698
Nairobi,Kibra,0.00100197842996,2024.0,5.0,2024-05,0.4641925856451775
Nairobi,Kilimani,0.00238546350977,2024.0,5.0,2024-05,0.5092829378146797
Nairobi,Langata,0.0170497156745,2024.0,5.0,2024-05,0.6505744828690395
Nairobi,Makadara,0.000974908477702,2024.0,5.0,2024-05,0.3562704604982641
Nairobi,Mathare,0.000235884309461,2024.0,5.0,2024-05,0.3543109911801764
Nairobi,Roysambu,0.00390887981589,2024.0,5.0,2024-05,0.5806255949609263
Nairobi,Ruaraka,0.000583416833502,2024.0,5.0,2024-05,0.4030627247438769
Nairobi,Starehe,0.00136813789598,2024.0,5.0,2024-05,0.3440054591718715
Nairobi,Westlands,0.00590790301496,2024.0,5.0,2024-05,0.6414170310501611
Turkana,Loima,0.792863767753,2024.0,5.0,2024-05,0.4076869319068691
Turkana,Turkana Central,0.538281501213,2024.0,5.0,2024-05,0.2036650368293276
Turkana,Turkana East,0.909087463502,2024.0,5.0,2024-05,0.3710611345441099
Turkana,Turkana North,1.66897152383,2024.0,5.0,2024-05,0.4200066281699838
Turkana,Turkana South,0.603285539944,2024.0,5.0,2024-05,0.3118293394847191
Turkana,Turkana West,1.19593592043,2024.0,5.0,2024-05,0.5026968611849792
Kiambu,Gatundu North,0.0190562071078,2024.0,6.0,2024-06,0.7746769167728917
Kiambu,Gatundu South,0.018013492523,2024.0,6.0,2024-06,0.7710392397849599
Kiambu,Githunguri,0.0140557399999,2024.0,6.0,2024-06,0.7527109582274297
Kiambu,Juja,0.0303444523402,2024.0,6.0,2024-06,0.5942379110843402
Kiambu,Kabete,0.00456838148631,2024.0,6.0,2024-06,0.6669465242946367
Kiambu,Kiambaa,0.00720464174127,2024.0,6.0,2024-06,0.7208413819189315
Kiambu,Kiambu,0.00796244668767,2024.0,6.0,2024-06,0.6921551887097179
Kiambu,Kikuyu,0.0141641490709,2024.0,6.0,2024-06,0.6623719131698973
Kiambu,Lari,0.037858207576,2024.0,6.0,2024-06,0.7675397312592608
Kiambu,Limuru,0.0231553754199,2024.0,6.0,2024-06,0.7190120457251904
Kiambu,Ruiru,0.0124421280679,2024.0,6.0,2024-06,0.5442703307980676
Kiambu,Thika Town,0.0178033031507,2024.0,6.0,2024-06,0.6060835256826956
Machakos,Kangundo,0.013896319438,2024.0,6.0,2024-06,0.7112818578629052
Machakos,Kathiani,0.0167415041685,2024.0,6.0,2024-06,0.6782734990275533
Machakos,Machakos Town,0.0615270519301,2024.0,6.0,2024-06,0.6224731955378997
Machakos,Masinga,0.11427469357,2024.0,6.0,2024-06,0.5930840034046692
Machakos,Matungulu,0.0472449879416,2024.0,6.0,2024-06,0.6063228528146085
Machakos,Mavoko,0.0684719511619,2024.0,6.0,2024-06,0.5551813827170405
Machakos,Mwala,0.0827962943547,2024.0,6.0,2024-06,0.639217003046457
Machakos,Yatta,0.0862109028544,2024.0,6.0,2024-06,0.6137077090209111
Nairobi,Dagoretti,0.00198642271282,2024.0,6.0,2024-06,0.568927859604047
Nairobi,Embakasi Central,0.000664901959297,2024.0,6.0,2024-06,0.2267295503912875
Nairobi,Embakasi East,0.00697580217167,2024.0,6.0,2024-06,0.4655695425051607
Nairobi,Embakasi North,0.000441181256097,2024.0,6.0,2024-06,0.3182317708567068
Nairobi,Embakasi South,0.00142609820487,2024.0,6.0,2024-06,0.3091785313948
Nairobi,Embakasi West,0.000793166442342,2024.0,6.0,2024-06,0.3016243972746332
Nairobi,Kamukunji,0.000718135459802,2024.0,6.0,2024-06,0.4028271120654058
Nairobi,Kasarani,0.0110736011415,2024.0,6.0,2024-06,0.5044728029948443
Nairobi,Kibra,0.00100197842996,2024.0,6.0,2024-06,0.435602108796525
Nairobi,Kilimani,0.00238546350977,2024.0,6.0,2024-06,0.4844106748562942
Nairobi,Langata,0.0170497156745,2024.0,6.0,2024-06,0.6169347811105218
Nairobi,Makadara,0.000974908477702,2024.0,6.0,2024-06,0.3327884713000748
Nairobi,Mathare,0.000235884309461,2024.0,6.0,2024-06,0.3345756362872742
Nairobi,Roysambu,0.00390887981589,2024.0,6.0,2024-06,0.5555295121877147
Nairobi,Ruaraka,0.000583416833502,2024.0,6.0,2024-06,0.4228281718569781
Nairobi,Starehe,0.00136813789598,2024.0,6.0,2024-06,0.3145049155678925
Nairobi,Westlands,0.00590790301496,2024.0,6.0,2024-06,0.6305622844668844
Turkana,Loima,0.792863767753,2024.0,6.0,2024-06,0.3246405799223696
Turkana,Turkana Central,0.538281501213,2024.0,6.0,2024-06,0.1574270346136929
Turkana,Turkana East,0.909087463502,2024.0,6.0,2024-06,0.2681167485444286
Turkana,Turkana North,1.66897152383,2024.0,6.0,2024-06,0.2976478113423569
Turkana,Turkana South,0.603285539944,2024.0,6.0,2024-06,0.2439440091787202
Turkana,Turkana West,1.19593592043,2024.0,6.0,2024-06,0.380609777765756
Kiambu,Gatundu North,0.0190562071078,2024.0,7.0,2024-07,0.7602703251834207
Kiambu,Gatundu South,0.018013492523,2024.0,7.0,2024-07,0.7185688506076516
Kiambu,Githunguri,0.0140557399999,2024.0,7.0,2024-07,0.7441475964799693
Kiambu,Juja,0.0303444523402,2024.0,7.0,2024-07,0.5350222419191131
Kiambu,Kabete,0.00456838148631,2024.0,7.0,2024-07,0.6858983794190765
Kiambu,Kiambaa,0.00720464174127,2024.0,7.0,2024-07,0.7261870637483456
Kiambu,Kiambu,0.00796244668767,2024.0,7.0,2024-07,0.6706062922702328
Kiambu,Kikuyu,0.0141641490709,2024.0,7.0,2024-07,0.6725585425156636
Kiambu,Lari,0.037858207576,2024.0,7.0,2024-07,0.7752864562150052
Kiambu,Limuru,0.0231553754199,2024.0,7.0,2024-07,0.7085679586657123
Kiambu,Ruiru,0.0124421280679,2024.0,7.0,2024-07,0.4941025584504785
Kiambu,Thika Town,0.0178033031507,2024.0,7.0,2024-07,0.5738348939078244
Machakos,Kangundo,0.013896319438,2024.0,7.0,2024-07,0.6287540559660539
Machakos,Kathiani,0.0167415041685,2024.0,7.0,2024-07,0.6273135098154601
Machakos,Machakos Town,0.0615270519301,2024.0,7.0,2024-07,0.5456136476214994
Machakos,Masinga,0.11427469357,2024.0,7.0,2024-07,0.4913324282572822
Machakos,Matungulu,0.0472449879416,2024.0,7.0,2024-07,0.5467786509572234
Machakos,Mavoko,0.0684719511619,2024.0,7.0,2024-07,0.4870716171896499
Machakos,Mwala,0.0827962943547,2024.0,7.0,2024-07,0.5487787653696606
Machakos,Yatta,0.0862109028544,2024.0,7.0,2024-07,0.518941060697312
Nairobi,Dagoretti,0.00198642271282,2024.0,7.0,2024-07,0.5703235719407265
Nairobi,Embakasi Central,0.000664901959297,2024.0,7.0,2024-07,0.223632393548963
Nairobi,Embakasi East,0.00697580217167,2024.0,7.0,2024-07,0.4357433613335758
Nairobi,Embakasi North,0.000441181256097,2024.0,7.0,2024-07,0.3173082260018847
Nairobi,Embakasi South,0.00142609820487,2024.0,7.0,2024-07,0.3026572896146058
Nairobi,Embakasi West,0.000793166442342,2024.0,7.0,2024-07,0.2953264175900967
Nairobi,Kamukunji,0.000718135459802,2024.0,7.0,2024-07,0.3817231728466429
Nairobi,Kasarani,0.0110736011415,2024.0,7.0,2024-07,0.4848682321236526
Nairobi,Kibra,0.00100197842996,2024.0,7.0,2024-07,0.4234582337841841
Nairobi,Kilimani,0.00238546350977,2024.0,7.0,2024-07,0.4721597060360484
Nairobi,Langata,0.0170497156745,2024.0,7.0,2024-07,0.5865129876473311
Nairobi,Makadara,0.000974908477702,2024.0,7.0,2024-07,0.3170665072790401
Nairobi,Mathare,0.000235884309461,2024.0,7.0,2024-07,0.3453011507769845
Nairobi,Roysambu,0.00390887981589,2024.0,7.0,2024-07,0.5343707287322346
Nairobi,Ruaraka,0.000583416833502,2024.0,7.0,2024-07,0.4050970232037451
Nairobi,Starehe,0.00136813789598,2024.0,7.0,2024-07,0.3056329892435808
Nairobi,Westlands,0.00590790301496,2024.0,7.0,2024-07,0.6198108630364478
Turkana,Loima,0.792863767753,2024.0,7.0,2024-07,0.3449741341222023
Turkana,Turkana Central,0.538281501213,2024.0,7.0,2024-07,0.1614022504635294
Turkana,Turkana East,0.909087463502,2024.0,7.0,2024-07,0.2886512883216557
Turkana,Turkana North,1.66897152383,2024.0,7.0,2024-07,0.3126563400024588
Turkana,Turkana South,0.603285539944,2024.0,7.0,2024-07,0.2651577012686257
Turkana,Turkana West,1.19593592043,2024.0,7.0,2024-07,0.4304588761273802
Kiambu,Gatundu North,0.0190562071078,2024.0,8.0,2024-08,0.5485860543366788
Kiambu,Gatundu South,0.018013492523,2024.0,8.0,2024-08,0.5089507496848631
Kiambu,Githunguri,0.0140557399999,2024.0,8.0,2024-08,0.468139012499964
Kiambu,Juja,0.0303444523402,2024.0,8.0,2024-08,0.4524339384505276
Kiambu,Kabete,0.00456838148631,2024.0,8.0,2024-08,0.437946852828816
Kiambu,Kiambaa,0.00720464174127,2024.0,8.0,2024-08,0.4183917969586635
Kiambu,Kiambu,0.00796244668767,2024.0,8.0,2024-08,0.4432556909831793
Kiambu,Kikuyu,0.0141641490709,2024.0,8.0,2024-08,0.4454236645336445
Kiambu,Lari,0.037858207576,2024.0,8.0,2024-08,0.6267855681108045
Kiambu,Limuru,0.0231553754199,2024.0,8.0,2024-08,0.5059147223821587
Kiambu,Ruiru,0.0124421280679,2024.0,8.0,2024-08,0.4252039338213084
Kiambu,Thika Town,0.0178033031507,2024.0,8.0,2024-08,0.473569950884797
Machakos,Kangundo,0.013896319438,2024.0,8.0,2024-08,0.5355860617935392
Machakos,Kathiani,0.0167415041685,2024.0,8.0,2024-08,0.4414234324450151
Machakos,Machakos Town,0.0615270519301,2024.0,8.0,2024-08,0.3816074651034721
Machakos,Masinga,0.11427469357,2024.0,8.0,2024-08,0.3854955372434905
Machakos,Matungulu,0.0472449879416,2024.0,8.0,2024-08,0.4117427573246056
Machakos,Mavoko,0.0684719511619,2024.0,8.0,2024-08,0.3996075594349608
Machakos,Mwala,0.0827962943547,2024.0,8.0,2024-08,0.453316470728483
Machakos,Yatta,0.0862109028544,2024.0,8.0,2024-08,0.4351408109723425
Nairobi,Dagoretti,0.00198642271282,2024.0,8.0,2024-08,0.3156059865957614
Nairobi,Embakasi Central,0.000664901959297,2024.0,8.0,2024-08,0.2168142217395185
Nairobi,Embakasi East,0.00697580217167,2024.0,8.0,2024-08,0.4066212395353591
Nairobi,Embakasi North,0.000441181256097,2024.0,8.0,2024-08,0.2180363348741192
Nairobi,Embakasi South,0.00142609820487,2024.0,8.0,2024-08,0.2415656967065287
Nairobi,Embakasi West,0.000793166442342,2024.0,8.0,2024-08,0.2141367637516221
Nairobi,Kamukunji,0.000718135459802,2024.0,8.0,2024-08,0.3293411938778318
Nairobi,Kasarani,0.0110736011415,2024.0,8.0,2024-08,0.423210113048045
Nairobi,Kibra,0.00100197842996,2024.0,8.0,2024-08,0.2657273185901869
Nairobi,Kilimani,0.00238546350977,2024.0,8.0,2024-08,0.289513349895072
Nairobi,Langata,0.0170497156745,2024.0,8.0,2024-08,0.3786191153112987
Nairobi,Makadara,0.000974908477702,2024.0,8.0,2024-08,0.2946347556394793
Nairobi,Mathare,0.000235884309461,2024.0,8.0,2024-08,0.2282923519529609
Nairobi,Roysambu,0.00390887981589,2024.0,8.0,2024-08,0.3539997717334089
Nairobi,Ruaraka,0.000583416833502,2024.0,8.0,2024-08,0.2565660305990909
Nairobi,Starehe,0.00136813789598,2024.0,8.0,2024-08,0.2100911801700207
Nairobi,Westlands,0.00590790301496,2024.0,8.0,2024-08,0.3695641984009536
Turkana,Loima,0.792863767753,2024.0,8.0,2024-08,0.3893977267730638
Turkana,Turkana Central,0.538281501213,2024.0,8.0,2024-08,0.1616112324525419
Turkana,Turkana East,0.909087463502,2024.0,8.0,2024-08,0.3538100625120588
Turkana,Turkana North,1.66897152383,2024.0,8.0,2024-08,0.3749964291912731
Turkana,Turkana South,0.603285539944,2024.0,8.0,2024-08,0.3090190972637733
Turkana,Turkana West,1.19593592043,2024.0,8.0,2024-08,0.5350995599725954
Kiambu,Gatundu North,0.0190562071078,2024.0,9.0,2024-09,0.7412167830124445
Kiambu,Gatundu South,0.018013492523,2024.0,9.0,2024-09,0.7270775758304454
Kiambu,Githunguri,0.0140557399999,2024.0,9.0,2024-09,0.7082537078397082
Kiambu,Juja,0.0303444523402,2024.0,9.0,2024-09,0.442271585859435
Kiambu,Kabete,0.00456838148631,2024.0,9.0,2024-09,0.6079370524615161
Kiambu,Kiambaa,0.00720464174127,2024.0,9.0,2024-09,0.65039517178224
Kiambu,Kiambu,0.00796244668767,2024.0,9.0,2024-09,0.611434862101524
Kiambu,Kikuyu,0.0141641490709,2024.0,9.0,2024-09,0.5431979737222125
Kiambu,Lari,0.037858207576,2024.0,9.0,2024-09,0.7385036038836839
Kiambu,Limuru,0.0231553754199,2024.0,9.0,2024-09,0.5949056776342425
Kiambu,Ruiru,0.0124421280679,2024.0,9.0,2024-09,0.3735815805079219
Kiambu,Thika Town,0.0178033031507,2024.0,9.0,2024-09,0.4430698180959521
Machakos,Kangundo,0.013896319438,2024.0,9.0,2024-09,0.510302286440637
Machakos,Kathiani,0.0167415041685,2024.0,9.0,2024-09,0.4864220147155094
Machakos,Machakos Town,0.0615270519301,2024.0,9.0,2024-09,0.4254356083468104
Machakos,Masinga,0.11427469357,2024.0,9.0,2024-09,0.3600217810117039
Machakos,Matungulu,0.0472449879416,2024.0,9.0,2024-09,0.406814787239699
Machakos,Mavoko,0.0684719511619,2024.0,9.0,2024-09,0.364759377488885
Machakos,Mwala,0.0827962943547,2024.0,9.0,2024-09,0.4047047540711027
Machakos,Yatta,0.0862109028544,2024.0,9.0,2024-09,0.3785991209782053
Nairobi,Dagoretti,0.00198642271282,2024.0,9.0,2024-09,0.497328889320427
Nairobi,Embakasi Central,0.000664901959297,2024.0,9.0,2024-09,0.1966853185348292
Nairobi,Embakasi East,0.00697580217167,2024.0,9.0,2024-09,0.3637953470630941
Nairobi,Embakasi North,0.000441181256097,2024.0,9.0,2024-09,0.2721168244850333
Nairobi,Embakasi South,0.00142609820487,2024.0,9.0,2024-09,0.2691173829804939
Nairobi,Embakasi West,0.000793166442342,2024.0,9.0,2024-09,0.2585130078865926
Nairobi,Kamukunji,0.000718135459802,2024.0,9.0,2024-09,0.3401196190161588
Nairobi,Kasarani,0.0110736011415,2024.0,9.0,2024-09,0.3716978208595798
Nairobi,Kibra,0.00100197842996,2024.0,9.0,2024-09,0.3801935423042752
Nairobi,Kilimani,0.00238546350977,2024.0,9.0,2024-09,0.4402816214467602
Nairobi,Langata,0.0170497156745,2024.0,9.0,2024-09,0.5048550102735868
Nairobi,Makadara,0.000974908477702,2024.0,9.0,2024-09,0.2996072912225133
Nairobi,Mathare,0.000235884309461,2024.0,9.0,2024-09,0.3048520285594288
Nairobi,Roysambu,0.00390887981589,2024.0,9.0,2024-09,0.4963144258411953
Nairobi,Ruaraka,0.000583416833502,2024.0,9.0,2024-09,0.3718344477237263
Nairobi,Starehe,0.00136813789598,2024.0,9.0,2024-09,0.2876033288514918
Nairobi,Westlands,0.00590790301496,2024.0,9.0,2024-09,0.5913839263353843
Turkana,Loima,0.792863767753,2024.0,9.0,2024-09,0.3188978329396593
Turkana,Turkana Central,0.538281501213,2024.0,9.0,2024-09,0.1539946888961541
Turkana,Turkana East,0.909087463502,2024.0,9.0,2024-09,0.2776821581076781
Turkana,Turkana North,1.66897152383,2024.0,9.0,2024-09,0.286328053219453
Turkana,Turkana South,0.603285539944,2024.0,9.0,2024-09,0.2613318615181134
Turkana,Turkana West,1.19593592043,2024.0,9.0,2024-09,0.4137933355411126
Kiambu,Gatundu North,0.0190562071078,2024.0,10.0,2024-10,0.7591904037829939
Kiambu,Gatundu South,0.018013492523,2024.0,10.0,2024-10,0.7404125653881118
Kiambu,Githunguri,0.0140557399999,2024.0,10.0,2024-10,0.6964571716472324
Kiambu,Juja,0.0303444523402,2024.0,10.0,2024-10,0.4302663389790513
Kiambu,Kabete,0.00456838148631,2024.0,10.0,2024-10,0.5920884449959718
Kiambu,Kiambaa,0.00720464174127,2024.0,10.0,2024-10,0.6191303871415945
Kiambu,Kiambu,0.00796244668767,2024.0,10.0,2024-10,0.5723910460406989
Kiambu,Kikuyu,0.0141641490709,2024.0,10.0,2024-10,0.5512047710190175
Kiambu,Lari,0.037858207576,2024.0,10.0,2024-10,0.7506795719052447
Kiambu,Limuru,0.0231553754199,2024.0,10.0,2024-10,0.6043067826212495
Kiambu,Ruiru,0.0124421280679,2024.0,10.0,2024-10,0.3871566724801826
Kiambu,Thika Town,0.0178033031507,2024.0,10.0,2024-10,0.4439577688696293
Machakos,Kangundo,0.013896319438,2024.0,10.0,2024-10,0.4716478181807834
Machakos,Kathiani,0.0167415041685,2024.0,10.0,2024-10,0.4616301409162982
Machakos,Machakos Town,0.0615270519301,2024.0,10.0,2024-10,0.4185712033358694
Machakos,Masinga,0.11427469357,2024.0,10.0,2024-10,0.3576462395791392
Machakos,Matungulu,0.0472449879416,2024.0,10.0,2024-10,0.3941891765855445
Machakos,Mavoko,0.0684719511619,2024.0,10.0,2024-10,0.3945801213932921
Machakos,Mwala,0.0827962943547,2024.0,10.0,2024-10,0.3690192890489954
Machakos,Yatta,0.0862109028544,2024.0,10.0,2024-10,0.3591851054869742
Nairobi,Dagoretti,0.00198642271282,2024.0,10.0,2024-10,0.4784454031230081
Nairobi,Embakasi Central,0.000664901959297,2024.0,10.0,2024-10,0.2060829901508614
Nairobi,Embakasi East,0.00697580217167,2024.0,10.0,2024-10,0.3814960252796243
Nairobi,Embakasi North,0.000441181256097,2024.0,10.0,2024-10,0.2831520217205939
Nairobi,Embakasi South,0.00142609820487,2024.0,10.0,2024-10,0.2658290370688937
Nairobi,Embakasi West,0.000793166442342,2024.0,10.0,2024-10,0.2818954489867225
Nairobi,Kamukunji,0.000718135459802,2024.0,10.0,2024-10,0.3346695020232883
Nairobi,Kasarani,0.0110736011415,2024.0,10.0,2024-10,0.4049765550358903
Nairobi,Kibra,0.00100197842996,2024.0,10.0,2024-10,0.3704406891104745
Nairobi,Kilimani,0.00238546350977,2024.0,10.0,2024-10,0.4491449742449759
Nairobi,Langata,0.0170497156745,2024.0,10.0,2024-10,0.491987891321574
Nairobi,Makadara,0.000974908477702,2024.0,10.0,2024-10,0.2841575460396744
Nairobi,Mathare,0.000235884309461,2024.0,10.0,2024-10,0.289034829903402
Nairobi,Roysambu,0.00390887981589,2024.0,10.0,2024-10,0.476509639075596
Nairobi,Ruaraka,0.000583416833502,2024.0,10.0,2024-10,0.3858529615306332
Nairobi,Starehe,0.00136813789598,2024.0,10.0,2024-10,0.2669641980395557
Nairobi,Westlands,0.00590790301496,2024.0,10.0,2024-10,0.5590339424062036
Turkana,Loima,0.792863767753,2024.0,10.0,2024-10,0.3233933447304806
Turkana,Turkana Central,0.538281501213,2024.0,10.0,2024-10,0.148371695361528
Turkana,Turkana East,0.909087463502,2024.0,10.0,2024-10,0.2472124739750497
Turkana,Turkana North,1.66897152383,2024.0,10.0,2024-10,0.296363237853479
Turkana,Turkana South,0.603285539944,2024.0,10.0,2024-10,0.2500667902841993
Turkana,Turkana West,1.19593592043,2024.0,10.0,2024-10,0.4372704901120949
Kiambu,Gatundu North,0.0190562071078,2024.0,11.0,2024-11,0.7674504687740047
Kiambu,Gatundu South,0.018013492523,2024.0,11.0,2024-11,0.7437618559463097
Kiambu,Githunguri,0.0140557399999,2024.0,11.0,2024-11,0.7747765380079438
Kiambu,Juja,0.0303444523402,2024.0,11.0,2024-11,0.6271454742278527
Kiambu,Kabete,0.00456838148631,2024.0,11.0,2024-11,0.7140029137105085
Kiambu,Kiambaa,0.00720464174127,2024.0,11.0,2024-11,0.7327323206528596
Kiambu,Kiambu,0.00796244668767,2024.0,11.0,2024-11,0.692837939722216
Kiambu,Kikuyu,0.0141641490709,2024.0,11.0,2024-11,0.6491459908776306
Kiambu,Lari,0.037858207576,2024.0,11.0,2024-11,0.7111476376687468
Kiambu,Limuru,0.0231553754199,2024.0,11.0,2024-11,0.680996664536706
Kiambu,Ruiru,0.0124421280679,2024.0,11.0,2024-11,0.5949985974429013
Kiambu,Thika Town,0.0178033031507,2024.0,11.0,2024-11,0.6322607397899634
Machakos,Kangundo,0.013896319438,2024.0,11.0,2024-11,0.5978559448452967
Machakos,Kathiani,0.0167415041685,2024.0,11.0,2024-11,0.6092181605495808
Machakos,Machakos Town,0.0615270519301,2024.0,11.0,2024-11,0.5864943772911756
Machakos,Masinga,0.11427469357,2024.0,11.0,2024-11,0.5702335470122898
Machakos,Matungulu,0.0472449879416,2024.0,11.0,2024-11,0.5990585174663104
Machakos,Mavoko,0.0684719511619,2024.0,11.0,2024-11,0.61016599939162
Machakos,Mwala,0.0827962943547,2024.0,11.0,2024-11,0.5648904534582839
Machakos,Yatta,0.0862109028544,2024.0,11.0,2024-11,0.5664211975418679
Nairobi,Dagoretti,0.00198642271282,2024.0,11.0,2024-11,0.590064396112174
Nairobi,Embakasi Central,0.000664901959297,2024.0,11.0,2024-11,0.2398507751361324
Nairobi,Embakasi East,0.00697580217167,2024.0,11.0,2024-11,0.4899446531070637
Nairobi,Embakasi North,0.000441181256097,2024.0,11.0,2024-11,0.3446941435174793
Nairobi,Embakasi South,0.00142609820487,2024.0,11.0,2024-11,0.3044732124524842
Nairobi,Embakasi West,0.000793166442342,2024.0,11.0,2024-11,0.3243224468403712
Nairobi,Kamukunji,0.000718135459802,2024.0,11.0,2024-11,0.4395987887796949
Nairobi,Kasarani,0.0110736011415,2024.0,11.0,2024-11,0.5612212635012738
Nairobi,Kibra,0.00100197842996,2024.0,11.0,2024-11,0.4479677717444963
Nairobi,Kilimani,0.00238546350977,2024.0,11.0,2024-11,0.5041684079994015
Nairobi,Langata,0.0170497156745,2024.0,11.0,2024-11,0.6192918414607412
Nairobi,Makadara,0.000974908477702,2024.0,11.0,2024-11,0.3232157012040362
Nairobi,Mathare,0.000235884309461,2024.0,11.0,2024-11,0.3828406635867282
Nairobi,Roysambu,0.00390887981589,2024.0,11.0,2024-11,0.5630358500020239
Nairobi,Ruaraka,0.000583416833502,2024.0,11.0,2024-11,0.4498335809756431
Nairobi,Starehe,0.00136813789598,2024.0,11.0,2024-11,0.325224968193384
Nairobi,Westlands,0.00590790301496,2024.0,11.0,2024-11,0.6397764281266115
Turkana,Loima,0.792863767753,2024.0,11.0,2024-11,0.3459670981118002
Turkana,Turkana Central,0.538281501213,2024.0,11.0,2024-11,0.1546675135125103
Turkana,Turkana East,0.909087463502,2024.0,11.0,2024-11,0.2472098558706296
Turkana,Turkana North,1.66897152383,2024.0,11.0,2024-11,0.2885976428142519
Turkana,Turkana South,0.603285539944,2024.0,11.0,2024-11,0.2561093784271194
Turkana,Turkana West,1.19593592043,2024.0,11.0,2024-11,0.4726967613900296
Kiambu,Gatundu North,0.0190562071078,2024.0,12.0,2024-12,0.8099160138327788
Kiambu,Gatundu South,0.018013492523,2024.0,12.0,2024-12,0.8047693238067642
Kiambu,Githunguri,0.0140557399999,2024.0,12.0,2024-12,0.7823507660133805
Kiambu,Juja,0.0303444523402,2024.0,12.0,2024-12,0.6266241077242889
Kiambu,Kabete,0.00456838148631,2024.0,12.0,2024-12,0.691775851763299
Kiambu,Kiambaa,0.00720464174127,2024.0,12.0,2024-12,0.7331328931687997
Kiambu,Kiambu,0.00796244668767,2024.0,12.0,2024-12,0.7068671027654251
Kiambu,Kikuyu,0.0141641490709,2024.0,12.0,2024-12,0.6812949419168152
Kiambu,Lari,0.037858207576,2024.0,12.0,2024-12,0.813420673855659
Kiambu,Limuru,0.0231553754199,2024.0,12.0,2024-12,0.7178086724181234
Kiambu,Ruiru,0.0124421280679,2024.0,12.0,2024-12,0.5662790680038282
Kiambu,Thika Town,0.0178033031507,2024.0,12.0,2024-12,0.6432156496374705
Machakos,Kangundo,0.013896319438,2024.0,12.0,2024-12,0.7238324764815323
Machakos,Kathiani,0.0167415041685,2024.0,12.0,2024-12,0.7002021935017351
Machakos,Machakos Town,0.0615270519301,2024.0,12.0,2024-12,0.624964655336206
Machakos,Masinga,0.11427469357,2024.0,12.0,2024-12,0.5789949897055561
Machakos,Matungulu,0.0472449879416,2024.0,12.0,2024-12,0.6412196997480141
Machakos,Mavoko,0.0684719511619,2024.0,12.0,2024-12,0.574907081063577
Machakos,Mwala,0.0827962943547,2024.0,12.0,2024-12,0.6645542491789012
Machakos,Yatta,0.0862109028544,2024.0,12.0,2024-12,0.6302538920799016
Nairobi,Dagoretti,0.00198642271282,2024.0,12.0,2024-12,0.5696986028123009
Nairobi,Embakasi Central,0.000664901959297,2024.0,12.0,2024-12,0.2271164935876454
Nairobi,Embakasi East,0.00697580217167,2024.0,12.0,2024-12,0.4799881923962613
Nairobi,Embakasi North,0.000441181256097,2024.0,12.0,2024-12,0.3309189247408335
Nairobi,Embakasi South,0.00142609820487,2024.0,12.0,2024-12,0.3227581677811379
Nairobi,Embakasi West,0.000793166442342,2024.0,12.0,2024-12,0.3152463337326546
Nairobi,Kamukunji,0.000718135459802,2024.0,12.0,2024-12,0.448801102485754
Nairobi,Kasarani,0.0110736011415,2024.0,12.0,2024-12,0.5141294999481921
Nairobi,Kibra,0.00100197842996,2024.0,12.0,2024-12,0.4515429045315431
Nairobi,Kilimani,0.00238546350977,2024.0,12.0,2024-12,0.5087397427815428
Nairobi,Langata,0.0170497156745,2024.0,12.0,2024-12,0.6272036920522691
Nairobi,Makadara,0.000974908477702,2024.0,12.0,2024-12,0.3583923818805707
Nairobi,Mathare,0.000235884309461,2024.0,12.0,2024-12,0.361357576648467
Nairobi,Roysambu,0.00390887981589,2024.0,12.0,2024-12,0.5826201041624482
Nairobi,Ruaraka,0.000583416833502,2024.0,12.0,2024-12,0.4463578804532198
Nairobi,Starehe,0.00136813789598,2024.0,12.0,2024-12,0.3344592940377051
Nairobi,Westlands,0.00590790301496,2024.0,12.0,2024-12,0.649103926636712
Turkana,Loima,0.792863767753,2024.0,12.0,2024-12,0.3296387374000757
Turkana,Turkana Central,0.538281501213,2024.0,12.0,2024-12,0.1757648661787804
Turkana,Turkana East,0.909087463502,2024.0,12.0,2024-12,0.2744125454994836
Turkana,Turkana North,1.66897152383,2024.0,12.0,2024-12,0.3454299186957604
Turkana,Turkana South,0.603285539944,2024.0,12.0,2024-12,0.2706400620736192
Turkana,Turkana West,1.19593592043,2024.0,12.0,2024-12,0.4321544496505611
Kiambu,Gatundu North,0.0190562071078,2025.0,1.0,2025-01,0.7774407320078393
Kiambu,Gatundu South,0.018013492523,2025.0,1.0,2025-01,0.7748987257278885
Kiambu,Githunguri,0.0140557399999,2025.0,1.0,2025-01,0.7559150191679245
Kiambu,Juja,0.0303444523402,2025.0,1.0,2025-01,0.5739606938803183
Kiambu,Kabete,0.00456838148631,2025.0,1.0,2025-01,0.6635637419111723
Kiambu,Kiambaa,0.00720464174127,2025.0,1.0,2025-01,0.7115816396746693
Kiambu,Kiambu,0.00796244668767,2025.0,1.0,2025-01,0.6815219319452382
Kiambu,Kikuyu,0.0141641490709,2025.0,1.0,2025-01,0.6250340733504463
Kiambu,Lari,0.037858207576,2025.0,1.0,2025-01,0.778800221098602
Kiambu,Limuru,0.0231553754199,2025.0,1.0,2025-01,0.6658977843024362
Kiambu,Ruiru,0.0124421280679,2025.0,1.0,2025-01,0.4535744924434887
Kiambu,Thika Town,0.0178033031507,2025.0,1.0,2025-01,0.6010778187626741
Machakos,Kangundo,0.013896319438,2025.0,1.0,2025-01,0.7223786389393798
Machakos,Kathiani,0.0167415041685,2025.0,1.0,2025-01,0.6748469455925558
Machakos,Machakos Town,0.0615270519301,2025.0,1.0,2025-01,0.5549006429724874
Machakos,Masinga,0.11427469357,2025.0,1.0,2025-01,0.4880506754721282
Machakos,Matungulu,0.0472449879416,2025.0,1.0,2025-01,0.5850482312642354
Machakos,Mavoko,0.0684719511619,2025.0,1.0,2025-01,0.4392537937065111
Machakos,Mwala,0.0827962943547,2025.0,1.0,2025-01,0.5976928813042214
Machakos,Yatta,0.0862109028544,2025.0,1.0,2025-01,0.5517462502480731
Nairobi,Dagoretti,0.00198642271282,2025.0,1.0,2025-01,0.5466903501434034
Nairobi,Embakasi Central,0.000664901959297,2025.0,1.0,2025-01,0.2096908486327252
Nairobi,Embakasi East,0.00697580217167,2025.0,1.0,2025-01,0.3861991011468573
Nairobi,Embakasi North,0.000441181256097,2025.0,1.0,2025-01,0.3145900350042631
Nairobi,Embakasi South,0.00142609820487,2025.0,1.0,2025-01,0.2887527718431786
Nairobi,Embakasi West,0.000793166442342,2025.0,1.0,2025-01,0.2839599181391634
Nairobi,Kamukunji,0.000718135459802,2025.0,1.0,2025-01,0.4026812302144408
Nairobi,Kasarani,0.0110736011415,2025.0,1.0,2025-01,0.4234438960665423
Nairobi,Kibra,0.00100197842996,2025.0,1.0,2025-01,0.4322159383947087
Nairobi,Kilimani,0.00238546350977,2025.0,1.0,2025-01,0.4965142685324204
Nairobi,Langata,0.0170497156745,2025.0,1.0,2025-01,0.5815963605628839
Nairobi,Makadara,0.000974908477702,2025.0,1.0,2025-01,0.315496231548598
Nairobi,Mathare,0.000235884309461,2025.0,1.0,2025-01,0.3479800251994962
Nairobi,Roysambu,0.00390887981589,2025.0,1.0,2025-01,0.5490048553468034
Nairobi,Ruaraka,0.000583416833502,2025.0,1.0,2025-01,0.4180492553768917
Nairobi,Starehe,0.00136813789598,2025.0,1.0,2025-01,0.323544905881332
Nairobi,Westlands,0.00590790301496,2025.0,1.0,2025-01,0.6373509895271828
Turkana,Loima,0.792863767753,2025.0,1.0,2025-01,0.2664800576447346
Turkana,Turkana Central,0.538281501213,2025.0,1.0,2025-01,0.1546531914335706
Turkana,Turkana East,0.909087463502,2025.0,1.0,2025-01,0.2206862245577771
Turkana,Turkana North,1.66897152383,2025.0,1.0,2025-01,0.2588306596542029
Turkana,Turkana South,0.603285539944,2025.0,1.0,2025-01,0.2179364446784752
Turkana,Turkana West,1.19593592043,2025.0,1.0,2025-01,0.3148384421973879
Kiambu,Gatundu North,0.0190562071078,2025.0,2.0,2025-02,0.7772397617619105
Kiambu,Gatundu South,0.018013492523,2025.0,2.0,2025-02,0.7648167190430373
Kiambu,Githunguri,0.0140557399999,2025.0,2.0,2025-02,0.7295011363540405
Kiambu,Juja,0.0303444523402,2025.0,2.0,2025-02,0.498535241117983
Kiambu,Kabete,0.00456838148631,2025.0,2.0,2025-02,0.6588718991744409
Kiambu,Kiambaa,0.00720464174127,2025.0,2.0,2025-02,0.6951145946257645
Kiambu,Kiambu,0.00796244668767,2025.0,2.0,2025-02,0.6355268658533564
Kiambu,Kikuyu,0.0141641490709,2025.0,2.0,2025-02,0.6190097719128209
Kiambu,Lari,0.037858207576,2025.0,2.0,2025-02,0.7856462145453241
Kiambu,Limuru,0.0231553754199,2025.0,2.0,2025-02,0.6651230917083693
Kiambu,Ruiru,0.0124421280679,2025.0,2.0,2025-02,0.376756523750624
Kiambu,Thika Town,0.0178033031507,2025.0,2.0,2025-02,0.5192081810150849
Machakos,Kangundo,0.013896319438,2025.0,2.0,2025-02,0.6458601668533721
Machakos,Kathiani,0.0167415041685,2025.0,2.0,2025-02,0.6197443343991266
Machakos,Machakos Town,0.0615270519301,2025.0,2.0,2025-02,0.4679487182664945
Machakos,Masinga,0.11427469357,2025.0,2.0,2025-02,0.4293259348476954
Machakos,Matungulu,0.0472449879416,2025.0,2.0,2025-02,0.4912717460281579
Machakos,Mavoko,0.0684719511619,2025.0,2.0,2025-02,0.3664960598744933
Machakos,Mwala,0.0827962943547,2025.0,2.0,2025-02,0.545398200410717
Machakos,Yatta,0.0862109028544,2025.0,2.0,2025-02,0.4619215516812178
Nairobi,Dagoretti,0.00198642271282,2025.0,2.0,2025-02,0.546658927860102
Nairobi,Embakasi Central,0.000664901959297,2025.0,2.0,2025-02,0.1991181018835362
Nairobi,Embakasi East,0.00697580217167,2025.0,2.0,2025-02,0.3305469815606783
Nairobi,Embakasi North,0.000441181256097,2025.0,2.0,2025-02,0.2677111677063231
Nairobi,Embakasi South,0.00142609820487,2025.0,2.0,2025-02,0.2778533628367685
Nairobi,Embakasi West,0.000793166442342,2025.0,2.0,2025-02,0.2579497516721575
Nairobi,Kamukunji,0.000718135459802,2025.0,2.0,2025-02,0.3523024651085968
Nairobi,Kasarani,0.0110736011415,2025.0,2.0,2025-02,0.3661232481840494
Nairobi,Kibra,0.00100197842996,2025.0,2.0,2025-02,0.4298724355810056
Nairobi,Kilimani,0.00238546350977,2025.0,2.0,2025-02,0.4965442986421584
Nairobi,Langata,0.0170497156745,2025.0,2.0,2025-02,0.5561402349292688
Nairobi,Makadara,0.000974908477702,2025.0,2.0,2025-02,0.3039436346470123
Nairobi,Mathare,0.000235884309461,2025.0,2.0,2025-02,0.3147214237715246
Nairobi,Roysambu,0.00390887981589,2025.0,2.0,2025-02,0.5165843705713246
Nairobi,Ruaraka,0.000583416833502,2025.0,2.0,2025-02,0.3869714176674131
Nairobi,Starehe,0.00136813789598,2025.0,2.0,2025-02,0.3089039512491328
Nairobi,Westlands,0.00590790301496,2025.0,2.0,2025-02,0.6271952204380639
Turkana,Loima,0.792863767753,2025.0,2.0,2025-02,0.2313342528580078
Turkana,Turkana Central,0.538281501213,2025.0,2.0,2025-02,0.139161799780126
Turkana,Turkana East,0.909087463502,2025.0,2.0,2025-02,0.1902945508593494
Turkana,Turkana North,1.66897152383,2025.0,2.0,2025-02,0.2038315476638657
Turkana,Turkana South,0.603285539944,2025.0,2.0,2025-02,0.1843887867894518
Turkana,Turkana West,1.19593592043,2025.0,2.0,2025-02,0.2607534427140507
Kiambu,Gatundu North,0.0190562071078,2025.0,3.0,2025-03,0.7169334638309086
Kiambu,Gatundu South,0.018013492523,2025.0,3.0,2025-03,0.7025928750565484
Kiambu,Githunguri,0.0140557399999,2025.0,3.0,2025-03,0.624675934823421
Kiambu,Juja,0.0303444523402,2025.0,3.0,2025-03,0.5320655522549954
Kiambu,Kabete,0.00456838148631,2025.0,3.0,2025-03,0.5850150692585568
Kiambu,Kiambaa,0.00720464174127,2025.0,3.0,2025-03,0.5703291716778974
Kiambu,Kiambu,0.00796244668767,2025.0,3.0,2025-03,0.5476873450195048
Kiambu,Kikuyu,0.0141641490709,2025.0,3.0,2025-03,0.5301790427796129
Kiambu,Lari,0.037858207576,2025.0,3.0,2025-03,0.7498244211673624
Kiambu,Limuru,0.0231553754199,2025.0,3.0,2025-03,0.595031302654532
Kiambu,Ruiru,0.0124421280679,2025.0,3.0,2025-03,0.4735009457164939
Kiambu,Thika Town,0.0178033031507,2025.0,3.0,2025-03,0.57211659277162
Machakos,Kangundo,0.013896319438,2025.0,3.0,2025-03,0.6527763890806558
Machakos,Kathiani,0.0167415041685,2025.0,3.0,2025-03,0.6485584593497943
Machakos,Machakos Town,0.0615270519301,2025.0,3.0,2025-03,0.5013560705443691
Machakos,Masinga,0.11427469357,2025.0,3.0,2025-03,0.4642933751634558
Machakos,Matungulu,0.0472449879416,2025.0,3.0,2025-03,0.5808339886051692
Machakos,Mavoko,0.0684719511619,2025.0,3.0,2025-03,0.4486286920278559
Machakos,Mwala,0.0827962943547,2025.0,3.0,2025-03,0.5321339490076545
Machakos,Yatta,0.0862109028544,2025.0,3.0,2025-03,0.4783736859928489
Nairobi,Dagoretti,0.00198642271282,2025.0,3.0,2025-03,0.5133685304134799
Nairobi,Embakasi Central,0.000664901959297,2025.0,3.0,2025-03,0.2046746332609278
Nairobi,Embakasi East,0.00697580217167,2025.0,3.0,2025-03,0.3610123981895324
Nairobi,Embakasi North,0.000441181256097,2025.0,3.0,2025-03,0.2476437418659964
Nairobi,Embakasi South,0.00142609820487,2025.0,3.0,2025-03,0.2648207166837768
Nairobi,Embakasi West,0.000793166442342,2025.0,3.0,2025-03,0.2455514700009983
Nairobi,Kamukunji,0.000718135459802,2025.0,3.0,2025-03,0.2782553624026205
Nairobi,Kasarani,0.0110736011415,2025.0,3.0,2025-03,0.4390004269671752
Nairobi,Kibra,0.00100197842996,2025.0,3.0,2025-03,0.3585513713100999
Nairobi,Kilimani,0.00238546350977,2025.0,3.0,2025-03,0.4232937951542394
Nairobi,Langata,0.0170497156745,2025.0,3.0,2025-03,0.5066948122735425
Nairobi,Makadara,0.000974908477702,2025.0,3.0,2025-03,0.2661776897931008
Nairobi,Mathare,0.000235884309461,2025.0,3.0,2025-03,0.2872275766484669
Nairobi,Roysambu,0.00390887981589,2025.0,3.0,2025-03,0.4687697443009272
Nairobi,Ruaraka,0.000583416833502,2025.0,3.0,2025-03,0.3470636678200693
Nairobi,Starehe,0.00136813789598,2025.0,3.0,2025-03,0.2639052452000924
Nairobi,Westlands,0.00590790301496,2025.0,3.0,2025-03,0.5389033927842025
Turkana,Loima,0.792863767753,2025.0,3.0,2025-03,0.2760796098830383
Turkana,Turkana Central,0.538281501213,2025.0,3.0,2025-03,0.1593107952371938
Turkana,Turkana East,0.909087463502,2025.0,3.0,2025-03,0.2389256481284593
Turkana,Turkana North,1.66897152383,2025.0,3.0,2025-03,0.2933004287766758
Turkana,Turkana South,0.603285539944,2025.0,3.0,2025-03,0.2204174233067929
Turkana,Turkana West,1.19593592043,2025.0,3.0,2025-03,0.382728162988516
Kiambu,Gatundu North,0.0190562071078,2025.0,4.0,2025-04,0.7471372833113965
Kiambu,Gatundu South,0.018013492523,2025.0,4.0,2025-04,0.7399869266050005
Kiambu,Githunguri,0.0140557399999,2025.0,4.0,2025-04,0.7330087192250624
Kiambu,Juja,0.0303444523402,2025.0,4.0,2025-04,0.6485630431013182
Kiambu,Kabete,0.00456838148631,2025.0,4.0,2025-04,0.662135320781032
Kiambu,Kiambaa,0.00720464174127,2025.0,4.0,2025-04,0.6895402291985878
Kiambu,Kiambu,0.00796244668767,2025.0,4.0,2025-04,0.6672514726563468
Kiambu,Kikuyu,0.0141641490709,2025.0,4.0,2025-04,0.6506570753531226
Kiambu,Lari,0.037858207576,2025.0,4.0,2025-04,0.7697188378986456
Kiambu,Limuru,0.0231553754199,2025.0,4.0,2025-04,0.7007077604941726
Kiambu,Ruiru,0.0124421280679,2025.0,4.0,2025-04,0.635424840380036
Kiambu,Thika Town,0.0178033031507,2025.0,4.0,2025-04,0.650717816873629
Machakos,Kangundo,0.013896319438,2025.0,4.0,2025-04,0.758942068059437
Machakos,Kathiani,0.0167415041685,2025.0,4.0,2025-04,0.729063950902616
Machakos,Machakos Town,0.0615270519301,2025.0,4.0,2025-04,0.6502291180057047
Machakos,Masinga,0.11427469357,2025.0,4.0,2025-04,0.6247840665352412
Machakos,Matungulu,0.0472449879416,2025.0,4.0,2025-04,0.6715491788588173
Machakos,Mavoko,0.0684719511619,2025.0,4.0,2025-04,0.5779943322978914
Machakos,Mwala,0.0827962943547,2025.0,4.0,2025-04,0.7151627864655254
Machakos,Yatta,0.0862109028544,2025.0,4.0,2025-04,0.6844563204312387
Nairobi,Dagoretti,0.00198642271282,2025.0,4.0,2025-04,0.5705164465822175
Nairobi,Embakasi Central,0.000664901959297,2025.0,4.0,2025-04,0.2595631386318326
Nairobi,Embakasi East,0.00697580217167,2025.0,4.0,2025-04,0.5426326043061007
Nairobi,Embakasi North,0.000441181256097,2025.0,4.0,2025-04,0.358683545752367
Nairobi,Embakasi South,0.00142609820487,2025.0,4.0,2025-04,0.3235741280763572
Nairobi,Embakasi West,0.000793166442342,2025.0,4.0,2025-04,0.343676806928222
Nairobi,Kamukunji,0.000718135459802,2025.0,4.0,2025-04,0.4641950395022983
Nairobi,Kasarani,0.0110736011415,2025.0,4.0,2025-04,0.60201533723261
Nairobi,Kibra,0.00100197842996,2025.0,4.0,2025-04,0.4593627455819925
Nairobi,Kilimani,0.00238546350977,2025.0,4.0,2025-04,0.5044304112509228
Nairobi,Langata,0.0170497156745,2025.0,4.0,2025-04,0.6234956432100918
Nairobi,Makadara,0.000974908477702,2025.0,4.0,2025-04,0.3678264725589327
Nairobi,Mathare,0.000235884309461,2025.0,4.0,2025-04,0.3560107559848804
Nairobi,Roysambu,0.00390887981589,2025.0,4.0,2025-04,0.5718788833157876
Nairobi,Ruaraka,0.000583416833502,2025.0,4.0,2025-04,0.4720297408236652
Nairobi,Starehe,0.00136813789598,2025.0,4.0,2025-04,0.3487204017753872
Nairobi,Westlands,0.00590790301496,2025.0,4.0,2025-04,0.5997217262402987
Turkana,Loima,0.792863767753,2025.0,4.0,2025-04,0.3460571035201641
Turkana,Turkana Central,0.538281501213,2025.0,4.0,2025-04,0.1520065002548874
Turkana,Turkana East,0.909087463502,2025.0,4.0,2025-04,0.3280700046770542
Turkana,Turkana North,1.66897152383,2025.0,4.0,2025-04,0.3501481784203083
Turkana,Turkana South,0.603285539944,2025.0,4.0,2025-04,0.2814871844329285
Turkana,Turkana West,1.19593592043,2025.0,4.0,2025-04,0.4669256974987376
Kiambu,Gatundu North,0.0190562071078,2025.0,5.0,2025-05,0.7849331215407671
Kiambu,Gatundu South,0.018013492523,2025.0,5.0,2025-05,0.7781229144980437
Kiambu,Githunguri,0.0140557399999,2025.0,5.0,2025-05,0.747190582243351
Kiambu,Juja,0.0303444523402,2025.0,5.0,2025-05,0.5966893815393287
Kiambu,Kabete,0.00456838148631,2025.0,5.0,2025-05,0.6718016760224191
Kiambu,Kiambaa,0.00720464174127,2025.0,5.0,2025-05,0.7009102978730423
Kiambu,Kiambu,0.00796244668767,2025.0,5.0,2025-05,0.6740847064377457
Kiambu,Kikuyu,0.0141641490709,2025.0,5.0,2025-05,0.6597719607928036
Kiambu,Lari,0.037858207576,2025.0,5.0,2025-05,0.7351404614881387
Kiambu,Limuru,0.0231553754199,2025.0,5.0,2025-05,0.6717100449170595
Kiambu,Ruiru,0.0124421280679,2025.0,5.0,2025-05,0.5208127230943381
Kiambu,Thika Town,0.0178033031507,2025.0,5.0,2025-05,0.6212803568630731
Machakos,Kangundo,0.013896319438,2025.0,5.0,2025-05,0.7420594760673174
Machakos,Kathiani,0.0167415041685,2025.0,5.0,2025-05,0.7182613182633469
Machakos,Machakos Town,0.0615270519301,2025.0,5.0,2025-05,0.6406084509571108
Machakos,Masinga,0.11427469357,2025.0,5.0,2025-05,0.5806180277425722
Machakos,Matungulu,0.0472449879416,2025.0,5.0,2025-05,0.6249701815101313
Machakos,Mavoko,0.0684719511619,2025.0,5.0,2025-05,0.5482422484307307
Machakos,Mwala,0.0827962943547,2025.0,5.0,2025-05,0.6575296716026688
Machakos,Yatta,0.0862109028544,2025.0,5.0,2025-05,0.608354477474966
Nairobi,Dagoretti,0.00198642271282,2025.0,5.0,2025-05,0.5838880198374762
Nairobi,Embakasi Central,0.000664901959297,2025.0,5.0,2025-05,0.2542275671735054
Nairobi,Embakasi East,0.00697580217167,2025.0,5.0,2025-05,0.4955304006341177
Nairobi,Embakasi North,0.000441181256097,2025.0,5.0,2025-05,0.340899124893416
Nairobi,Embakasi South,0.00142609820487,2025.0,5.0,2025-05,0.3209412252712189
Nairobi,Embakasi West,0.000793166442342,2025.0,5.0,2025-05,0.3021175326944192
Nairobi,Kamukunji,0.000718135459802,2025.0,5.0,2025-05,0.4240937154182836
Nairobi,Kasarani,0.0110736011415,2025.0,5.0,2025-05,0.5177859636774199
Nairobi,Kibra,0.00100197842996,2025.0,5.0,2025-05,0.4330986829894368
Nairobi,Kilimani,0.00238546350977,2025.0,5.0,2025-05,0.4986167067576877
Nairobi,Langata,0.0170497156745,2025.0,5.0,2025-05,0.6006587981585265
Nairobi,Makadara,0.000974908477702,2025.0,5.0,2025-05,0.3680966152971514
Nairobi,Mathare,0.000235884309461,2025.0,5.0,2025-05,0.3591991096178078
Nairobi,Roysambu,0.00390887981589,2025.0,5.0,2025-05,0.530102128548002
Nairobi,Ruaraka,0.000583416833502,2025.0,5.0,2025-05,0.4312075208630165
Nairobi,Starehe,0.00136813789598,2025.0,5.0,2025-05,0.3287991831482768
Nairobi,Westlands,0.00590790301496,2025.0,5.0,2025-05,0.6220740960164451
Turkana,Loima,0.792863767753,2025.0,5.0,2025-05,0.3741444520232788
Turkana,Turkana Central,0.538281501213,2025.0,5.0,2025-05,0.155625318623828
Turkana,Turkana East,0.909087463502,2025.0,5.0,2025-05,0.3240494637147306
Turkana,Turkana North,1.66897152383,2025.0,5.0,2025-05,0.4184262624432605
Turkana,Turkana South,0.603285539944,2025.0,5.0,2025-05,0.2762457602310228
Turkana,Turkana West,1.19593592043,2025.0,5.0,2025-05,0.5346063114893078
Kiambu,Gatundu North,0.0190562071078,2025.0,6.0,2025-06,0.5593494139805927
Kiambu,Gatundu South,0.018013492523,2025.0,6.0,2025-06,0.5213893905454627
Kiambu,Githunguri,0.0140557399999,2025.0,6.0,2025-06,0.5329198521733501
Kiambu,Juja,0.0303444523402,2025.0,6.0,2025-06,0.4195057922876397
Kiambu,Kabete,0.00456838148631,2025.0,6.0,2025-06,0.4284016238294478
Kiambu,Kiambaa,0.00720464174127,2025.0,6.0,2025-06,0.4556556701045089
Kiambu,Kiambu,0.00796244668767,2025.0,6.0,2025-06,0.4837853231296747
Kiambu,Kikuyu,0.0141641490709,2025.0,6.0,2025-06,0.5078759803195906
Kiambu,Lari,0.037858207576,2025.0,6.0,2025-06,0.5688490023261984
Kiambu,Limuru,0.0231553754199,2025.0,6.0,2025-06,0.449872563903018
Kiambu,Ruiru,0.0124421280679,2025.0,6.0,2025-06,0.3803764574860812
Kiambu,Thika Town,0.0178033031507,2025.0,6.0,2025-06,0.4273562206850567
Machakos,Kangundo,0.013896319438,2025.0,6.0,2025-06,0.5774139211965849
Machakos,Kathiani,0.0167415041685,2025.0,6.0,2025-06,0.55480528323869
Machakos,Machakos Town,0.0615270519301,2025.0,6.0,2025-06,0.5149648049880515
Machakos,Masinga,0.11427469357,2025.0,6.0,2025-06,0.4499013975688974
Machakos,Matungulu,0.0472449879416,2025.0,6.0,2025-06,0.46065956204129
Machakos,Mavoko,0.0684719511619,2025.0,6.0,2025-06,0.3868003115429939
Machakos,Mwala,0.0827962943547,2025.0,6.0,2025-06,0.4968738437457264
Machakos,Yatta,0.0862109028544,2025.0,6.0,2025-06,0.4619920786973791
Nairobi,Dagoretti,0.00198642271282,2025.0,6.0,2025-06,0.518326639678936
Nairobi,Embakasi Central,0.000664901959297,2025.0,6.0,2025-06,0.2261230234772516
Nairobi,Embakasi East,0.00697580217167,2025.0,6.0,2025-06,0.4005500699060741
Nairobi,Embakasi North,0.000441181256097,2025.0,6.0,2025-06,0.2519057308261901
Nairobi,Embakasi South,0.00142609820487,2025.0,6.0,2025-06,0.2590019436197663
Nairobi,Embakasi West,0.000793166442342,2025.0,6.0,2025-06,0.2741236822401915
Nairobi,Kamukunji,0.000718135459802,2025.0,6.0,2025-06,0.373749003496022
Nairobi,Kasarani,0.0110736011415,2025.0,6.0,2025-06,0.3973418689550201
Nairobi,Kibra,0.00100197842996,2025.0,6.0,2025-06,0.3856645700464012
Nairobi,Kilimani,0.00238546350977,2025.0,6.0,2025-06,0.4210707346610372
Nairobi,Langata,0.0170497156745,2025.0,6.0,2025-06,0.5090582336043168
Nairobi,Makadara,0.000974908477702,2025.0,6.0,2025-06,0.3109334876449209
Nairobi,Mathare,0.000235884309461,2025.0,6.0,2025-06,0.3245736959260814
Nairobi,Roysambu,0.00390887981589,2025.0,6.0,2025-06,0.4804241089504801
Nairobi,Ruaraka,0.000583416833502,2025.0,6.0,2025-06,0.3566353975846395
Nairobi,Starehe,0.00136813789598,2025.0,6.0,2025-06,0.3157028293430488
Nairobi,Westlands,0.00590790301496,2025.0,6.0,2025-06,0.4686424309791811
Turkana,Loima,0.792863767753,2025.0,6.0,2025-06,0.32304499776668
Turkana,Turkana Central,0.538281501213,2025.0,6.0,2025-06,0.1332481796278679
Turkana,Turkana East,0.909087463502,2025.0,6.0,2025-06,0.2535507395759786
Turkana,Turkana North,1.66897152383,2025.0,6.0,2025-06,0.3384315265398254
Turkana,Turkana South,0.603285539944,2025.0,6.0,2025-06,0.2268801303879761
Turkana,Turkana West,1.19593592043,2025.0,6.0,2025-06,0.4424042399953333
Kiambu,Gatundu North,0.0190562071078,2025.0,7.0,2025-07,0.7280946843560699
Kiambu,Gatundu South,0.018013492523,2025.0,7.0,2025-07,0.669500917684546
Kiambu,Githunguri,0.0140557399999,2025.0,7.0,2025-07,0.6831929281329427
Kiambu,Juja,0.0303444523402,2025.0,7.0,2025-07,0.4634240504914
Kiambu,Kabete,0.00456838148631,2025.0,7.0,2025-07,0.5572621475350186
Kiambu,Kiambaa,0.00720464174127,2025.0,7.0,2025-07,0.6521538850080458
Kiambu,Kiambu,0.00796244668767,2025.0,7.0,2025-07,0.6204668141724845
Kiambu,Kikuyu,0.0141641490709,2025.0,7.0,2025-07,0.5181971079210437
Kiambu,Lari,0.037858207576,2025.0,7.0,2025-07,0.7480251977686868
Kiambu,Limuru,0.0231553754199,2025.0,7.0,2025-07,0.6332947916542089
Kiambu,Ruiru,0.0124421280679,2025.0,7.0,2025-07,0.3565249340216282
Kiambu,Thika Town,0.0178033031507,2025.0,7.0,2025-07,0.4329176799733319
Machakos,Kangundo,0.013896319438,2025.0,7.0,2025-07,0.4905423370859446
Machakos,Kathiani,0.0167415041685,2025.0,7.0,2025-07,0.4810775289548381
Machakos,Machakos Town,0.0615270519301,2025.0,7.0,2025-07,0.391087036340483
Machakos,Masinga,0.11427469357,2025.0,7.0,2025-07,0.2636771005733212
Machakos,Matungulu,0.0472449879416,2025.0,7.0,2025-07,0.3863462868627041
Machakos,Mavoko,0.0684719511619,2025.0,7.0,2025-07,0.316768984377641
Machakos,Mwala,0.0827962943547,2025.0,7.0,2025-07,0.4289733844237867
Machakos,Yatta,0.0862109028544,2025.0,7.0,2025-07,0.3512765308316091
Nairobi,Dagoretti,0.00198642271282,2025.0,7.0,2025-07,0.4088497052262588
Nairobi,Embakasi Central,0.000664901959297,2025.0,7.0,2025-07,0.2156941827595442
Nairobi,Embakasi East,0.00697580217167,2025.0,7.0,2025-07,0.3280382512421441
Nairobi,Embakasi North,0.000441181256097,2025.0,7.0,2025-07,0.2708909482565182
Nairobi,Embakasi South,0.00142609820487,2025.0,7.0,2025-07,0.239907282678061
Nairobi,Embakasi West,0.000793166442342,2025.0,7.0,2025-07,0.2678849106518917
Nairobi,Kamukunji,0.000718135459802,2025.0,7.0,2025-07,0.3754646461309767
Nairobi,Kasarani,0.0110736011415,2025.0,7.0,2025-07,0.3568092813552904
Nairobi,Kibra,0.00100197842996,2025.0,7.0,2025-07,0.369828986079574
Nairobi,Kilimani,0.00238546350977,2025.0,7.0,2025-07,0.4454164877777682
Nairobi,Langata,0.0170497156745,2025.0,7.0,2025-07,0.4725701690646108
Nairobi,Makadara,0.000974908477702,2025.0,7.0,2025-07,0.2666863525613694
Nairobi,Mathare,0.000235884309461,2025.0,7.0,2025-07,0.3370913775724487
Nairobi,Roysambu,0.00390887981589,2025.0,7.0,2025-07,0.5017252733125477
Nairobi,Ruaraka,0.000583416833502,2025.0,7.0,2025-07,0.3735134405319221
Nairobi,Starehe,0.00136813789598,2025.0,7.0,2025-07,0.2817138358778625
Nairobi,Westlands,0.00590790301496,2025.0,7.0,2025-07,0.5403940551363006
Turkana,Loima,0.792863767753,2025.0,7.0,2025-07,0.2877391151399158
Turkana,Turkana Central,0.538281501213,2025.0,7.0,2025-07,0.1440888171349653
Turkana,Turkana East,0.909087463502,2025.0,7.0,2025-07,0.2563296066837556
Turkana,Turkana North,1.66897152383,2025.0,7.0,2025-07,0.2785149335700101
Turkana,Turkana South,0.603285539944,2025.0,7.0,2025-07,0.21636620904645
Turkana,Turkana West,1.19593592043,2025.0,7.0,2025-07,0.4263568229737726
Kiambu,Gatundu North,0.0190562071078,2025.0,8.0,2025-08,0.7349677846587572
Kiambu,Gatundu South,0.018013492523,2025.0,8.0,2025-08,0.7184475186556512
Kiambu,Githunguri,0.0140557399999,2025.0,8.0,2025-08,0.7029240591250302
Kiambu,Juja,0.0303444523402,2025.0,8.0,2025-08,0.4361200925569223
Kiambu,Kabete,0.00456838148631,2025.0,8.0,2025-08,0.6203335719916487
Kiambu,Kiambaa,0.00720464174127,2025.0,8.0,2025-08,0.6287676197615475
Kiambu,Kiambu,0.00796244668767,2025.0,8.0,2025-08,0.5843881064427165
Kiambu,Kikuyu,0.0141641490709,2025.0,8.0,2025-08,0.5831611989240862
Kiambu,Lari,0.037858207576,2025.0,8.0,2025-08,0.7699066313905147
Kiambu,Limuru,0.0231553754199,2025.0,8.0,2025-08,0.6317805969065489
Kiambu,Ruiru,0.0124421280679,2025.0,8.0,2025-08,0.3316927320451391
Kiambu,Thika Town,0.0178033031507,2025.0,8.0,2025-08,0.4367880935633519
Machakos,Kangundo,0.013896319438,2025.0,8.0,2025-08,0.5374611033218372
Machakos,Kathiani,0.0167415041685,2025.0,8.0,2025-08,0.5013733764967783
Machakos,Machakos Town,0.0615270519301,2025.0,8.0,2025-08,0.3869095436567064
Machakos,Masinga,0.11427469357,2025.0,8.0,2025-08,0.3368058781747933
Machakos,Matungulu,0.0472449879416,2025.0,8.0,2025-08,0.3988736824962631
Machakos,Mavoko,0.0684719511619,2025.0,8.0,2025-08,0.3172821073877967
Machakos,Mwala,0.0827962943547,2025.0,8.0,2025-08,0.3823241866275953
Machakos,Yatta,0.0862109028544,2025.0,8.0,2025-08,0.3476187957013676
Nairobi,Dagoretti,0.00198642271282,2025.0,8.0,2025-08,0.4824877071383051
Nairobi,Embakasi Central,0.000664901959297,2025.0,8.0,2025-08,0.1885410435325974
Nairobi,Embakasi East,0.00697580217167,2025.0,8.0,2025-08,0.31171182391043
Nairobi,Embakasi North,0.000441181256097,2025.0,8.0,2025-08,0.2704233204685184
Nairobi,Embakasi South,0.00142609820487,2025.0,8.0,2025-08,0.2296558669293304
Nairobi,Embakasi West,0.000793166442342,2025.0,8.0,2025-08,0.2380419187381451
Nairobi,Kamukunji,0.000718135459802,2025.0,8.0,2025-08,0.3120742794615574
Nairobi,Kasarani,0.0110736011415,2025.0,8.0,2025-08,0.3357218719741602
Nairobi,Kibra,0.00100197842996,2025.0,8.0,2025-08,0.3610857290946787
Nairobi,Kilimani,0.00238546350977,2025.0,8.0,2025-08,0.3956119265256013
Nairobi,Langata,0.0170497156745,2025.0,8.0,2025-08,0.4754560940761256
Nairobi,Makadara,0.000974908477702,2025.0,8.0,2025-08,0.2691618068668654
Nairobi,Mathare,0.000235884309461,2025.0,8.0,2025-08,0.2945337295254095
Nairobi,Roysambu,0.00390887981589,2025.0,8.0,2025-08,0.4629491155302263
Nairobi,Ruaraka,0.000583416833502,2025.0,8.0,2025-08,0.3501620004749305
Nairobi,Starehe,0.00136813789598,2025.0,8.0,2025-08,0.2601211730858199
Nairobi,Westlands,0.00590790301496,2025.0,8.0,2025-08,0.5684527710444023
Turkana,Loima,0.792863767753,2025.0,8.0,2025-08,0.3204503366682008
Turkana,Turkana Central,0.538281501213,2025.0,8.0,2025-08,0.149478539901625
Turkana,Turkana East,0.909087463502,2025.0,8.0,2025-08,0.2987178130811593
Turkana,Turkana North,1.66897152383,2025.0,8.0,2025-08,0.3508302397348599
Turkana,Turkana South,0.603285539944,2025.0,8.0,2025-08,0.2597048855287736
Turkana,Turkana West,1.19593592043,2025.0,8.0,2025-08,0.5042075077568858
Kiambu,Gatundu North,0.0190562071078,2025.0,9.0,2025-09,0.7507533098081298
Kiambu,Gatundu South,0.018013492523,2025.0,9.0,2025-09,0.7393427063980433
Kiambu,Githunguri,0.0140557399999,2025.0,9.0,2025-09,0.719393615194732
Kiambu,Juja,0.0303444523402,2025.0,9.0,2025-09,0.4281976500619588
Kiambu,Kabete,0.00456838148631,2025.0,9.0,2025-09,0.6030567928826978
Kiambu,Kiambaa,0.00720464174127,2025.0,9.0,2025-09,0.6484258234893543
Kiambu,Kiambu,0.00796244668767,2025.0,9.0,2025-09,0.5913243052898355
Kiambu,Kikuyu,0.0141641490709,2025.0,9.0,2025-09,0.5330193890861157
Kiambu,Lari,0.037858207576,2025.0,9.0,2025-09,0.7707978278623434
Kiambu,Limuru,0.0231553754199,2025.0,9.0,2025-09,0.6088106737815256
Kiambu,Ruiru,0.0124421280679,2025.0,9.0,2025-09,0.3328672054105445
Kiambu,Thika Town,0.0178033031507,2025.0,9.0,2025-09,0.4173938096508047
Machakos,Kangundo,0.013896319438,2025.0,9.0,2025-09,0.5068808183387832
Machakos,Kathiani,0.0167415041685,2025.0,9.0,2025-09,0.4736943439699968
Machakos,Machakos Town,0.0615270519301,2025.0,9.0,2025-09,0.3748041306160021
Machakos,Masinga,0.11427469357,2025.0,9.0,2025-09,0.3155928701761134
Machakos,Matungulu,0.0472449879416,2025.0,9.0,2025-09,0.3686592476137966
Machakos,Mavoko,0.0684719511619,2025.0,9.0,2025-09,0.3512266178092988
Machakos,Mwala,0.0827962943547,2025.0,9.0,2025-09,0.3615380959610537
Machakos,Yatta,0.0862109028544,2025.0,9.0,2025-09,0.3323605930007261
Nairobi,Dagoretti,0.00198642271282,2025.0,9.0,2025-09,0.4636081331660285
Nairobi,Embakasi Central,0.000664901959297,2025.0,9.0,2025-09,0.1761037209509924
Nairobi,Embakasi East,0.00697580217167,2025.0,9.0,2025-09,0.3036224622535564
Nairobi,Embakasi North,0.000441181256097,2025.0,9.0,2025-09,0.2358312076470851
Nairobi,Embakasi South,0.00142609820487,2025.0,9.0,2025-09,0.246695417718709
Nairobi,Embakasi West,0.000793166442342,2025.0,9.0,2025-09,0.2271177610562044
Nairobi,Kamukunji,0.000718135459802,2025.0,9.0,2025-09,0.3059731095328543
Nairobi,Kasarani,0.0110736011415,2025.0,9.0,2025-09,0.3292410845144902
Nairobi,Kibra,0.00100197842996,2025.0,9.0,2025-09,0.3674591657616747
Nairobi,Kilimani,0.00238546350977,2025.0,9.0,2025-09,0.428034421320681
Nairobi,Langata,0.0170497156745,2025.0,9.0,2025-09,0.4677151037974557
Nairobi,Makadara,0.000974908477702,2025.0,9.0,2025-09,0.271639569754929
Nairobi,Mathare,0.000235884309461,2025.0,9.0,2025-09,0.2669371314573709
Nairobi,Roysambu,0.00390887981589,2025.0,9.0,2025-09,0.4609723832854199
Nairobi,Ruaraka,0.000583416833502,2025.0,9.0,2025-09,0.344448093493453
Nairobi,Starehe,0.00136813789598,2025.0,9.0,2025-09,0.2600809283194537
Nairobi,Westlands,0.00590790301496,2025.0,9.0,2025-09,0.5699300745284221
Turkana,Loima,0.792863767753,2025.0,9.0,2025-09,0.3119912731472327
Turkana,Turkana Central,0.538281501213,2025.0,9.0,2025-09,0.1477268565983169
Turkana,Turkana East,0.909087463502,2025.0,9.0,2025-09,0.2754504686664419
Turkana,Turkana North,1.66897152383,2025.0,9.0,2025-09,0.3680862949327342
Turkana,Turkana South,0.603285539944,2025.0,9.0,2025-09,0.246311334740185
Turkana,Turkana West,1.19593592043,2025.0,9.0,2025-09,0.4616319723924836
Kiambu,Gatundu North,0.0190562071078,2025.0,10.0,2025-10,0.6495461506761733
Kiambu,Gatundu South,0.018013492523,2025.0,10.0,2025-10,0.6583015883107368
Kiambu,Githunguri,0.0140557399999,2025.0,10.0,2025-10,0.6036559534788771
Kiambu,Juja,0.0303444523402,2025.0,10.0,2025-10,0.4233639390580977
Kiambu,Kabete,0.00456838148631,2025.0,10.0,2025-10,0.6096882186820518
Kiambu,Kiambaa,0.00720464174127,2025.0,10.0,2025-10,0.5986383931660539
Kiambu,Kiambu,0.00796244668767,2025.0,10.0,2025-10,0.5817162148731592
Kiambu,Kikuyu,0.0141641490709,2025.0,10.0,2025-10,0.5203926414930967
Kiambu,Lari,0.037858207576,2025.0,10.0,2025-10,0.7167975516915623
Kiambu,Limuru,0.0231553754199,2025.0,10.0,2025-10,0.5466413907545012
Kiambu,Ruiru,0.0124421280679,2025.0,10.0,2025-10,0.3210828530955787
Kiambu,Thika Town,0.0178033031507,2025.0,10.0,2025-10,0.3852228465705485
Machakos,Kangundo,0.013896319438,2025.0,10.0,2025-10,0.4785479181760857
Machakos,Kathiani,0.0167415041685,2025.0,10.0,2025-10,0.4287347699091831
Machakos,Machakos Town,0.0615270519301,2025.0,10.0,2025-10,0.3558208245607766
Machakos,Masinga,0.11427469357,2025.0,10.0,2025-10,0.3146256059141112
Machakos,Matungulu,0.0472449879416,2025.0,10.0,2025-10,0.3456929274851206
Machakos,Mavoko,0.0684719511619,2025.0,10.0,2025-10,0.3314712000175633
Machakos,Mwala,0.0827962943547,2025.0,10.0,2025-10,0.3627759748571639
Machakos,Yatta,0.0862109028544,2025.0,10.0,2025-10,0.3305792300041631
Nairobi,Dagoretti,0.00198642271282,2025.0,10.0,2025-10,0.4679630168499042
Nairobi,Embakasi Central,0.000664901959297,2025.0,10.0,2025-10,0.1927090397833784
Nairobi,Embakasi East,0.00697580217167,2025.0,10.0,2025-10,0.356490988780996
Nairobi,Embakasi North,0.000441181256097,2025.0,10.0,2025-10,0.2478550643988691
Nairobi,Embakasi South,0.00142609820487,2025.0,10.0,2025-10,0.241202380622069
Nairobi,Embakasi West,0.000793166442342,2025.0,10.0,2025-10,0.2488534840770689
Nairobi,Kamukunji,0.000718135459802,2025.0,10.0,2025-10,0.3393282379497343
Nairobi,Kasarani,0.0110736011415,2025.0,10.0,2025-10,0.3472996185878999
Nairobi,Kibra,0.00100197842996,2025.0,10.0,2025-10,0.3542647842827526
Nairobi,Kilimani,0.00238546350977,2025.0,10.0,2025-10,0.4212569472208625
Nairobi,Langata,0.0170497156745,2025.0,10.0,2025-10,0.4581054170983595
Nairobi,Makadara,0.000974908477702,2025.0,10.0,2025-10,0.2861721589409355
Nairobi,Mathare,0.000235884309461,2025.0,10.0,2025-10,0.3076832675346494
Nairobi,Roysambu,0.00390887981589,2025.0,10.0,2025-10,0.4521211842531475
Nairobi,Ruaraka,0.000583416833502,2025.0,10.0,2025-10,0.3442246556754191
Nairobi,Starehe,0.00136813789598,2025.0,10.0,2025-10,0.2761825526254911
Nairobi,Westlands,0.00590790301496,2025.0,10.0,2025-10,0.5577083745706076
Turkana,Loima,0.792863767753,2025.0,10.0,2025-10,0.3133121101490282
Turkana,Turkana Central,0.538281501213,2025.0,10.0,2025-10,0.1565990302249022
Turkana,Turkana East,0.909087463502,2025.0,10.0,2025-10,0.2460160505329041
Turkana,Turkana North,1.66897152383,2025.0,10.0,2025-10,0.3694268238677231
Turkana,Turkana South,0.603285539944,2025.0,10.0,2025-10,0.2308053121742548
Turkana,Turkana West,1.19593592043,2025.0,10.0,2025-10,0.4974086971064109
Kiambu,Gatundu North,0.0190562071078,2025.0,11.0,2025-11,0.8013526713682465
Kiambu,Gatundu South,0.018013492523,2025.0,11.0,2025-11,0.7974397839172677
Kiambu,Githunguri,0.0140557399999,2025.0,11.0,2025-11,0.7837951054235942
Kiambu,Juja,0.0303444523402,2025.0,11.0,2025-11,0.5514335578648607
Kiambu,Kabete,0.00456838148631,2025.0,11.0,2025-11,0.6558578962984138
Kiambu,Kiambaa,0.00720464174127,2025.0,11.0,2025-11,0.7073807868043998
Kiambu,Kiambu,0.00796244668767,2025.0,11.0,2025-11,0.6824017403781643
Kiambu,Kikuyu,0.0141641490709,2025.0,11.0,2025-11,0.5994219643540456
Kiambu,Lari,0.037858207576,2025.0,11.0,2025-11,0.809107094305097
Kiambu,Limuru,0.0231553754199,2025.0,11.0,2025-11,0.662630965862009
Kiambu,Ruiru,0.0124421280679,2025.0,11.0,2025-11,0.4731853808621386
Kiambu,Thika Town,0.0178033031507,2025.0,11.0,2025-11,0.5184624393143865
Machakos,Kangundo,0.013896319438,2025.0,11.0,2025-11,0.5192719545558719
Machakos,Kathiani,0.0167415041685,2025.0,11.0,2025-11,0.488558883835627
Machakos,Machakos Town,0.0615270519301,2025.0,11.0,2025-11,0.4884793071682105
Machakos,Masinga,0.11427469357,2025.0,11.0,2025-11,0.4861863401305969
Machakos,Matungulu,0.0472449879416,2025.0,11.0,2025-11,0.4903006700920646
Machakos,Mavoko,0.0684719511619,2025.0,11.0,2025-11,0.4801822328051922
Machakos,Mwala,0.0827962943547,2025.0,11.0,2025-11,0.4609136466743614
Machakos,Yatta,0.0862109028544,2025.0,11.0,2025-11,0.459995376996486
Nairobi,Dagoretti,0.00198642271282,2025.0,11.0,2025-11,0.5139456217136714
Nairobi,Embakasi Central,0.000664901959297,2025.0,11.0,2025-11,0.2119773172255779
Nairobi,Embakasi East,0.00697580217167,2025.0,11.0,2025-11,0.4105682727102577
Nairobi,Embakasi North,0.000441181256097,2025.0,11.0,2025-11,0.2908971570255352
Nairobi,Embakasi South,0.00142609820487,2025.0,11.0,2025-11,0.2727721386753973
Nairobi,Embakasi West,0.000793166442342,2025.0,11.0,2025-11,0.2775133498053307
Nairobi,Kamukunji,0.000718135459802,2025.0,11.0,2025-11,0.3736800176177498
Nairobi,Kasarani,0.0110736011415,2025.0,11.0,2025-11,0.4654682032721053
Nairobi,Kibra,0.00100197842996,2025.0,11.0,2025-11,0.4169047151742525
Nairobi,Kilimani,0.00238546350977,2025.0,11.0,2025-11,0.4871383969674597
Nairobi,Langata,0.0170497156745,2025.0,11.0,2025-11,0.5505856998163405
Nairobi,Makadara,0.000974908477702,2025.0,11.0,2025-11,0.3118129875535524
Nairobi,Mathare,0.000235884309461,2025.0,11.0,2025-11,0.3201302267954641
Nairobi,Roysambu,0.00390887981589,2025.0,11.0,2025-11,0.5364066549074787
Nairobi,Ruaraka,0.000583416833502,2025.0,11.0,2025-11,0.4263283618291612
Nairobi,Starehe,0.00136813789598,2025.0,11.0,2025-11,0.3158634831135785
Nairobi,Westlands,0.00590790301496,2025.0,11.0,2025-11,0.6230952889064475
Turkana,Loima,0.792863767753,2025.0,11.0,2025-11,0.3101319864950537
Turkana,Turkana Central,0.538281501213,2025.0,11.0,2025-11,0.1486606297918241
Turkana,Turkana East,0.909087463502,2025.0,11.0,2025-11,0.2468844328766952
Turkana,Turkana North,1.66897152383,2025.0,11.0,2025-11,0.3012667676675327
Turkana,Turkana South,0.603285539944,2025.0,11.0,2025-11,0.2504745033244918
Turkana,Turkana West,1.19593592043,2025.0,11.0,2025-11,0.4574675132453525
Kiambu,Gatundu North,0.0190562071078,2025.0,12.0,2025-12,0.7865067543524563
Kiambu,Gatundu South,0.018013492523,2025.0,12.0,2025-12,0.7705794488073127
Kiambu,Githunguri,0.0140557399999,2025.0,12.0,2025-12,0.7432738219887918
Kiambu,Juja,0.0303444523402,2025.0,12.0,2025-12,0.5037036428928559
Kiambu,Kabete,0.00456838148631,2025.0,12.0,2025-12,0.6094461180124225
Kiambu,Kiambaa,0.00720464174127,2025.0,12.0,2025-12,0.6936022377547488
Kiambu,Kiambu,0.00796244668767,2025.0,12.0,2025-12,0.6369037218923155
Kiambu,Kikuyu,0.0141641490709,2025.0,12.0,2025-12,0.537670001340705
Kiambu,Lari,0.037858207576,2025.0,12.0,2025-12,0.7923226524569307
Kiambu,Limuru,0.0231553754199,2025.0,12.0,2025-12,0.6122470412232326
Kiambu,Ruiru,0.0124421280679,2025.0,12.0,2025-12,0.3828470106233129
Kiambu,Thika Town,0.0178033031507,2025.0,12.0,2025-12,0.5300120655610187
Machakos,Kangundo,0.013896319438,2025.0,12.0,2025-12,0.6178269457093118
Machakos,Kathiani,0.0167415041685,2025.0,12.0,2025-12,0.5614052181331378
Machakos,Machakos Town,0.0615270519301,2025.0,12.0,2025-12,0.4961832331903678
Machakos,Masinga,0.11427469357,2025.0,12.0,2025-12,0.4959460565545507
Machakos,Matungulu,0.0472449879416,2025.0,12.0,2025-12,0.5240136049914859
Machakos,Mavoko,0.0684719511619,2025.0,12.0,2025-12,0.3857285364946851
Machakos,Mwala,0.0827962943547,2025.0,12.0,2025-12,0.490549777512016
Machakos,Yatta,0.0862109028544,2025.0,12.0,2025-12,0.5135568105777204
Nairobi,Dagoretti,0.00198642271282,2025.0,12.0,2025-12,0.4811367456381453
Nairobi,Embakasi Central,0.000664901959297,2025.0,12.0,2025-12,0.2044972416460856
Nairobi,Embakasi East,0.00697580217167,2025.0,12.0,2025-12,0.3245899068675277
Nairobi,Embakasi North,0.000441181256097,2025.0,12.0,2025-12,0.2628228559888704
Nairobi,Embakasi South,0.00142609820487,2025.0,12.0,2025-12,0.2446022925279539
Nairobi,Embakasi West,0.000793166442342,2025.0,12.0,2025-12,0.2512084456424079
Nairobi,Kamukunji,0.000718135459802,2025.0,12.0,2025-12,0.3506150136262281
Nairobi,Kasarani,0.0110736011415,2025.0,12.0,2025-12,0.3862169873982158
Nairobi,Kibra,0.00100197842996,2025.0,12.0,2025-12,0.3829736943429758
Nairobi,Kilimani,0.00238546350977,2025.0,12.0,2025-12,0.4652740658101013
Nairobi,Langata,0.0170497156745,2025.0,12.0,2025-12,0.4605964280286195
Nairobi,Makadara,0.000974908477702,2025.0,12.0,2025-12,0.2909455970437147
Nairobi,Mathare,0.000235884309461,2025.0,12.0,2025-12,0.3280592524149517
Nairobi,Roysambu,0.00390887981589,2025.0,12.0,2025-12,0.5027217987002468
Nairobi,Ruaraka,0.000583416833502,2025.0,12.0,2025-12,0.3737448300427439
Nairobi,Starehe,0.00136813789598,2025.0,12.0,2025-12,0.3039619556731434
Nairobi,Westlands,0.00590790301496,2025.0,12.0,2025-12,0.6033088893390202
Turkana,Loima,0.792863767753,2025.0,12.0,2025-12,0.2614502818399065
Turkana,Turkana Central,0.538281501213,2025.0,12.0,2025-12,0.1387530780332609
Turkana,Turkana East,0.909087463502,2025.0,12.0,2025-12,0.2298270487232404
Turkana,Turkana North,1.66897152383,2025.0,12.0,2025-12,0.2596906862570183
Turkana,Turkana South,0.603285539944,2025.0,12.0,2025-12,0.221087160433874
Turkana,Turkana West,1.19593592043,2025.0,12.0,2025-12,0.3612958642807217
